"scenario","layout","mechanism","error_fraction","treated_fraction","heterogeneity"
"independent_y","y","independent",0.3,0.5,0.8
"covariate_y","y","covariate",0.3,0.5,0.8
"assignment_y","y","assignment",0.3,0.5,0.8
"outcome_y","y","outcome",0.3,0.5,0.8
"independent_t","t","independent",0.3,0.5,0.8
"outcome_t","t","outcome",0.3,0.5,0.8
"covariate_x","x","covariate",0.3,0.5,0.8
"joint_xy","xy","covariate",0.3,0.5,0.8
"joint_ty","ty","independent",0.3,0.5,0.8
"selection","y","selection",0.3,0.5,0.8
"missing_edges","y","missing",0.3,0.5,0.8
"duplicate_reuse","y","duplicate",0.3,0.5,0.8
"unequal_arms","y","independent",0.3,0.25,0.8
"high_error","y","independent",0.6,0.5,0.8
"homogeneous","y","independent",0.3,0.5,0
"identifiers","y","identifier",0.3,0.5,0.8
