"year","linkage","source_id","source_name","block","old_target","new_target","old_name","new_name","old_distance","new_distance","new_rank","old_y","new_y","weight","contribution","new_previously_unused","old_missing_years","new_missing_years","old_gp_distance","new_gp_distance","distance_loss"
2005,"budget_43_minimum","SAWAIMADHOPURBONLIbonli","bonli","bonli","rajasthan sawai madhopur bonli बल","rajasthan sawai madhopur bonli chandnoli","Bauli","Chandnoli",0.0579710144927536,0.091372663836432,8,493,0,0.000808716619397147,-0.398697293362793,TRUE,0,4,0.266666666666667,0.562962962962963,0.0334016493436784
2005,"budget_43_minimum","BARMERSINDHARIhodu","hodu","sindhari","rajasthan barmer sindhari हड","rajasthan barmer sindhari चड क ढण","Hodu","Chadi",5.55111512312578e-17,0.0896686159844055,5,544,0,0.000727844957457432,-0.395947656856843,TRUE,0,0,5.55111512312578e-17,0.366666666666667,0.0896686159844055
2005,"budget_43_minimum","BARMERSINDHARIkamthai","kamthai","sindhari","rajasthan barmer sindhari कमठई","rajasthan barmer sindhari अणखय","Kamathāī","ankhia",0.0389610389610391,0.083500417710944,3,470,0,0.000727844957457432,-0.342087130004993,TRUE,0,0,0.113095238095238,0.284126984126984,0.044539378749905
2005,"budget_43_minimum","BHARATPURKAMANpai","pai","kaman","rajasthan bharatpur kaman पई","rajasthan bharatpur kaman bamni","Pai","Bamni",5.55111512312578e-17,0.0722394220846233,2,290,0,0.000727844957457432,-0.211075037662655,FALSE,0,4,5.55111512312578e-17,0.488888888888889,0.0722394220846233
2005,"budget_43_minimum","DUNGARPURBICHHIWARAbichhiwara","bichhiwara","bichhiwara","rajasthan dungarpur bichhiwara बछवड","rajasthan dungarpur bichhiwara छप","Bichhīvāḍā","Chhapi",0.045977011494253,0.0985823754789274,2,351,66,0.000661677234052211,-0.18857801170488,FALSE,0,0,0.133333333333333,0.355555555555556,0.0526053639846743
2005,"budget_43_minimum","SAWAIMADHOPURBONLIthadoli","thadoli","bonli","rajasthan sawai madhopur bonli थडल","rajasthan sawai madhopur bonli बल","Thaḍōlī","Bauli",5.55111512312578e-17,0.0823188405797102,9,31,493,-0.000404358309698573,-0.186813539080741,FALSE,0,0,5.55111512312578e-17,0.323809523809524,0.0823188405797102
2005,"budget_43_minimum","BHARATPURNADBAIgagwana","gagwana","nadbai","rajasthan bharatpur nadbai गगवन","rajasthan bharatpur nadbai नम","Gangwana","Naam",0.0447957839262188,0.0966684387737021,2,307,8,0.00060653746454786,-0.18135470189981,FALSE,0,0,0.136904761904762,0.404761904761905,0.0518726548474833
2005,"budget_43_minimum","JHUNJHUNUKHETRIhardiya","hardiya","khetri","rajasthan jhunjhunu khetri हरडय","rajasthan jhunjhunu khetri मदर","Hardia","Māndarī",0.0151515151515152,0.093939393939394,4,5,276,-0.00060653746454786,-0.16437165289247,FALSE,0,0,0.0476190476190477,0.369047619047619,0.0787878787878788
2005,"budget_43_minimum","JHUNJHUNUKHETRImandri","mandri","khetri","rajasthan jhunjhunu khetri मदर","rajasthan jhunjhunu khetri हरडय","Māndarī","Hardia",0.0151515151515152,0.0810359231411863,2,276,5,0.00060653746454786,-0.16437165289247,FALSE,0,0,0.0476190476190477,0.305555555555556,0.0658844079896711
2005,"budget_43_minimum","JAIPURSANGANERlakhana","lakhana","sanganer","rajasthan jaipur sanganer लखन","rajasthan jaipur sanganer कलवड","Lākhanā","Kalvāḍā",5.55111512312578e-17,0.0810359231411863,2,211,11,0.000808716619397147,-0.161743323879429,FALSE,0,0,5.55111512312578e-17,0.257142857142857,0.0810359231411863
2005,"budget_43_minimum","JHUNJHUNUSURAJGARHjakhod","jakhod","surajgarh","rajasthan jhunjhunu surajgarh जखद","rajasthan jhunjhunu surajgarh सजडल","Jakhod","Sujadola",5.55111512312578e-17,0.0942113442113443,8,239,3,0.000673930516164289,-0.159047601814772,FALSE,0,0,5.55111512312578e-17,0.361111111111111,0.0942113442113442
2005,"budget_43_minimum","GANGANAGARANUPGARH6 apd","6 apd","anupgarh","rajasthan sri ganganagar anupgarh 6 प","rajasthan sri ganganagar anupgarh 12 ab","6 पी","12 A_B",0.0621212121212122,0.0909090909090909,3,192,0,0.000808716619397147,-0.155273590924252,TRUE,0,4,0.416666666666667,0.5,0.0287878787878787
2005,"budget_43_minimum","DAUSASIKRAIsikandara","sikandara","sikrai","rajasthan dausa sikrai सकनदर","rajasthan dausa sikrai नदर","Sikandara","Naandari",5.55111512312578e-17,0.078654970760234,2,230,31,0.000771956773060913,-0.153619397839122,FALSE,0,0,5.55111512312578e-17,0.273148148148148,0.0786549707602339
2005,"budget_43_minimum","DAUSASIKRAImanpur","manpur","sikrai","rajasthan dausa sikrai मनपर","rajasthan dausa sikrai ganipur","Mānapur","Ganipur",0.0185185185185185,0.0566448801742921,2,167,0,0.00090980619682179,-0.151937634869239,TRUE,0,4,0.0476190476190477,0.150793650793651,0.0381263616557736
2005,"budget_43_minimum","SAWAIMADHOPURBONLIbhadoti","bhadoti","bonli","rajasthan sawai madhopur bonli भडत","rajasthan sawai madhopur bonli bharja nadi","Bhadoti","Bharja Nadi",5.55111512312578e-17,0.0861904761904762,10,187,0,0.000808716619397147,-0.151230007827266,TRUE,0,4,5.55111512312578e-17,0.342857142857143,0.0861904761904762
2005,"budget_43_minimum","BHARATPURKAMANbamanwadi","bamanwadi","kaman","rajasthan bharatpur kaman bamni","rajasthan bharatpur kaman भडर","Bamni","Bhandara",0.0579710144927536,0.0987812911725955,2,0,150,-0.000970459943276576,-0.145568991491486,TRUE,4,0,0.251851851851852,0.277777777777778,0.0408102766798419
2005,"budget_43_minimum","BIKANERNOKHAlalamdesar bada","lalamdesar bada","nokha","rajasthan bikaner nokha ललमदसर बड","rajasthan bikaner nokha ललसर","Lālmadesar Bada","Lālāsar",0.0128205128205128,0.0897435897435898,2,143,0,0.000970459943276576,-0.13877577188855,TRUE,0,0,0.0238095238095238,0.166666666666667,0.0769230769230769
2005,"budget_43_minimum","BARMERSINDHARIkarna","karna","sindhari","rajasthan barmer sindhari करन","rajasthan barmer sindhari manawas","Karanā","Manawas",0.0342105263157895,0.0985797827903092,11,212,0,0.000653194192590003,-0.138477168829081,TRUE,0,4,0.122222222222222,0.323809523809524,0.0643692564745197
2005,"budget_43_minimum","BARMERSINDHARInokhda","nokhda","sindhari","rajasthan barmer sindhari नखड़","rajasthan barmer sindhari नकड़","Nokhda","Nakora",5.55111512312578e-17,0.0851851851851852,6,207,0,0.000653194192590003,-0.135211197866131,FALSE,0,0,5.55111512312578e-17,0.305555555555556,0.0851851851851852
2005,"budget_43_minimum","JAISALMERSAMchelak","chelak","sam","rajasthan jaisalmer sam चलक","rajasthan jaisalmer sam लख","Chelak","Lakhā",5.55111512312578e-17,0.0983115468409587,2,219,86,0.00101089577424643,-0.134449137974776,FALSE,0,0,5.55111512312578e-17,0.422222222222222,0.0983115468409587
2005,"budget_43_minimum","JHUNJHUNUSURAJGARHsujdola","sujdola","surajgarh","rajasthan jhunjhunu surajgarh सजडल","rajasthan jhunjhunu surajgarh जखद","Sujadola","Jakhod",0.0394871794871795,0.082929292929293,2,3,239,-0.000539144412931431,-0.127238081451818,FALSE,0,0,0.136904761904762,0.468253968253968,0.0434421134421135
2005,"budget_43_minimum","BARMERSINDHARIdhanva","dhanva","sindhari","rajasthan barmer sindhari धनव","rajasthan barmer sindhari भट","Dhanva","Bhata",5.55111512312578e-17,0.0850877192982456,6,174,0,0.000727844957457432,-0.126645022597593,TRUE,0,0,5.55111512312578e-17,0.3,0.0850877192982455
2005,"budget_43_minimum","JAISALMERSAMchhatgarh","chhatgarh","sam","rajasthan jaisalmer sam छतगर","rajasthan jaisalmer sam hataar","Chhatangar","Hataar",0.062842712842713,0.0820105820105821,2,150,0,0.000808716619397147,-0.121307492909572,TRUE,0,4,0.14537037037037,0.203703703703704,0.019167869167869
2005,"budget_43_minimum","JHUNJHUNUNAWALGARHkumawas","kumawas","nawalgarh","rajasthan jhunjhunu nawalgarh कमवस","rajasthan jhunjhunu nawalgarh rampura","kumāvās","Rampura",0.0266666666666667,0.0951515151515151,7,147,0,0.000808716619397147,-0.118881343051381,TRUE,0,0,0.0952380952380952,0.492063492063492,0.0684848484848484
2005,"budget_43_minimum","BARMERSINDHARInosar","nosar","sindhari","rajasthan barmer sindhari नकड़","rajasthan barmer sindhari सरल","Nakora","Sarli",0.0693957115009747,0.0701754385964912,2,0,198,-0.000559880736505717,-0.110856385828132,TRUE,0,0,0.261111111111111,1,0.000779727095516464
2005,"budget_43_minimum","BARMERSINDHARIsanpa manji","sanpa manji","sindhari","rajasthan barmer sindhari सणप मनज","rajasthan barmer sindhari सरण पनज","Sanapa Manji","Sarannu Panji",0.0411111111111112,0.0885823114083984,3,161,0,0.000653194192590003,-0.105164265006991,TRUE,0,0,0.096969696969697,0.209259259259259,0.0474712002972872
2005,"budget_43_minimum","DUNGARPURDUNGARPURvasi","vasi","dungarpur","rajasthan dungarpur dungarpur वगदर","rajasthan dungarpur dungarpur मतल","Vāgdarī","Mētālī",0.0684848484848486,0.085858585858586,3,0,198,-0.000519889255326737,-0.102938072554694,TRUE,4,0,0.404761904761905,0.388888888888889,0.0173737373737374
2005,"budget_43_minimum","CHURURAJGARHrampura","rampura","rajgarh","rajasthan churu rajgarh रमपर","rajasthan churu rajgarh manpura","Rāmpurā","Manpura",5.55111512312578e-17,0.0721247563352827,2,123,0,0.000829998635697072,-0.10208983219074,TRUE,0,0,5.55111512312578e-17,0.150793650793651,0.0721247563352826
2005,"budget_43_minimum","DUNGARPURBICHHIWARAchhapi","chhapi","bichhiwara","rajasthan dungarpur bichhiwara छप","rajasthan dungarpur bichhiwara बछवड","Chhapi","Bichhīvāḍā",5.55111512312578e-17,0.0985823754789274,6,66,351,-0.000330838617026106,-0.0942890058524401,FALSE,0,0,5.55111512312578e-17,0.355555555555556,0.0985823754789273
2005,"budget_43_minimum","CHURURATANGARHdaudsar","daudsar","ratangarh","rajasthan churu ratangarh दउदसर","rajasthan churu ratangarh पबसर","Daoudsar","Pabusr",0.0151515151515152,0.080952380952381,4,134,0,0.000693185673768983,-0.0928868802850437,TRUE,0,0,0.0416666666666667,0.253968253968254,0.0658008658008658
2005,"budget_43_minimum","SAWAIMADHOPURBONLIkodyai","kodyai","bonli","rajasthan sawai madhopur bonli कडयई","rajasthan sawai madhopur bonli थडल","Kodayai","Thaḍōlī",0.0272222222222222,0.082929292929293,3,113,31,0.000970459943276576,-0.0795777153486793,FALSE,0,0,0.103174603174603,0.468253968253968,0.0557070707070708
2005,"budget_43_minimum","BARMERSINDHARIkharantiya","kharantiya","sindhari","rajasthan barmer sindhari खरटय","rajasthan barmer sindhari कमठई","Kharantia","Kamathāī",0.0138888888888889,0.0965007215007215,3,322,470,-0.000485229971638288,-0.0718140358024666,FALSE,0,0,0.0333333333333334,0.260714285714286,0.0826118326118327
2005,"budget_43_minimum","DAUSASIKRAInamaner","namaner","sikrai","rajasthan dausa sikrai नमनर","rajasthan dausa sikrai मनपर","Naamner","Mānapur",0.0185185185185185,0.0949074074074075,3,37,167,-0.000539144412931431,-0.070088773681086,FALSE,0,0,0.0476190476190477,0.257142857142857,0.076388888888889
2005,"budget_43_minimum","JAISALMERSAMlakha","lakha","sam","rajasthan jaisalmer sam लख","rajasthan jaisalmer sam salkha","Lakhā","Salkha",5.55111512312578e-17,0.0381263616557735,2,86,0,0.000808716619397147,-0.0695496292681546,TRUE,0,4,5.55111512312578e-17,0.122222222222222,0.0381263616557734
2005,"budget_43_minimum","SAWAIMADHOPURBONLIbichhidona","bichhidona","bonli","rajasthan sawai madhopur bonli बचछदन","rajasthan sawai madhopur bonli भडत","Bichchīdōnā","Bhadoti",0.0114942528735632,0.0817857142857143,2,69,187,-0.000485229971638288,-0.057257136653318,FALSE,0,0,0.0303030303030303,0.361904761904762,0.0702914614121511
2005,"budget_43_minimum","SAWAIMADHOPURBONLIsakra","sakra","bonli","rajasthan sawai madhopur bonli सकड","rajasthan sawai madhopur bonli तरनपर","Sankada","Tārnapur",0.0544927536231884,0.093088071348941,10,81,183,-0.000485229971638288,-0.0494934571071054,FALSE,0,0,0.20952380952381,0.341666666666667,0.0385953177257526
2005,"budget_43_minimum","GANGANAGARANUPGARH65 gb","65 gb","anupgarh","rajasthan sri ganganagar anupgarh 65 ज ब","rajasthan sri ganganagar anupgarh 6 प","65 जी बी","6 पी",0.0606060606060606,0.0621212121212122,2,76,192,-0.000404358309698573,-0.0469055639250345,FALSE,0,0,0.333333333333333,0.416666666666667,0.00151515151515162
2005,"budget_43_minimum","BARMERSINDHARIkhudala","khudala","sindhari","rajasthan barmer sindhari खडल","rajasthan barmer sindhari नखड़","Khudala","Nokhda",5.55111512312578e-17,0.080952380952381,4,111,207,-0.000485229971638288,-0.0465820772772757,FALSE,0,0,5.55111512312578e-17,0.253968253968254,0.080952380952381
2005,"budget_43_minimum","JAIPURSANGANERkalwada","kalwada","sanganer","rajasthan jaipur sanganer कलवड","rajasthan jaipur sanganer लखन","Kalvāḍā","Lākhanā",0.0317460317460318,0.0810359231411863,2,11,211,-0.000151634366136965,-0.030326873227393,FALSE,0,0,0.0952380952380952,0.257142857142857,0.0492898913951545
2005,"budget_43_minimum","DAUSASIKRAInandari","nandari","sikrai","rajasthan dausa sikrai नदर","rajasthan dausa sikrai नमनर","Naandari","Naamner",0.0453216374269007,0.0949074074074075,4,31,37,-0.000441118156034807,-0.00264670893620884,FALSE,0,0,0.113095238095238,0.257142857142857,0.0495857699805068
2005,"budget_43_minimum","BHARATPURNADBAInam","nam","nadbai","rajasthan bharatpur nadbai नम","rajasthan bharatpur nadbai नयठ","Naam","Nyotha",0.0175438596491229,0.0820105820105821,3,8,7,-0.000242614985819144,0.000242614985819144,TRUE,0,0,0.0833333333333334,0.5,0.0644667223614591
2005,"budget_43_minimum","SAWAIMADHOPURBONLIbapuai","bapuai","bonli","rajasthan sawai madhopur bonli बपई","rajasthan sawai madhopur bonli कडयई","Bapūī","Kodayai",0.0138888888888889,0.0950000000000001,9,109,113,0,0,FALSE,0,0,0.0555555555555556,0.357142857142857,0.0811111111111112
2005,"budget_43_minimum","SAWAIMADHOPURBONLItaranpur","taranpur","bonli","rajasthan sawai madhopur bonli तरनपर","rajasthan sawai madhopur bonli बपई","Tārnapur","Bapūī",0.0128205128205128,0.093088071348941,4,183,109,0,0,FALSE,0,0,0.0416666666666667,0.341666666666667,0.0802675585284282
2005,"budget_43_maximum","SAWAIMADHOPURKHANDARkhandevala","khandevala","khandar","rajasthan sawai madhopur khandar खणडवल","rajasthan sawai madhopur khandar खणडर","Khandevala","Khandar",5.55111512312578e-17,0.0567901234567902,2,70,436,0.000727844957457432,0.26639125442942,FALSE,0,0,5.55111512312578e-17,0.180952380952381,0.0567901234567902
2005,"budget_43_maximum","JAISALMERSAMmulana","mulana","sam","rajasthan jaisalmer sam मलण","rajasthan jaisalmer sam लणर","Mūlāṇā","Luṇār",5.55111512312578e-17,0.0983115468409587,7,73,361,0.000808716619397147,0.232910386386378,FALSE,0,0,5.55111512312578e-17,0.344444444444444,0.0983115468409587
2005,"budget_43_maximum","JAISALMERSAMlakha","lakha","sam","rajasthan jaisalmer sam लख","rajasthan jaisalmer sam खईयल","Lakhā","Khuiyala",5.55111512312578e-17,0.0892156862745098,3,86,359,0.000808716619397147,0.220779637095421,FALSE,0,0,5.55111512312578e-17,0.341666666666667,0.0892156862745098
2005,"budget_43_maximum","BANSWARAANANDPURIkarda","karda","anandpuri","rajasthan banswara anandpuri कड़द","rajasthan banswara anandpuri आननदपर","Kaṛdā","anandpuri",5.55111512312578e-17,0.0951270951270952,6,78,350,0.000808716619397147,0.219970920476024,FALSE,0,0,5.55111512312578e-17,0.466666666666667,0.0951270951270951
2005,"budget_43_maximum","SAWAIMADHOPURKHANDARbaharavanda khurd","baharavanda khurd","khandar","rajasthan sawai madhopur khandar बहरवणड खरद","rajasthan sawai madhopur khandar बरनवद","Baharāvaṇḍā Khurd","Barnāvadā",5.55111512312578e-17,0.0878033205619413,3,455,42,-0.000519889255326737,0.214714262449942,FALSE,0,0,5.55111512312578e-17,0.219907407407407,0.0878033205619412
2005,"budget_43_maximum","DUNGARPURDUNGARPURragela","ragela","dungarpur","rajasthan dungarpur dungarpur उपरगव","rajasthan dungarpur dungarpur मतल","Upargāv","Mētālī",0.082929292929293,0.0992063492063492,10,0,198,0.00101089577424643,0.200157363300794,TRUE,0,0,0.357142857142857,0.444444444444445,0.0162770562770562
2005,"budget_43_maximum","JAISALMERSAMhabur","habur","sam","rajasthan jaisalmer sam हबर","rajasthan jaisalmer sam dabari","Habur","Dabari",5.55111512312578e-17,0.0947712418300654,3,482,0,-0.000404358309698573,0.194900705274712,TRUE,0,4,5.55111512312578e-17,0.3,0.0947712418300653
2005,"budget_43_maximum","BIKANERKOLAYATbarsalpur","barsalpur","kolayat","rajasthan bikaner kolayat बरसलपर","rajasthan bikaner kolayat भरसर","Barsalpur","Bhurāsar",5.55111512312578e-17,0.0758830541439238,2,227,0,-0.000808716619397147,0.183578672603152,TRUE,0,0,5.55111512312578e-17,0.25,0.0758830541439237
2005,"budget_43_maximum","JAIPURDUDUasalpur","asalpur","dudu","rajasthan jaipur dudu आसलपर","rajasthan jaipur dudu हबसपर","asalpur","Habaspura",5.55111512312578e-17,0.0930727554179566,2,12,337,0.000559880736505717,0.181961239364358,TRUE,0,0,5.55111512312578e-17,0.214285714285714,0.0930727554179566
2005,"budget_43_maximum","SAWAIMADHOPURKHANDARkhandar","khandar","khandar","rajasthan sawai madhopur khandar खणडर","rajasthan sawai madhopur khandar टडर","Khandar","Ṭōḍrā",5.55111512312578e-17,0.0977885131508319,13,436,216,0.000808716619397147,-0.177917656267372,FALSE,0,0,5.55111512312578e-17,0.604761904761905,0.0977885131508319
2005,"budget_43_maximum","BUNDIHINDOLIbasoli","basoli","hindoli","rajasthan bundi hindoli बसल","rajasthan bundi hindoli अलद","Basolī","alod",5.55111512312578e-17,0.0986111111111112,2,6,197,0.000727844957457432,0.13901838687437,FALSE,0,0,5.55111512312578e-17,0.388888888888889,0.0986111111111111
2005,"budget_43_maximum","JAIPURSANGANERmuhana","muhana","sanganer","rajasthan jaipur sanganer महन","rajasthan jaipur sanganer मदऊ","Muhānā","Madāū",5.55111512312578e-17,0.0693957115009747,2,337,0,-0.000404358309698573,0.136268750368419,TRUE,0,0,5.55111512312578e-17,0.3,0.0693957115009747
2005,"budget_43_maximum","BIKANERNOKHAjasrasar","jasrasar","nokha","rajasthan bikaner nokha जसरसर","rajasthan bikaner nokha जसलसर","Jasrasar","Jaisalasar",5.55111512312578e-17,0.0796650717703351,2,13,161,0.00090980619682179,0.134651317129625,FALSE,0,0,5.55111512312578e-17,0.189285714285714,0.079665071770335
2005,"budget_43_maximum","JHUNJHUNUALSISARpatoda","patoda","alsisar","rajasthan jhunjhunu alsisar पटद","rajasthan jhunjhunu alsisar naand","Patoda","Naand",5.55111512312578e-17,0.0947444368497001,3,319,0,-0.000404358309698573,0.128990300793845,TRUE,0,0,5.55111512312578e-17,0.422222222222222,0.0947444368497
2005,"budget_43_maximum","JAISALMERJAISALMERchinnu","chinnu","jaisalmer","rajasthan jaisalmer jaisalmer चनन","rajasthan jaisalmer jaisalmer चधन","Chinnu","Chandhan",5.55111512312578e-17,0.0790598290598291,4,44,202,0.000808716619397147,0.127777225864749,FALSE,0,0,5.55111512312578e-17,0.277777777777778,0.0790598290598291
2005,"budget_43_maximum","JHUNJHUNUNAWALGARHmandasi","mandasi","nawalgarh","rajasthan jhunjhunu nawalgarh मडस","rajasthan jhunjhunu nawalgarh महनवड","Māṇḍāsī","Mohanvāḍī",5.55111512312578e-17,0.0642592592592593,3,13,218,0.00060653746454786,0.124340180232311,FALSE,0,0,5.55111512312578e-17,0.243386243386243,0.0642592592592592
2005,"budget_43_maximum","JHUNJHUNUNAWALGARHmohanbari","mohanbari","nawalgarh","rajasthan jhunjhunu nawalgarh महनवड","rajasthan jhunjhunu nawalgarh मडस","Mohanvāḍī","Māṇḍāsī",0.0493827160493827,0.0760493827160494,2,218,13,-0.00060653746454786,0.124340180232311,FALSE,0,0,0.148148148148148,0.243386243386243,0.0266666666666667
2005,"budget_43_maximum","SAWAIMADHOPURBAMANWASphulwara","phulwara","bamanwas","rajasthan sawai madhopur bamanwas फलवड","rajasthan sawai madhopur bamanwas पपलई","Phulwada+","Piplai",0.0229885057471264,0.0945083014048532,7,48,209,0.000771956773060913,0.124285040462807,FALSE,0,0,0.0833333333333334,0.375,0.0715197956577268
2005,"budget_43_maximum","JAISALMERJAISALMERchatrial","chatrial","jaisalmer","rajasthan jaisalmer jaisalmer छतरल","rajasthan jaisalmer jaisalmer ghantiyali","Chhtrail","Ghantiyali",0.0456410256410258,0.0732600732600733,3,254,0,-0.000485229971638288,0.123248412796125,TRUE,0,4,0.154761904761905,0.216666666666667,0.0276190476190476
2005,"budget_43_maximum","BARMERBARMERmarundi","marundi","barmer","rajasthan barmer barmer मरड़","rajasthan barmer barmer आट","Māruṛī","anti",0.0536062378167642,0.0910087719298245,2,201,329,0.00090980619682179,0.116455193193189,TRUE,0,0,0.150793650793651,0.535714285714286,0.0374025341130603
2005,"budget_43_maximum","BUNDIHINDOLIalod","alod","hindoli","rajasthan bundi hindoli अलद","rajasthan bundi hindoli बसल","alod","Basolī",5.55111512312578e-17,0.0986111111111112,3,197,6,-0.00060653746454786,0.115848655728641,FALSE,0,0,5.55111512312578e-17,0.388888888888889,0.0986111111111111
2005,"budget_43_maximum","BARMERSINDHARIshivkar","shivkar","sindhari","rajasthan barmer sindhari शवकर","rajasthan barmer sindhari सरल","Śivakar","Sarli",0.0484126984126986,0.0929406850459483,2,39,198,0.000727844957457432,0.115727348235732,TRUE,0,0,0.150793650793651,0.438095238095238,0.0445279866332497
2005,"budget_43_maximum","SAWAIMADHOPURSAWAI MADHOPURkarmoda","karmoda","sawai madhopur","rajasthan sawai madhopur sawai madhopur करमद","rajasthan sawai madhopur sawai madhopur डगर","Karamōdā","Ḍūṅgarī",0.0300059417706477,0.0980494601184257,26,187,0,-0.00060653746454786,0.11342250587045,TRUE,0,4,0.136904761904762,0.571428571428572,0.068043518347778
2005,"budget_43_maximum","HANUMANGARHNOHARtopria","topria","nohar","rajasthan hanumangarh nohar टपरय","rajasthan hanumangarh nohar परलक","Ṭōparyā","Parlika",0.0600100382709078,0.0987812911725955,2,53,251,0.000570858790162692,0.113030040452213,FALSE,0,0,0.217460317460317,0.253968253968254,0.0387712529016877
2005,"budget_43_maximum","SAWAIMADHOPURKHANDARtodara","todara","khandar","rajasthan sawai madhopur khandar टडर","rajasthan sawai madhopur khandar हलनद","Ṭōḍrā","Haloonda",0.0261538461538462,0.0940934065934067,11,216,0,-0.000519889255326737,0.112296079150575,TRUE,0,0,0.122222222222222,0.486111111111111,0.0679395604395605
2005,"budget_43_maximum","BANSWARAANANDPURIanandpuri","anandpuri","anandpuri","rajasthan banswara anandpuri आननदपर","rajasthan banswara anandpuri कड़द","anandpuri","Kaṛdā",5.55111512312578e-17,0.0951270951270952,3,350,78,-0.000404358309698573,0.109985460238012,FALSE,0,0,5.55111512312578e-17,0.466666666666667,0.0951270951270951
2005,"budget_43_maximum","CHURUTARANAGARhadiyal","hadiyal","taranagar","rajasthan churu taranagar हडयल","rajasthan churu taranagar बनयल","Hadiyal","Baniyālā",5.55111512312578e-17,0.0772005772005772,2,359,0,-0.00030326873227393,0.108873474886341,TRUE,0,0,5.55111512312578e-17,0.220238095238095,0.0772005772005772
2005,"budget_43_maximum","BIKANERLUNKARANSARlunkaransar","lunkaransar","lunkaransar","rajasthan bikaner lunkaransar लनकरनसर","rajasthan bikaner lunkaransar सरनण","Lūnakarnasar","Surnana",0.0455938697318008,0.0793103448275862,5,224,0,-0.000485229971638288,0.108691513646977,TRUE,0,0,0.118686868686869,0.338023088023088,0.0337164750957855
2005,"budget_43_maximum","GANGANAGARGANGANAGARsahuwala","sahuwala","ganganagar","rajasthan sri ganganagar ganganagar सहवल","rajasthan sri ganganagar ganganagar लधवल","Sahuwala","Lādhūvālā",5.55111512312578e-17,0.0903435644814955,4,260,0,-0.000404358309698573,0.105133160521629,TRUE,0,4,5.55111512312578e-17,0.194444444444445,0.0903435644814955
2005,"budget_43_maximum","JAISALMERSAMkhuivala","khuivala","sam","rajasthan jaisalmer sam खईयल","rajasthan jaisalmer sam लख","Khuiyala","Lakhā",0.0333333333333334,0.0892156862745098,2,359,86,-0.000373253824337145,0.10189829404404,FALSE,0,0,0.0833333333333334,0.341666666666667,0.0558823529411764
2005,"budget_43_maximum","CHURURAJGARHdogawa","dogawa","rajgarh","rajasthan churu rajgarh डकव","rajasthan churu rajgarh gagrwas","Ḍokavā","Gagrwas",0.0740740740740742,0.0896686159844055,4,256,0,-0.000383076293398649,0.098067531110054,TRUE,0,0,0.222222222222222,0.253968253968254,0.0155945419103314
2005,"budget_43_maximum","JAISALMERSAMkanoi","kanoi","sam","rajasthan jaisalmer sam कनई","rajasthan jaisalmer sam तनट","Kan‍ōī","Tanoṭ",5.55111512312578e-17,0.0784313725490197,3,238,0,-0.000404358309698573,0.0962372777082605,TRUE,0,0,5.55111512312578e-17,0.266666666666667,0.0784313725490196
2005,"budget_43_maximum","SAWAIMADHOPURBONLIudgaon","udgaon","bonli","rajasthan sawai madhopur bonli उद गव","rajasthan sawai madhopur bonli बरद","Ud Gaṁv","Borada",0.0555555555555557,0.0992063492063492,7,96,207,0.000808716619397147,0.0897675447530833,TRUE,0,0,0.222222222222222,0.555555555555556,0.0436507936507935
2005,"budget_43_maximum","GANGANAGARSURATGARHgurusarmodiya","gurusarmodiya","suratgarh","rajasthan sri ganganagar suratgarh गरसर मडय","rajasthan sri ganganagar suratgarh ऐट","Gurusar Modiya","Ūsamā",5.55111512312578e-17,0.0833333333333334,2,129,0,-0.000673930516164289,0.0869370365851933,TRUE,0,0,5.55111512312578e-17,0.297435897435897,0.0833333333333333
2005,"budget_43_maximum","JAIPURDUDUrasili","rasili","dudu","rajasthan jaipur dudu रसल","rajasthan jaipur dudu सल","Rasīlī","Sali",5.55111512312578e-17,0.0892857142857143,2,142,9,-0.000653194192590003,0.0868748276144704,TRUE,0,0,5.55111512312578e-17,0.277777777777778,0.0892857142857143
2005,"budget_43_maximum","JAISALMERSAMkotdi","kotdi","sam","rajasthan jaisalmer sam कटड","rajasthan jaisalmer sam कनई","koṭaṛī","Kan‍ōī",0.0566448801742921,0.0784313725490197,3,32,238,0.000404358309698573,0.0832978117979061,FALSE,0,0,0.177777777777778,0.4,0.0217864923747276
2005,"budget_43_maximum","SAWAIMADHOPURSAWAI MADHOPURadalwarakala","adalwarakala","sawai madhopur","rajasthan sawai madhopur sawai madhopur जटवड कल","rajasthan sawai madhopur sawai madhopur करमद","Jatwada Kalan","Karamōdā",0.0764411027568922,0.09828108875129,5,85,187,0.00060653746454786,0.0618668213838817,FALSE,0,0,0.277777777777778,0.419444444444444,0.0218399859943978
2005,"budget_43_maximum","JAISALMERJAISALMERchandan","chandan","jaisalmer","rajasthan jaisalmer jaisalmer चधन","rajasthan jaisalmer jaisalmer hadda","Chandhan","Hadda",0.0128205128205128,0.0544927536231884,2,202,0,-0.00030326873227393,0.0612602839193339,TRUE,0,4,0.0416666666666667,0.20952380952381,0.0416722408026756
2005,"budget_43_maximum","HANUMANGARHNOHARparlika","parlika","nohar","rajasthan hanumangarh nohar परलक","rajasthan hanumangarh nohar टपरय","Parlika","Ṭōparyā",5.55111512312578e-17,0.0869565217391306,5,251,53,-0.00030326873227393,0.0600472089902382,FALSE,0,0,5.55111512312578e-17,0.285714285714286,0.0869565217391305
2005,"budget_43_maximum","JAISALMERSAMlunar","lunar","sam","rajasthan jaisalmer sam लणर","rajasthan jaisalmer sam मलण","Luṇār","Mūlāṇā",5.55111512312578e-17,0.0983115468409587,4,361,73,-0.000202179154849287,0.0582275965965946,FALSE,0,0,5.55111512312578e-17,0.344444444444444,0.0983115468409587
2005,"budget_43_maximum","BIKANERNOKHAjaisalsar","jaisalsar","nokha","rajasthan bikaner nokha जसलसर","rajasthan bikaner nokha sajanwasi","Jaisalasar","Sajanwasi",0.0310245310245312,0.0985797827903092,4,161,0,-0.00030326873227393,0.0488262658961027,TRUE,0,4,0.0703703703703705,0.333333333333333,0.067555251765778
2005,"budget_43_maximum","SAWAIMADHOPURBAMANWASpiplai","piplai","bamanwas","rajasthan sawai madhopur bamanwas पपलई","rajasthan sawai madhopur bamanwas फलवड","Piplai","Phulwada+",5.55111512312578e-17,0.0945083014048532,7,209,48,-0.00030326873227393,0.0488262658961027,FALSE,0,0,5.55111512312578e-17,0.375,0.0945083014048532
2005,"budget_43_maximum","SAWAIMADHOPURKHANDARbarnavada","barnavada","khandar","rajasthan sawai madhopur khandar बरनवद","rajasthan sawai madhopur khandar खणडवल","Barnāvadā","Khandevala",5.55111512312578e-17,0.0917477158856469,10,42,70,0,0,FALSE,0,0,5.55111512312578e-17,0.3,0.0917477158856469
2010,"budget_43_minimum","JAISALMERSAMhabur","habur","sam","rajasthan jaisalmer sam हबर","rajasthan jaisalmer sam dabari","Habur","Dabari",5.55111512312578e-17,0.0947712418300654,3,482,0,0.000828903119914971,-0.399531303799016,TRUE,0,4,5.55111512312578e-17,0.3,0.0947712418300653
2010,"budget_43_minimum","BARMERSINDHARIkamthai","kamthai","sindhari","rajasthan barmer sindhari कमठई","rajasthan barmer sindhari bamani","Kamathāī","Bamani",0.0389610389610391,0.080952380952381,2,470,0,0.000736802773257752,-0.346297303431143,TRUE,0,4,0.113095238095238,0.253968253968254,0.041991341991342
2010,"budget_43_minimum","SAWAIMADHOPURKHANDARbarnavada","barnavada","khandar","rajasthan sawai madhopur khandar बरनवद","rajasthan sawai madhopur khandar बहरवणड खरद","Barnāvadā","Baharāvaṇḍā Khurd",5.55111512312578e-17,0.0878033205619413,7,42,455,-0.00063154523422093,-0.260828181733244,FALSE,0,0,5.55111512312578e-17,0.219907407407407,0.0878033205619412
2010,"budget_43_minimum","SAWAIMADHOPURKHANDARchhan","chhan","khandar","rajasthan sawai madhopur khandar छन","rajasthan sawai madhopur khandar खणडर","Chhan","Khandar",5.55111512312578e-17,0.0760493827160494,2,104,436,-0.000736802773257752,-0.244618520721574,FALSE,0,0,5.55111512312578e-17,0.323809523809524,0.0760493827160493
2010,"budget_43_minimum","BARMERSINDHARInokhda","nokhda","sindhari","rajasthan barmer sindhari नखड़","rajasthan barmer sindhari हड","Nokhda","Hodu",5.55111512312578e-17,0.0881263616557734,7,207,544,-0.000690752599929142,-0.232783626176121,FALSE,0,0,5.55111512312578e-17,0.388888888888889,0.0881263616557734
2010,"budget_43_minimum","SAWAIMADHOPURBONLIbahter","bahter","bonli","rajasthan sawai madhopur bonli बहतड","rajasthan sawai madhopur bonli बल","Bahteḍ","Bauli",0.0277777777777777,0.0990338164251208,6,165,493,-0.000703311738109672,-0.230686250099973,FALSE,0,0,0.111111111111111,0.422222222222222,0.0712560386473431
2010,"budget_43_minimum","BHARATPURKAMANpai","pai","kaman","rajasthan bharatpur kaman पई","rajasthan bharatpur kaman bamni","Pai","Bamni",5.55111512312578e-17,0.0722394220846233,2,290,0,0.000789431542776163,-0.228935147405087,FALSE,0,4,5.55111512312578e-17,0.488888888888889,0.0722394220846233
2010,"budget_43_minimum","BARMERSINDHARIhodu","hodu","sindhari","rajasthan barmer sindhari हड","rajasthan barmer sindhari चड क ढण","Hodu","Chadi",5.55111512312578e-17,0.0896686159844055,5,544,0,0.000414451559957485,-0.225461648616872,TRUE,0,0,5.55111512312578e-17,0.366666666666667,0.0896686159844055
2010,"budget_43_minimum","JHUNJHUNUJHUNJHUNUnayasar","nayasar","jhunjhunu","rajasthan jhunjhunu jhunjhunu नयसर","rajasthan jhunjhunu jhunjhunu dorasar","Nayasara","Dorasar",0.0128205128205128,0.0951515151515151,8,239,0,0.00063154523422093,-0.150939310978802,TRUE,0,0,0.0416666666666667,0.369047619047619,0.0823310023310023
2010,"budget_43_minimum","SAWAIMADHOPURKHANDARkhandar","khandar","khandar","rajasthan sawai madhopur khandar खणडर","rajasthan sawai madhopur khandar अनयल","Khandar","anyala",5.55111512312578e-17,0.0878442545109213,7,436,31,0.000368401386628876,-0.149202561584695,TRUE,0,0,5.55111512312578e-17,0.357142857142857,0.0878442545109213
2010,"budget_43_minimum","JAISALMERSAMkanoi","kanoi","sam","rajasthan jaisalmer sam कनई","rajasthan jaisalmer sam तनट","Kan‍ōī","Tanoṭ",5.55111512312578e-17,0.0784313725490197,3,238,0,0.000607862287937645,-0.14467122452916,TRUE,0,0,5.55111512312578e-17,0.266666666666667,0.0784313725490196
2010,"budget_43_minimum","CHURUTARANAGARsrayan","srayan","taranagar","rajasthan churu taranagar सरयण","rajasthan churu taranagar बय","Sarayan","Bānyā",0.0492063492063492,0.078654970760234,3,419,158,0.000491201848838501,-0.128203682546849,TRUE,0,0,0.158730158730159,0.3,0.0294486215538847
2010,"budget_43_minimum","CHURUTARANAGARalayala","alayala","taranagar","rajasthan churu taranagar अलयल","rajasthan churu taranagar सरयण","alayala","Sarayan",5.55111512312578e-17,0.0952380952380952,3,220,419,-0.000614002311048127,-0.122186459898577,FALSE,0,0,5.55111512312578e-17,0.285714285714286,0.0952380952380952
2010,"budget_43_minimum","DUNGARPURDUNGARPURvasi","vasi","dungarpur","rajasthan dungarpur dungarpur वगदर","rajasthan dungarpur dungarpur मतल","Vāgdarī","Mētālī",0.0684848484848486,0.085858585858586,3,0,198,-0.000614002311048127,-0.121572457587529,TRUE,4,0,0.404761904761905,0.388888888888889,0.0173737373737374
2010,"budget_43_minimum","SAWAIMADHOPURSAWAI MADHOPURkarmoda","karmoda","sawai madhopur","rajasthan sawai madhopur sawai madhopur करमद","rajasthan sawai madhopur sawai madhopur gogor","Karamōdā","Gogor",0.0300059417706477,0.0946678769259415,25,187,0,0.00063154523422093,-0.118098958799314,TRUE,0,4,0.136904761904762,0.604761904761905,0.0646619351552939
2010,"budget_43_minimum","BIKANERBIKANERudairamsar","udairamsar","bikaner","rajasthan bikaner bikaner उदरमसर","rajasthan bikaner bikaner बदरसर","Udaramsar","Badrasar",0.0138888888888889,0.0726911976911978,3,191,0,0.000614002311048127,-0.117274441410192,TRUE,0,0,0.0333333333333334,0.189285714285714,0.0588023088023089
2010,"budget_43_minimum","JHUNJHUNUJHUNJHUNUindali","indali","jhunjhunu","rajasthan jhunjhunu jhunjhunu इणडल","rajasthan jhunjhunu jhunjhunu नआ","Indali","Nua",5.55111512312578e-17,0.0714285714285715,2,185,9,0.00063154523422093,-0.111151961222884,FALSE,0,0,5.55111512312578e-17,0.333333333333333,0.0714285714285715
2010,"budget_43_minimum","BHARATPURNADBAIbaroliran","baroliran","nadbai","rajasthan bharatpur nadbai बरल छर","rajasthan bharatpur nadbai बरउल रन","Barolī Chhār","Barāulā Rān",0.0668431809736158,0.0905050505050505,2,232,62,0.00063154523422093,-0.107362689817558,TRUE,0,0,0.169612794612795,0.245502645502646,0.0236618695314347
2010,"budget_43_minimum","DUNGARPURDUNGARPURkhempur","khempur","dungarpur","rajasthan dungarpur dungarpur khemaroo","rajasthan dungarpur dungarpur खड","Khemaroo","Kheda",0.0651282051282052,0.0823188405797102,3,0,171,-0.000614002311048127,-0.10499439518923,TRUE,0,0,0.220238095238095,0.323809523809524,0.017190635451505
2010,"budget_43_minimum","HANUMANGARHBHADRAdabari","dabari","bhadra","rajasthan hanumangarh bhadra डबड","rajasthan hanumangarh bhadra भरन","Ḍābaṛī","Bhanani",5.55111512312578e-17,0.0865251897860595,6,132,8,0.000828903119914971,-0.102783986869456,TRUE,0,0,5.55111512312578e-17,0.337301587301587,0.0865251897860594
2010,"budget_43_minimum","BARMERSINDHARIkhudasa","khudasa","sindhari","rajasthan barmer sindhari खडस","rajasthan barmer sindhari sadecha","Khudasa","Sadecha",5.55111512312578e-17,0.0985797827903092,7,216,0,0.000473658925665698,-0.102310327943791,TRUE,0,4,5.55111512312578e-17,0.476190476190476,0.0985797827903091
2010,"budget_43_minimum","BARMERSINDHARIdankha","dankha","sindhari","rajasthan barmer sindhari दख","rajasthan barmer sindhari kagon ki dhani","Dankha","Kagon Ki Dhani",5.55111512312578e-17,0.0935897435897436,10,126,0,0.000803784843553911,-0.101276890287793,TRUE,0,4,5.55111512312578e-17,0.35,0.0935897435897435
2010,"budget_43_minimum","BARMERSINDHARIdhanva","dhanva","sindhari","rajasthan barmer sindhari धनव","rajasthan barmer sindhari अणखय","Dhanva","ankhia",5.55111512312578e-17,0.0944444444444445,9,174,0,0.000552602079943314,-0.0961527619101366,TRUE,0,0,5.55111512312578e-17,0.347222222222222,0.0944444444444444
2010,"budget_43_minimum","BARMERBARMERundkha","undkha","barmer","rajasthan barmer barmer उणडख","rajasthan barmer barmer naukh","Undkhā","Naukh",5.55111512312578e-17,0.0675381263616559,2,136,0,0.000690752599929142,-0.0939423535903634,TRUE,0,4,5.55111512312578e-17,0.261111111111111,0.0675381263616558
2010,"budget_43_minimum","JHUNJHUNUJHUNJHUNUsiriyasar kalan","siriyasar kalan","jhunjhunu","rajasthan jhunjhunu jhunjhunu सरयसर कल","rajasthan jhunjhunu jhunjhunu नयसर","Siriyasar Kalan","Nayasara",5.55111512312578e-17,0.0945512820512821,2,46,239,-0.000473658925665698,-0.0914161726534796,FALSE,0,0,5.55111512312578e-17,0.327380952380952,0.0945512820512821
2010,"budget_43_minimum","JAISALMERSAMmandai","mandai","sam","rajasthan jaisalmer sam मणडई","rajasthan jaisalmer sam कनई","Maṇḍāī","Kan‍ōī",5.55111512312578e-17,0.0947712418300654,6,57,238,-0.000497341871948983,-0.0900188788227659,FALSE,0,0,5.55111512312578e-17,0.3,0.0947712418300653
2010,"budget_43_minimum","JAISALMERSAMsiyamber","siyamber","sam","rajasthan jaisalmer sam सयमबर","rajasthan jaisalmer sam सम","Siyambar","Sam",0.0333333333333334,0.0833333333333334,2,572,428,0.000607862287937645,-0.0875321694630209,FALSE,0,0,0.0833333333333334,0.208333333333333,0.05
2010,"budget_43_minimum","JAISALMERJAISALMERbasanpir","basanpir","jaisalmer","rajasthan jaisalmer jaisalmer बसनपर जन","rajasthan jaisalmer jaisalmer बकलसर","Bāsanpīr Jūnī","Bānkalasar",0.0444444444444445,0.0871489621489622,4,148,0,0.000589442218606202,-0.0872374483537178,TRUE,0,0,0.111111111111111,0.358333333333333,0.0427045177045177
2010,"budget_43_minimum","JHUNJHUNUJHUNJHUNUnooan","nooan","jhunjhunu","rajasthan jhunjhunu jhunjhunu नआ","rajasthan jhunjhunu jhunjhunu इणडल","Nua","Indali",0.0593512767425811,0.0990338164251208,2,9,185,-0.000473658925665698,-0.0833639709171628,FALSE,0,0,0.311111111111111,0.422222222222222,0.0396825396825397
2010,"budget_43_minimum","JAISALMERSAMchhatgarh","chhatgarh","sam","rajasthan jaisalmer sam छतगर","rajasthan jaisalmer sam hataar","Chhatangar","Hataar",0.062842712842713,0.0820105820105821,2,150,0,0.000552602079943314,-0.0828903119914971,TRUE,0,4,0.14537037037037,0.203703703703704,0.019167869167869
2010,"budget_43_minimum","HANUMANGARHBHADRAutradabas","utradabas","bhadra","rajasthan hanumangarh bhadra उततरदबस","rajasthan hanumangarh bhadra डबड","Uttaradābās","Ḍābaṛī",0.0622710622710624,0.0885020776325126,3,14,132,-0.000690752599929142,-0.0815088067916388,FALSE,0,0,0.171717171717172,0.5,0.0262310153614502
2010,"budget_43_minimum","JAISALMERSAMsam","sam","sam","rajasthan jaisalmer sam सम","rajasthan jaisalmer sam सयमबर","Sam","Siyambar",5.55111512312578e-17,0.0833333333333334,4,428,572,-0.000552602079943314,-0.0795746995118372,FALSE,0,0,5.55111512312578e-17,0.208333333333333,0.0833333333333333
2010,"budget_43_minimum","SAWAIMADHOPURSAWAI MADHOPURmakholi","makholi","sawai madhopur","rajasthan sawai madhopur sawai madhopur मखल","rajasthan sawai madhopur sawai madhopur करमद","Makhāolī","Karamōdā",0.00980392156862747,0.0806298276886512,6,60,187,-0.000552602079943314,-0.0701804641528009,FALSE,0,0,0.0416666666666667,0.509920634920635,0.0708259061200237
2010,"budget_43_minimum","BARMERSINDHARIkadanadi","kadanadi","sindhari","rajasthan barmer sindhari कद नड","rajasthan barmer sindhari कमठई","kādā nāḍī","Kamathāī",5.55111512312578e-17,0.0909090909090909,5,257,470,-0.000301419316332717,-0.0642023143788687,FALSE,0,0,5.55111512312578e-17,0.25,0.0909090909090908
2010,"budget_43_minimum","BARMERSINDHARInosar","nosar","sindhari","rajasthan barmer sindhari नकड़","rajasthan barmer sindhari नखड़","Nakora","Nokhda",0.0693957115009747,0.0850877192982456,4,0,207,-0.000301419316332717,-0.0623937984808723,FALSE,0,0,0.261111111111111,0.3,0.0156920077972709
2010,"budget_43_minimum","SAWAIMADHOPURBONLIgotod","gotod","bonli","rajasthan sawai madhopur bonli गतड","rajasthan sawai madhopur bonli बहतड","Gotod","Bahteḍ",5.55111512312578e-17,0.0990338164251208,3,59,165,-0.000552602079943314,-0.0585758204739913,FALSE,0,0,5.55111512312578e-17,0.422222222222222,0.0990338164251208
2010,"budget_43_minimum","BIKANERBIKANERkatriyasar","katriyasar","bikaner","rajasthan bikaner bikaner कतरयसर","rajasthan bikaner bikaner उदरमसर","Katriyāsar","Udaramsar",5.55111512312578e-17,0.0990338164251208,5,69,191,-0.000442081663954651,-0.0539339630024674,FALSE,0,0,5.55111512312578e-17,0.244444444444445,0.0990338164251208
2010,"budget_43_minimum","BARMERSINDHARIsada","sada","sindhari","rajasthan barmer sindhari सड़","rajasthan barmer sindhari कद नड","Sada","kādā nāḍī",5.55111512312578e-17,0.0942760942760943,15,122,257,-0.000368401386628876,-0.0497341871948983,FALSE,0,0,5.55111512312578e-17,0.291666666666667,0.0942760942760943
2010,"budget_43_minimum","SAWAIMADHOPURBONLImamdoli","mamdoli","bonli","rajasthan sawai madhopur bonli ममडल","rajasthan sawai madhopur bonli chandnoli","Māmaḍōlī","Chandnoli",0.0128205128205128,0.0760493827160494,5,70,0,0.000552602079943314,-0.038682145596032,TRUE,0,4,0.0416666666666667,0.243386243386243,0.0632288698955366
2010,"budget_43_minimum","JHUNJHUNUJHUNJHUNUajari kalan","ajari kalan","jhunjhunu","rajasthan jhunjhunu jhunjhunu अजड कल","rajasthan jhunjhunu jhunjhunu सरयसर कल","ajadi kalan","Siriyasar Kalan",0.0238095238095238,0.0886794532627866,2,21,46,-0.000828903119914971,-0.0207225779978743,FALSE,0,0,0.0666666666666668,0.226455026455026,0.0648699294532628
2010,"budget_43_minimum","BHARATPURKAMANbamanwadi","bamanwadi","kaman","rajasthan bharatpur kaman bamni","rajasthan bharatpur kaman भडर","Bamni","Bhandara",0.0579710144927536,0.0987812911725955,2,0,150,0,0,TRUE,4,0,0.251851851851852,0.277777777777778,0.0408102766798419
2010,"budget_43_minimum","SAWAIMADHOPURBONLIbonli","bonli","bonli","rajasthan sawai madhopur bonli बल","rajasthan sawai madhopur bonli ममडल","Bauli","Māmaḍōlī",0.0579710144927536,0.093088071348941,9,493,70,0,0,FALSE,0,0,0.266666666666667,0.45,0.0351170568561874
2010,"budget_43_minimum","SAWAIMADHOPURKHANDARbaharavanda khurd","baharavanda khurd","khandar","rajasthan sawai madhopur khandar बहरवणड खरद","rajasthan sawai madhopur khandar बरनवद","Baharāvaṇḍā Khurd","Barnāvadā",5.55111512312578e-17,0.0878033205619413,3,455,42,0,0,FALSE,0,0,5.55111512312578e-17,0.219907407407407,0.0878033205619412
2010,"budget_43_maximum","JAISALMERSAMsam","sam","sam","rajasthan jaisalmer sam सम","rajasthan jaisalmer sam salkha","Sam","Salkha",5.55111512312578e-17,0.0962962962962963,6,428,0,-0.000552602079943314,0.236513690215738,TRUE,0,4,5.55111512312578e-17,0.333333333333333,0.0962962962962962
2010,"budget_43_maximum","JHUNJHUNUCHIRAWAkithana","kithana","chirawa","rajasthan jhunjhunu chirawa कठन","rajasthan jhunjhunu chirawa नरहड","kithānā","Narhad",5.55111512312578e-17,0.0904479578392623,6,543,71,-0.000491201848838501,0.231847272651773,FALSE,0,0,5.55111512312578e-17,0.46031746031746,0.0904479578392623
2010,"budget_43_maximum","JHUNJHUNUBUHANAgada khera","gada khera","buhana","rajasthan jhunjhunu buhana गडखड","rajasthan jhunjhunu buhana घसड","Gadakheda","Ghaseda",0.0277777777777777,0.0965007215007215,2,440,27,-0.000552602079943314,0.228224659016589,FALSE,0,0,0.0740740740740742,0.343386243386243,0.0687229437229438
2010,"budget_43_maximum","JHUNJHUNUCHIRAWAchanana","chanana","chirawa","rajasthan jhunjhunu chirawa चनन","rajasthan jhunjhunu chirawa कठन","Chanana","kithānā",5.55111512312578e-17,0.0869565217391306,2,216,543,0.000663122495931977,0.216841056169756,FALSE,0,0,5.55111512312578e-17,0.285714285714286,0.0869565217391305
2010,"budget_43_maximum","JAISALMERSAMdav","dav","sam","rajasthan jaisalmer sam दव","rajasthan jaisalmer sam सम","Dav","Sam",5.55111512312578e-17,0.0888888888888889,9,78,428,0.000607862287937645,0.212751800778176,FALSE,0,0,5.55111512312578e-17,0.444444444444445,0.0888888888888889
2010,"budget_43_maximum","JHUNJHUNUALSISARjabasar","jabasar","alsisar","rajasthan jhunjhunu alsisar जबसर","rajasthan jhunjhunu alsisar गगयसर","Jabasar","Gangiyasar",5.55111512312578e-17,0.093088071348941,7,13,255,0.000828903119914971,0.200594555019423,FALSE,0,0,5.55111512312578e-17,0.261904761904762,0.093088071348941
2010,"budget_43_maximum","JAIPURDUDUgadota","gadota","dudu","rajasthan jaipur dudu गडत","rajasthan jaipur dudu आकद","Gadota","akoda",5.55111512312578e-17,0.0876984126984127,2,11,371,0.000552602079943314,0.198936748779593,FALSE,0,0,5.55111512312578e-17,0.261111111111111,0.0876984126984127
2010,"budget_43_maximum","JAIPURSANGANERmuhana","muhana","sanganer","rajasthan jaipur sanganer महन","rajasthan jaipur sanganer मदऊ","Muhānā","Madāū",5.55111512312578e-17,0.0693957115009747,2,337,0,-0.000552602079943314,0.186226900940897,TRUE,0,0,5.55111512312578e-17,0.3,0.0693957115009747
2010,"budget_43_maximum","JAISALMERSAMlunar","lunar","sam","rajasthan jaisalmer sam लणर","rajasthan jaisalmer sam उणड","Luṇār","Undā",5.55111512312578e-17,0.0600490196078432,2,361,0,-0.000497341871948983,0.179540415773583,TRUE,0,0,5.55111512312578e-17,0.216666666666667,0.0600490196078431
2010,"budget_43_maximum","JAIPURDUDUaakoda","aakoda","dudu","rajasthan jaipur dudu आकद","rajasthan jaipur dudu बरज","akoda","Boranada",0.0652777777777778,0.0986111111111112,3,371,54,-0.000552602079943314,0.17517485934203,TRUE,0,0,0.0555555555555556,0.444444444444445,0.0333333333333334
2010,"budget_43_maximum","JAIPURSANGANERmahapura","mahapura","sanganer","rajasthan jaipur sanganer महपर","rajasthan jaipur sanganer महन","Mahāpurā","Muhānā",5.55111512312578e-17,0.0796650717703351,3,22,337,0.000552602079943314,0.174069655182144,FALSE,0,0,5.55111512312578e-17,0.361111111111111,0.079665071770335
2010,"budget_43_maximum","BARMERSINDHARIchawa","chawa","sindhari","rajasthan barmer sindhari चव","rajasthan barmer sindhari uchiya","Chava","Uchiya",0.0350877192982458,0.0850877192982456,4,268,0,-0.00063154523422093,0.169254122771209,TRUE,0,4,0.133333333333333,0.3,0.0499999999999998
2010,"budget_43_maximum","DUNGARPURDUNGARPURragela","ragela","dungarpur","rajasthan dungarpur dungarpur उपरगव","rajasthan dungarpur dungarpur मतल","Upargāv","Mētālī",0.082929292929293,0.0992063492063492,10,0,198,0.000828903119914971,0.164122817743164,TRUE,0,0,0.357142857142857,0.444444444444445,0.0162770562770562
2010,"budget_43_maximum","CHURUTARANAGARbhanin","bhanin","taranagar","rajasthan churu taranagar भनण","rajasthan churu taranagar कहण","Bhanin","Kohina",5.55111512312578e-17,0.0851851851851852,4,326,87,-0.000663122495931977,0.158486276527742,FALSE,0,0,5.55111512312578e-17,0.444444444444445,0.0851851851851852
2010,"budget_43_maximum","BIKANERDUNGARGARHbigga","bigga","dungargarh","rajasthan bikaner dungargarh बगग","rajasthan bikaner dungargarh बणसर","Biggā","Benisar",5.55111512312578e-17,0.085858585858586,3,200,0,-0.000789431542776163,0.157886308555233,TRUE,0,0,5.55111512312578e-17,0.323809523809524,0.0858585858585859
2010,"budget_43_maximum","JHUNJHUNUJHUNJHUNUkuharoo","kuharoo","jhunjhunu","rajasthan jhunjhunu jhunjhunu कहड","rajasthan jhunjhunu jhunjhunu भर","kuhāḍū","Bhāru",0.0677777777777778,0.0847957839262187,3,19,266,0.00063154523422093,0.15599167285257,TRUE,0,0,0.253968253968254,0.323809523809524,0.0170180061484409
2010,"budget_43_maximum","BIKANERKOLAYATbarsalpur","barsalpur","kolayat","rajasthan bikaner kolayat बरसलपर","rajasthan bikaner kolayat भरसर","Barsalpur","Bhurāsar",5.55111512312578e-17,0.0758830541439238,2,227,0,-0.000663122495931977,0.150528806576559,TRUE,0,0,5.55111512312578e-17,0.25,0.0758830541439237
2010,"budget_43_maximum","JAIPURSANGANERlakhana","lakhana","sanganer","rajasthan jaipur sanganer लखन","rajasthan jaipur sanganer कलवड","Lākhanā","Kalvāḍā",5.55111512312578e-17,0.0810359231411863,2,211,11,-0.000736802773257752,0.14736055465155,FALSE,0,0,5.55111512312578e-17,0.257142857142857,0.0810359231411863
2010,"budget_43_maximum","BARMERSINDHARIkarna","karna","sindhari","rajasthan barmer sindhari करन","rajasthan barmer sindhari darguda","Karanā","Darguda",0.0342105263157895,0.0985797827903092,11,212,0,-0.000690752599929142,0.146439551184978,TRUE,0,4,0.122222222222222,0.323809523809524,0.0643692564745197
2010,"budget_43_maximum","DAUSALALSOTdidwana","didwana","lalsot","rajasthan dausa lalsot इनदव","rajasthan dausa lalsot डडवन","Indawa","Ḍiḍavānā",0.0577342047930285,0.0732140809540191,2,0,224,0.000644702426600533,0.144413343558519,TRUE,0,0,0.284126984126984,0.186507936507936,0.0154798761609906
2010,"budget_43_maximum","GANGANAGARGANGANAGARsahuwala","sahuwala","ganganagar","rajasthan sri ganganagar ganganagar सहवल","rajasthan sri ganganagar ganganagar लधवल","Sahuwala","Lādhūvālā",5.55111512312578e-17,0.0903435644814955,4,260,0,-0.000552602079943314,0.143676540785262,TRUE,0,4,5.55111512312578e-17,0.194444444444445,0.0903435644814955
2010,"budget_43_maximum","CHURURAJGARHdogawa","dogawa","rajgarh","rajasthan churu rajgarh डकव","rajasthan churu rajgarh gagrwas","Ḍokavā","Gagrwas",0.0740740740740742,0.0896686159844055,4,256,0,-0.000552602079943314,0.141466132465488,TRUE,0,0,0.222222222222222,0.253968253968254,0.0155945419103314
2010,"budget_43_maximum","CHURUTARANAGARalayala","alayala","taranagar","rajasthan churu taranagar अलयल","rajasthan churu taranagar बनयल","alayala","Baniyālā",5.55111512312578e-17,0.0947444368497001,2,220,0,-0.000614002311048127,0.135080508430588,TRUE,0,0,5.55111512312578e-17,0.353571428571429,0.0947444368497
2010,"budget_43_maximum","CHURUTARANAGARhadiyal","hadiyal","taranagar","rajasthan churu taranagar हडयल","rajasthan churu taranagar बय","Hadiyal","Bānyā",5.55111512312578e-17,0.0985797827903092,3,359,158,-0.000663122495931977,0.133287621682327,TRUE,0,0,5.55111512312578e-17,0.323809523809524,0.0985797827903091
2010,"budget_43_maximum","CHURUTARANAGARredi","redi","taranagar","rajasthan churu taranagar रड","rajasthan churu taranagar dheegi","Reṛī","Dheegi",0.0370370370370371,0.0881263616557734,2,216,0,-0.000614002311048127,0.132624499186395,TRUE,0,4,0.166666666666667,0.361111111111111,0.0510893246187363
2010,"budget_43_maximum","SAWAIMADHOPURBONLIdatuli","datuli","bonli","rajasthan sawai madhopur bonli दतल","rajasthan sawai madhopur bonli पपलद","Datuli","Piplada",5.55111512312578e-17,0.0980808080808082,10,50,282,0.000552602079943314,0.128203682546849,TRUE,0,0,5.55111512312578e-17,0.563492063492063,0.0980808080808081
2010,"budget_43_maximum","JAISALMERSAMkunda","kunda","sam","rajasthan jaisalmer sam कणड","rajasthan jaisalmer sam लणर","kūṇḍā","Luṇār",5.55111512312578e-17,0.0784313725490197,3,154,361,0.000607862287937645,0.125827493603093,FALSE,0,0,5.55111512312578e-17,0.266666666666667,0.0784313725490196
2010,"budget_43_maximum","SAWAIMADHOPURBONLInimod (rathod)","nimod (rathod)","bonli","rajasthan sawai madhopur bonli रठड नमद","rajasthan sawai madhopur bonli भडत","Rāṭhoḍ Nimod","Bhadoti",0.0517241379310345,0.0985823754789274,3,21,187,0.000736802773257752,0.122309260360787,FALSE,0,0,0.424242424242424,0.438311688311688,0.0468582375478929
2010,"budget_43_maximum","CHURUTARANAGARkohina","kohina","taranagar","rajasthan churu taranagar कहण","rajasthan churu taranagar भनण","Kohina","Bhanin",5.55111512312578e-17,0.0851851851851852,2,87,326,0.000491201848838501,0.117397241872402,FALSE,0,0,5.55111512312578e-17,0.444444444444445,0.0851851851851852
2010,"budget_43_maximum","DAUSASIKRAIgeejgarh","geejgarh","sikrai","rajasthan dausa sikrai garh","rajasthan dausa sikrai गजगढ","Garh","Gijgadh",0.0701754385964912,0.0896686159844055,2,0,248,0.000460501733286095,0.114204429854952,TRUE,4,0,0.541666666666667,0.220238095238095,0.0194931773879143
2010,"budget_43_maximum","CHURUTARANAGARgajuwas","gajuwas","taranagar","rajasthan churu taranagar togawas","rajasthan churu taranagar गजवस","Togawas","Gazuvash",0.0634920634920636,0.0772005772005772,2,0,204,0.000552602079943314,0.112730824308436,TRUE,0,0,0.19047619047619,0.220238095238095,0.0137085137085136
2010,"budget_43_maximum","JAIPURSANGANERkalwada","kalwada","sanganer","rajasthan jaipur sanganer कलवड","rajasthan jaipur sanganer लखन","Kalvāḍā","Lākhanā",0.0317460317460318,0.0810359231411863,2,11,211,0.000552602079943314,0.110520415988663,FALSE,0,0,0.0952380952380952,0.257142857142857,0.0492898913951545
2010,"budget_43_maximum","BUNDIHINDOLIalod","alod","hindoli","rajasthan bundi hindoli अलद","rajasthan bundi hindoli बसल","alod","Basolī",5.55111512312578e-17,0.0986111111111112,3,197,6,-0.000552602079943314,0.105546997269173,FALSE,0,0,5.55111512312578e-17,0.388888888888889,0.0986111111111111
2010,"budget_43_maximum","BUNDIHINDOLIbasoli","basoli","hindoli","rajasthan bundi hindoli बसल","rajasthan bundi hindoli अलद","Basolī","alod",5.55111512312578e-17,0.0986111111111112,2,6,197,0.000552602079943314,0.105546997269173,FALSE,0,0,5.55111512312578e-17,0.388888888888889,0.0986111111111111
2010,"budget_43_maximum","SAWAIMADHOPURBONLIbhadoti","bhadoti","bonli","rajasthan sawai madhopur bonli भडत","rajasthan sawai madhopur bonli bharja nadi","Bhadoti","Bharja Nadi",5.55111512312578e-17,0.0861904761904762,10,187,0,-0.000552602079943314,0.1033365889494,TRUE,0,4,5.55111512312578e-17,0.342857142857143,0.0861904761904762
2010,"budget_43_maximum","JHUNJHUNUALSISARgangiyasar","gangiyasar","alsisar","rajasthan jhunjhunu alsisar गगयसर","rajasthan jhunjhunu alsisar जबसर","Gangiyasar","Jabasar",5.55111512312578e-17,0.093088071348941,3,255,13,-0.000425078523033318,0.102869002574063,FALSE,0,0,5.55111512312578e-17,0.261904761904762,0.093088071348941
2010,"budget_43_maximum","GANGANAGARGANGANAGARsadhuwali","sadhuwali","ganganagar","rajasthan sri ganganagar ganganagar सधवल","rajasthan sri ganganagar ganganagar सहवल","Sadhuwali","Sahuwala",5.55111512312578e-17,0.0348932676518884,2,43,260,0.000460501733286095,0.0999288761230826,FALSE,0,0,5.55111512312578e-17,0.115740740740741,0.0348932676518883
2010,"budget_43_maximum","SAWAIMADHOPURBONLIbagdoli","bagdoli","bonli","rajasthan sawai madhopur bonli बगडल","rajasthan sawai madhopur bonli बरद","Bāgaḍōlī","Borada",0.0128205128205128,0.0905050505050505,10,76,207,0.000736802773257752,0.0965211632967655,TRUE,0,0,0.0416666666666667,0.357142857142857,0.0776845376845377
2010,"budget_43_maximum","BARMERSINDHARIkhudala","khudala","sindhari","rajasthan barmer sindhari खडल","rajasthan barmer sindhari चव","Khudala","Chava",5.55111512312578e-17,0.0985797827903092,7,111,268,0.000473658925665698,0.0743644513295145,FALSE,0,0,5.55111512312578e-17,0.323809523809524,0.0985797827903091
2010,"budget_43_maximum","JAISALMERSAMdeda","deda","sam","rajasthan jaisalmer sam डढ","rajasthan jaisalmer sam दवड","Ḍeḍhā","Devada",0.0196078431372549,0.0578703703703704,2,51,161,0.000552602079943314,0.0607862287937645,FALSE,0,0,0.0666666666666668,0.194444444444445,0.0382625272331156
2010,"budget_43_maximum","JHUNJHUNUCHIRAWAnarhar","narhar","chirawa","rajasthan jhunjhunu chirawa नरहड","rajasthan jhunjhunu chirawa चनन","Narhad","Chanana",0.0303030303030303,0.0904479578392623,3,71,216,0.000368401386628876,0.053418201061187,FALSE,0,0,0.111111111111111,0.468253968253968,0.060144927536232
2010,"budget_43_maximum","JAISALMERSAMdevda","devda","sam","rajasthan jaisalmer sam दवड","rajasthan jaisalmer sam दव","Devada","Dav",0.0381263616557735,0.0614379084967322,3,161,78,0.000414451559957485,-0.0343994794764713,FALSE,0,0,0.122222222222222,0.311111111111111,0.0233115468409587
2010,"budget_43_maximum","JHUNJHUNUBUHANAghasera","ghasera","buhana","rajasthan jhunjhunu buhana घसड","rajasthan jhunjhunu buhana ढण","Ghaseda","Ḍhāṇā",0.0303030303030303,0.093939393939394,3,27,0,-0.000552602079943314,0.0149202561584695,TRUE,0,0,0.0952380952380952,0.323809523809524,0.0636363636363636
