"year","variant","direction","value","changed","edges","integer_solve","attained"
2005,"broad","min",-6.98900947517541,43,15603,FALSE,TRUE
2005,"broad","max",6.05268119149175,43,15603,TRUE,TRUE
2005,"local_name_01","min",0.0198185295340222,9,4384,FALSE,TRUE
2005,"local_name_01","max",0.205604937241779,10,4384,FALSE,TRUE
2005,"near_best_001","min",-0.474429979633656,19,4531,FALSE,TRUE
2005,"near_best_001","max",0.602015404603594,27,4531,FALSE,TRUE
2005,"protect_exact","min",-5.25949448619858,43,9735,FALSE,TRUE
2005,"protect_exact","max",3.99749919358233,43,9735,FALSE,TRUE
2005,"no_new_donors","min",-4.88247575468018,43,12165,FALSE,TRUE
2005,"no_new_donors","max",5.05850658581179,NA,12165,FALSE,FALSE
2005,"no_new_missing","min",-6.37263998042708,43,14400,TRUE,TRUE
2005,"no_new_missing","max",5.93235479953359,43,14400,FALSE,TRUE
2005,"local_and_protect","min",0.0358642024598043,0,4363,FALSE,TRUE
2005,"local_and_protect","max",0.0474435540557422,1,4363,FALSE,TRUE
2010,"broad","min",-8.01624374363038,43,15603,FALSE,TRUE
2010,"broad","max",4.55447932792189,43,15603,FALSE,TRUE
2010,"local_name_01","min",-2.21864085205611,11,4384,FALSE,TRUE
2010,"local_name_01","max",-1.92128900083433,12,4384,FALSE,TRUE
2010,"near_best_001","min",-2.42292344549478,24,4531,FALSE,TRUE
2010,"near_best_001","max",-1.52929231686926,23,4531,FALSE,TRUE
2010,"protect_exact","min",-6.27514370457593,43,9735,FALSE,TRUE
2010,"protect_exact","max",2.61499326519665,43,9735,FALSE,TRUE
2010,"no_new_donors","min",-6.53535014916351,NA,12165,FALSE,FALSE
2010,"no_new_donors","max",3.11292728287704,43,12165,FALSE,TRUE
2010,"no_new_missing","min",-7.70433862341434,43,14400,FALSE,TRUE
2010,"no_new_missing","max",4.37603490627345,43,14400,FALSE,TRUE
2010,"local_and_protect","min",-2.00374311320082,2,4363,FALSE,TRUE
2010,"local_and_protect","max",-1.95219787717248,0,4363,FALSE,TRUE
