"statistic","exceedances","draws","p_mc","p_lower","p_upper","null_sd_mc","year","case"
0.0474435540561079,19573,19999,0.9787,0.975606444424104,0.981510204689244,1.70820079113772,2005,"local_and_protect:max"
0.0358642024601937,19667,19999,0.9834,0.980641423354962,0.985872513848914,1.7081838845545,2005,"local_and_protect:min"
0.205604937242122,18154,19999,0.90775,0.901738115390242,0.913514508789454,1.71173633187864,2005,"local_name_01:max"
0.0198185295344277,19830,19999,0.99155,0.989521813739875,0.993286692335009,1.70790622754591,2005,"local_name_01:min"
0.602015404603882,14633,19999,0.7317,0.722617705297299,0.740620419461518,1.71351005869174,2005,"near_best_001:max"
-0.47442997963335,15710,19999,0.78555,0.777115706892462,0.793796362679728,1.70882237414269,2005,"near_best_001:min"
-1.95219787717225,4201,19999,0.2101,0.201867422700182,0.218422638622946,1.55798296280696,2010,"local_and_protect:max"
-2.00374311320058,3955,19999,0.1978,0.189753538703488,0.205942481491853,1.55788962998872,2010,"local_and_protect:min"
-1.92128900083409,4328,19999,0.21645,0.208125824206607,0.22486116196169,1.55835067451443,2010,"local_name_01:max"
-2.21864085205587,3078,19999,0.15395,0.146672740810377,0.161344555419324,1.55970389964072,2010,"local_name_01:min"
-1.52929231686909,6566,19999,0.32835,0.318827911338024,0.337904968191896,1.56171780498101,2010,"near_best_001:max"
-2.42292344549455,2388,19999,0.11945,0.112922363942008,0.126111728367676,1.55973900686322,2010,"near_best_001:min"
