"scenario","effect","method","replicates","point_failures","interval_failures","bias","bias_mcse","rmse","empirical_se","mean_reported_se","coverage","coverage_mcse","rejection","rejection_mcse","width","target_shift","precision","reconstruction_containment","candidate_recall","true_linkage_containment","accepted_precision","retained_fraction","oracle_estimator_containment","estimator_width","scenario_seconds"
"independent_y",0,"adjusted",200,0,0,0.00130026035451786,0.00485722055098496,0.0685318639881534,0.0686914717864025,0.0730325850337402,0.95,0.0154110350074224,0.05,0.0154110350074224,0.286287733332262,0,0.7,1,1,1,0.988947308318368,0.4045,1,0.852600979133905,3.123
"independent_y",1,"adjusted",200,0,0,-0.0261897893437325,0.00835118964960071,0.120684035439759,0.118103656644151,0.0868951134470839,0.87,0.0237802439011882,0.99,0.00703562363973515,0.340628844712569,-0.00475327433864802,0.7,1,1,1,0.985436763328203,0.4011875,1,1.36369160942623,3.123
"independent_y",0,"attenuation",200,0,0,0.0118601980357115,0.0218902652404341,0.309027867747329,0.309575099869662,0.286781941320383,0.94,0.0167928556237467,0.06,0.0167928556237467,1.12416455280886,0,0.7,1,1,1,0.7,0.4045,1,0.852600979133905,3.123
"independent_y",1,"attenuation",200,0,0,0.0209889064567638,0.0279142761954941,0.394338294466056,0.394767479794962,0.390471332531255,0.94,0.0167928556237467,0.775,0.0295275295275443,1.53061949751325,0,0.7,1,1,1,0.7,0.4011875,1,1.36369160942623,3.123
"independent_y",0,"audit_difference",200,0,0,-0.00626838895370603,0.0174073920520416,0.2456414765725,0.246177699255429,0.246814969055752,0.94,0.0167928556237467,0.06,0.0167928556237467,0.967496900389285,0,0.7,1,1,1,0.7,0.4045,1,0.852600979133905,3.123
"independent_y",1,"audit_difference",200,0,0,-0.00181848543566885,0.0222839113605708,0.314358513943729,0.315142096688392,0.32396145574481,0.945,0.0161206389451535,0.905,0.0207334271166153,1.26990557127799,0,0.7,1,1,1,0.7,0.4011875,1,1.36369160942623,3.123
"independent_y",0,"exact_subset",200,0,0,0.00297201726218295,0.0237190060774123,0.33461095543537,0.335437400806864,0.313834197975751,0.915,0.019719913792915,0.085,0.019719913792915,1.23020745029897,0,0.7,1,1,1,1,0.4045,1,0.852600979133905,3.123
"independent_y",1,"exact_subset",200,0,0,0.0497180232675353,0.0276626061182061,0.393383550127077,0.39120832742952,0.396955649839443,0.95,0.0154110350074224,0.77,0.029757352032733,1.55603755429,-0.0045376411804923,0.7,1,1,1,1,0.4011875,1,1.36369160942623,3.123
"independent_y",0,"graph",200,200,0,NA,NA,NA,NA,NA,1,0,0,0,6.46959232412029,0,0.7,1,1,1,0.7,0.4045,1,0.852600979133905,3.123
"independent_y",1,"graph",200,200,0,NA,NA,NA,NA,NA,1,0,0,0,6.98068295441261,0,0.7,1,1,1,0.7,0.4011875,1,1.36369160942623,3.123
"independent_y",0,"high_confidence",200,0,0,0.00242882844294379,0.0234646734794623,0.331018864425675,0.331840594713118,0.312469340145053,0.915,0.019719913792915,0.085,0.019719913792915,1.2248573059146,0,0.7,1,1,1,0.988947308318368,0.4045,1,0.852600979133905,3.123
"independent_y",1,"high_confidence",200,0,0,0.0295484710981942,0.0274634811605018,0.388545272571208,0.388392275271596,0.395274423804488,0.945,0.0161206389451535,0.75,0.0306186217847897,1.54944726933324,-0.00475327433864802,0.7,1,1,1,0.985436763328203,0.4011875,1,1.36369160942623,3.123
"independent_y",0,"naive",200,0,0,0.00800656262038391,0.0150331868528869,0.212220285856,0.212601367330415,0.196579094675051,0.935,0.0174320107847603,0.065,0.0174320107847603,0.770575891353177,0,0.7,1,1,1,0.7,0.4045,1,0.852600979133905,3.123
"independent_y",1,"naive",200,0,0,-0.297900423264655,0.0191790750153413,0.402422922994745,0.271233080004667,0.262341994962937,0.805,0.0280156206427771,0.775,0.0295275295275443,1.02836172351949,0,0.7,1,1,1,0.7,0.4011875,1,1.36369160942623,3.123
"independent_y",0,"oracle",200,0,0,0.00500938499884797,0.0144160251415141,0.203424748576321,0.203873382706408,0.196690975581004,0.935,0.0174320107847603,0.065,0.0174320107847603,0.77101445644563,0,0.7,1,1,1,0.7,0.4045,1,0.852600979133905,3.123
"independent_y",1,"oracle",200,0,0,-0.0086292478712276,0.0174124571342672,0.245784464411217,0.246249330335208,0.250402902595446,0.965,0.012995191418367,0.975,0.0110397010829098,0.981561341422731,0,0.7,1,1,1,0.7,0.4011875,1,1.36369160942623,3.123
"independent_y",0,"validation_only",200,0,0,0.00910626323443138,0.0338584824440133,0.477719471948753,0.47883125073695,0.531627344039806,0.98,0.00989949493661167,0.02,0.00989949493661166,2.08394089502941,0,0.7,1,1,1,0.7,0.4045,1,0.852600979133905,3.123
"independent_y",1,"validation_only",200,0,0,-0.0487640450311708,0.0417123228181313,0.590441859279741,0.58990132647486,0.661925993686333,0.975,0.0110397010829098,0.255,0.0308200421803735,2.5947022161122,0,0.7,1,1,1,0.7,0.4011875,1,1.36369160942623,3.123
"covariate_y",0,"adjusted",200,0,0,0.00484286829990568,0.0041469661599918,0.0587002701140424,0.0586469578616267,0.0630531942132366,0.965,0.012995191418367,0.035,0.012995191418367,0.247168521315887,0,0.7,1,1,1,0.987948988145846,0.40725,1,0.781941098725155,2.822
"covariate_y",1,"adjusted",200,0,0,-0.242093363934776,0.0056169470874189,0.254730574692646,0.0794356275015987,0.0745145467598996,0.11,0.0221246468898376,1,0,0.292097023298806,-0.224282989999488,0.7,1,1,1,0.986241090436596,0.39675,1,1.36034422936541,2.822
"covariate_y",0,"attenuation",200,0,0,0.0357746862349719,0.0207568202004399,0.294988304102137,0.293545766392019,0.28651433770748,0.94,0.0167928556237467,0.06,0.0167928556237467,1.12311556592202,0,0.7,1,1,1,0.7,0.40725,1,0.781941098725155,2.822
"covariate_y",1,"attenuation",200,0,0,-0.250102699937692,0.0259168363961561,0.442962932833394,0.366519415252486,0.3950195387334,0.895,0.0216766002869454,0.425,0.0349553286352739,1.54844813821418,0,0.7,1,1,1,0.7,0.39675,1,1.36034422936541,2.822
"covariate_y",0,"audit_difference",200,0,0,0.0216126789043774,0.0149723611816619,0.21231405078538,0.211741162438547,0.201078152533963,0.94,0.0167928556237467,0.06,0.0167928556237467,0.788211874088837,0,0.7,1,1,1,0.7,0.40725,1,0.781941098725155,2.822
"covariate_y",1,"audit_difference",200,0,0,-0.00477880668719296,0.0190988180046863,0.269464361241711,0.270098074475228,0.285701585105118,0.965,0.012995191418367,0.945,0.0161206389451535,1.11992963426407,0,0.7,1,1,1,0.7,0.39675,1,1.36034422936541,2.822
"covariate_y",0,"exact_subset",200,0,0,0.00410804589136561,0.0157487472514795,0.22220139738366,0.222720919534283,0.228052900449025,0.95,0.0154110350074224,0.05,0.0154110350074224,0.893950942899973,0,0.7,1,1,1,1,0.40725,1,0.781941098725155,2.822
"covariate_y",1,"exact_subset",200,0,0,-0.23282351914168,0.0187620019354212,0.352501520101462,0.26533477594343,0.293424172610716,0.895,0.0216766002869454,0.705,0.0322470928922283,1.15020162102093,-0.235254244658355,0.7,1,1,1,1,0.39675,1,1.36034422936541,2.822
"covariate_y",0,"graph",200,200,0,NA,NA,NA,NA,NA,1,0,0,0,6.39893244371154,0,0.7,1,1,1,0.7,0.40725,1,0.781941098725155,2.822
"covariate_y",1,"graph",200,200,0,NA,NA,NA,NA,NA,1,0,0,0,6.97733557435179,0,0.7,1,1,1,0.7,0.39675,1,1.36034422936541,2.822
"covariate_y",0,"high_confidence",200,0,0,0.00128296729995881,0.0162195841043138,0.228808987585622,0.229379558163716,0.232413560554915,0.94,0.0167928556237467,0.06,0.0167928556237467,0.911044416412705,0,0.7,1,1,1,0.987948988145846,0.40725,1,0.781941098725155,2.822
"covariate_y",1,"high_confidence",200,0,0,-0.248508884747492,0.0193300503175965,0.36893520299549,0.273368193204993,0.302881778025171,0.91,0.0202361063448481,0.67,0.0332490601370926,1.18727475300558,-0.224282989999488,0.7,1,1,1,0.986241090436596,0.39675,1,1.36034422936541,2.822
"covariate_y",0,"naive",200,0,0,0.0242057809024584,0.0142873410430804,0.202996094867055,0.202053514733741,0.197652020137831,0.94,0.0167928556237467,0.06,0.0167928556237467,0.774781681883466,0,0.7,1,1,1,0.7,0.40725,1,0.781941098725155,2.822
"covariate_y",1,"naive",200,0,0,-0.47760549943574,0.017867277998939,0.540033052772185,0.2526814686879,0.269938132567004,0.575,0.0349553286352739,0.435,0.0350553134346279,1.05813803577065,0,0.7,1,1,1,0.7,0.39675,1,1.36034422936541,2.822
"covariate_y",0,"oracle",200,0,0,0.0227526413394604,0.014582650849488,0.206968041353583,0.206229826066974,0.197597778533557,0.935,0.0174320107847603,0.065,0.0174320107847603,0.774569058701788,0,0.7,1,1,1,0.7,0.40725,1,0.781941098725155,2.822
"covariate_y",1,"oracle",200,0,0,-0.00232951576274355,0.0170205204700234,0.240115288852491,0.240706508873559,0.25251803727444,0.945,0.0161206389451535,0.98,0.00989949493661167,0.98985251700929,0,0.7,1,1,1,0.7,0.39675,1,1.36034422936541,2.822
"covariate_y",0,"validation_only",200,0,0,0.0551116706016822,0.0364120785388971,0.51660366769657,0.514944553039026,0.530602936268156,0.94,0.0167928556237467,0.06,0.0167928556237467,2.07992529035357,0,0.7,1,1,1,0.7,0.40725,1,0.781941098725155,2.822
"covariate_y",1,"validation_only",200,0,0,-0.0170735027607647,0.0438870214804014,0.619338005233284,0.62065620989743,0.663734639048297,0.96,0.013856406460551,0.28,0.0317490157327751,2.60179197565271,0,0.7,1,1,1,0.7,0.39675,1,1.36034422936541,2.822
"assignment_y",0,"adjusted",200,0,0,0.00681418352454295,0.00793552193471143,0.112151514764568,0.112225227445781,0.0960178551645608,0.91,0.0202361063448481,0.09,0.0202361063448481,0.376389992245078,0,0.7,1,1,1,0.986816833638949,0.3995625,1,0.77504687205063,2.863
"assignment_y",1,"adjusted",200,0,0,0.0150987144116338,0.0112466623816666,0.159370532745536,0.159051824715843,0.114182219226587,0.845,0.0255905255905384,0.985,0.00859505671883555,0.447594299368221,-0.00191982431500044,0.7,1,1,1,0.988762346150897,0.39675,1,1.30829456289526,2.863
"assignment_y",0,"attenuation",200,0,0,-0.012978765329153,0.0209381458045973,0.295653906361221,0.296110097678068,0.28523798514686,0.945,0.0161206389451535,0.055,0.0161206389451535,1.11811235582123,0,0.7,1,1,1,0.7,0.3995625,1,0.77504687205063,2.863
"assignment_y",1,"attenuation",200,0,0,0.462623709004443,0.0248110411225791,0.580105732335669,0.350881108521479,0.382833598705102,0.82,0.0271661554144123,0.985,0.00859505671883555,1.50068013106772,0,0.7,1,1,1,0.7,0.39675,1,1.30829456289526,2.863
"assignment_y",0,"audit_difference",200,0,0,-0.0189971218849125,0.0177609112446527,0.251267654742419,0.251177215622926,0.246488166752706,0.945,0.0161206389451535,0.055,0.0161206389451535,0.966215858901214,0,0.7,1,1,1,0.7,0.3995625,1,0.77504687205063,2.863
"assignment_y",1,"audit_difference",200,0,0,0.0331292660647654,0.0246496138802341,0.349300211414868,0.348598182566872,0.343169072790952,0.945,0.0161206389451535,0.84,0.0259229627936314,1.34519804655654,0,0.7,1,1,1,0.7,0.39675,1,1.30829456289526,2.863
"assignment_y",0,"exact_subset",200,0,0,-0.000426994645320106,0.0262252949132065,0.369953557744851,0.370881677434907,0.353486381872293,0.91,0.0202361063448481,0.09,0.0202361063448481,1.38564115499013,0,0.7,1,1,1,1,0.3995625,1,0.77504687205063,2.863
"assignment_y",1,"exact_subset",200,0,0,0.057137033405877,0.0348937179676855,0.495541501546027,0.493471691915225,0.484596152192094,0.93,0.0180416185526687,0.57,0.0350071421284286,1.89958201068639,-0.00202295413013057,0.7,1,1,1,1,0.39675,1,1.30829456289526,2.863
"assignment_y",0,"graph",200,200,0,NA,NA,NA,NA,NA,1,0,0,0,6.39203821703701,0,0.7,1,1,1,0.7,0.3995625,1,0.77504687205063,2.863
"assignment_y",1,"graph",200,200,0,NA,NA,NA,NA,NA,1,0,0,0,6.92528590788164,0,0.7,1,1,1,0.7,0.39675,1,1.30829456289526,2.863
"assignment_y",0,"high_confidence",200,0,0,0.00194666897462874,0.0258349289499759,0.364451720720738,0.365361069040012,0.348554532464692,0.91,0.0202361063448481,0.09,0.0202361063448481,1.36630866055798,0,0.7,1,1,1,0.986816833638949,0.3995625,1,0.77504687205063,2.863
"assignment_y",1,"high_confidence",200,0,0,0.0581331690506184,0.0340116000208929,0.483301627975871,0.480996660275558,0.477145984280993,0.935,0.0174320107847603,0.555,0.0351407882666283,1.87037788911732,-0.00191982431500044,0.7,1,1,1,0.988762346150897,0.39675,1,1.30829456289526,2.863
"assignment_y",0,"naive",200,0,0,-0.0105616235215275,0.0143216095772484,0.202307042801664,0.202538144991572,0.196796557724707,0.94,0.0167928556237467,0.06,0.0167928556237467,0.771428330843767,0,0.7,1,1,1,0.7,0.3995625,1,0.77504687205063,2.863
"assignment_y",1,"naive",200,0,0,0.015308391766774,0.0163500384077116,0.231153140340512,0.231224460615068,0.25383484443525,0.97,0.0120623380818148,0.995,0.004987484335815,0.995014306228834,0,0.7,1,1,1,0.7,0.39675,1,1.30829456289526,2.863
"assignment_y",0,"oracle",200,0,0,-0.0105616235215275,0.0143216095772484,0.202307042801664,0.202538144991572,0.196796557724707,0.94,0.0167928556237467,0.06,0.0167928556237467,0.771428330843767,0,0.7,1,1,1,0.7,0.3995625,1,0.77504687205063,2.863
"assignment_y",1,"oracle",200,0,0,0.015308391766774,0.0163500384077116,0.231153140340512,0.231224460615068,0.25383484443525,0.97,0.0120623380818148,0.995,0.004987484335815,0.995014306228834,0,0.7,1,1,1,0.7,0.39675,1,1.30829456289526,2.863
"assignment_y",0,"validation_only",200,0,0,0.0374238484250963,0.0391081297806762,0.552955930978632,0.553072475348794,0.525742536278625,0.91,0.0202361063448481,0.09,0.0202361063448481,2.0608728724937,0,0.7,1,1,1,0.7,0.3995625,1,0.77504687205063,2.863
"assignment_y",1,"validation_only",200,0,0,-0.00334162808534455,0.0445272791017771,0.62814345872226,0.629710820013053,0.669260678833095,0.96,0.013856406460551,0.29,0.0320858224142689,2.62345365356339,0,0.7,1,1,1,0.7,0.39675,1,1.30829456289526,2.863
"outcome_y",0,"adjusted",200,0,0,-0.000884571830428086,0.00473036662148419,0.0667358956909989,0.0668974863109994,0.062118896125593,0.925,0.0186245805321892,0.075,0.0186245805321892,0.243506072812324,0,0.7,1,1,1,0.987401626684237,0.39925,1,0.767874485658039,2.842
"outcome_y",1,"adjusted",200,0,0,-0.205041901751141,0.00751765368339991,0.230843431220229,0.106315677962882,0.0810181807085112,0.23,0.029757352032733,1,0,0.317591268377364,-0.188132879743366,0.7,1,1,1,0.988088017889165,0.39825,1,1.29394067241714,2.842
"outcome_y",0,"attenuation",200,0,0,0.0184005639137901,0.0199215735067508,0.281630129528671,0.281733594370596,0.286859451204658,0.95,0.0154110350074224,0.05,0.0154110350074224,1.12446838597211,0,0.7,1,1,1,0.7,0.39925,1,0.767874485658039,2.842
"outcome_y",1,"attenuation",200,0,0,0.331704634324623,0.0259765484287161,0.494276640170309,0.367363870915319,0.382335088620789,0.9,0.0212132034355964,0.955,0.0146586152142691,1.49872600744535,0,0.7,1,1,1,0.7,0.39825,1,1.29394067241714,2.842
"outcome_y",0,"audit_difference",200,0,0,0.00775343419456038,0.0141034489983763,0.199104653883629,0.19945288849741,0.198541113912406,0.94,0.0167928556237467,0.06,0.0167928556237467,0.778266865437558,0,0.7,1,1,1,0.7,0.39925,1,0.767874485658039,2.842
"outcome_y",1,"audit_difference",200,0,0,-0.0208218375076539,0.0174857844091899,0.247544597076415,0.247286334602084,0.257700005947048,0.965,0.012995191418367,0.975,0.0110397010829098,1.01016546094394,0,0.7,1,1,1,0.7,0.39825,1,1.29394067241714,2.842
"outcome_y",0,"exact_subset",200,0,0,0.0140203075532705,0.0169286881698853,0.239219742436485,0.239407804030368,0.222756912512216,0.935,0.0174320107847603,0.065,0.0174320107847603,0.873191051662565,0,0.7,1,1,1,1,0.39925,1,0.767874485658039,2.842
"outcome_y",1,"exact_subset",200,0,0,-0.906067997985324,0.0208013793930567,0.952400124170118,0.29417592853729,0.275406128311828,0.105,0.0216766002869454,0.09,0.0202361063448481,1.0795721852256,-0.195661289929894,0.7,1,1,1,1,0.39825,1,1.29394067241714,2.842
"outcome_y",0,"graph",200,200,0,NA,NA,NA,NA,NA,1,0,0,0,6.38486583064442,0,0.7,1,1,1,0.7,0.39925,1,0.767874485658039,2.842
"outcome_y",1,"graph",200,200,0,NA,NA,NA,NA,NA,1,0,0,0,6.91093201740352,0,0.7,1,1,1,0.7,0.39825,1,1.29394067241714,2.842
"outcome_y",0,"high_confidence",200,0,0,0.020188748248104,0.0168315877905022,0.238295515522539,0.238034597296016,0.228558738824019,0.935,0.0174320107847603,0.065,0.0174320107847603,0.895933792893949,0,0.7,1,1,1,0.987401626684237,0.39925,1,0.767874485658039,2.842
"outcome_y",1,"high_confidence",200,0,0,-0.856759714838255,0.0222317007692975,0.912355558030831,0.314403727425609,0.289041811057396,0.19,0.0277398630133604,0.105,0.0216766002869454,1.13302307939745,-0.188132879743366,0.7,1,1,1,0.988088017889165,0.39825,1,1.29394067241714,2.842
"outcome_y",0,"naive",200,0,0,0.0123707942140347,0.0137233446113621,0.193986452688337,0.194077400705081,0.19751831539061,0.95,0.0154110350074224,0.05,0.0154110350074224,0.774257568905238,0,0.7,1,1,1,0.7,0.39925,1,0.767874485658039,2.842
"outcome_y",1,"naive",200,0,0,-0.0734692803085083,0.0176822033943723,0.260032956003966,0.250064118529609,0.25542418451974,0.94,0.0167928556237467,0.96,0.013856406460551,1.00124440487841,0,0.7,1,1,1,0.7,0.39825,1,1.29394067241714,2.842
"outcome_y",0,"oracle",200,0,0,0.0112113881572906,0.0138127646762818,0.195175296482108,0.195341991390657,0.197503311402344,0.95,0.0154110350074224,0.05,0.0154110350074224,0.774198754351988,0,0.7,1,1,1,0.7,0.39925,1,0.767874485658039,2.842
"outcome_y",1,"oracle",200,0,0,-0.0194015189300524,0.0173048027074232,0.244884058461588,0.244726866830285,0.252906013985493,0.955,0.0146586152142691,0.97,0.0120623380818148,0.9913733577703,0,0.7,1,1,1,0.7,0.39825,1,1.29394067241714,2.842
"outcome_y",0,"validation_only",200,0,0,0.0533764843799756,0.039523151591298,0.560091842392657,0.558941770081414,0.528452191250945,0.925,0.0186245805321892,0.075,0.0186245805321892,2.07149452480625,0,0.7,1,1,1,0.7,0.39925,1,0.767874485658039,2.842
"outcome_y",1,"validation_only",200,0,0,-0.0814926420641829,0.0439422301355421,0.625215202133078,0.621436978186034,0.663685318761674,0.96,0.013856406460551,0.265,0.0312069703752223,2.60159864368173,0,0.7,1,1,1,0.7,0.39825,1,1.29394067241714,2.842
"independent_t",0,"adjusted",200,0,0,-0.0071528116055575,0.00484282486915797,0.0686898850182342,0.068487886101609,0.063511460483836,0.915,0.019719913792915,0.085,0.019719913792915,0.248964925096637,0,0.7,1,1,1,0.986678255362958,0.3968125,1,0.851298609235708,2.827
"independent_t",1,"adjusted",200,0,0,-0.016232393816997,0.00605208501333045,0.0869045998652391,0.0855894070648688,0.0678438424815432,0.875,0.0233853586673371,1,0,0.265947862527649,-0.00261866383491509,0.7,1,1,1,0.989418343321021,0.4016875,1,1.38120961189765,2.827
"independent_t",0,"attenuation",200,0,0,0.0186566606286337,0.019949653912898,0.282042231843831,0.282130711282699,0.283877888755557,0.95,0.0154110350074224,0.05,0.0154110350074224,1.11278087593632,0,0.7,1,1,1,0.7,0.3968125,1,0.851298609235708,2.827
"independent_t",1,"attenuation",200,0,0,0.00499344252311553,0.0271369893558102,0.382846910052055,0.383774983889612,0.387096429036627,0.925,0.0186245805321892,0.74,0.0310161248385416,1.51739011891171,0,0.7,1,1,1,0.7,0.4016875,1,1.38120961189765,2.827
"independent_t",0,"audit_difference",200,0,0,-0.036973681083502,0.0300525472969277,0.425552602272205,0.42500719971174,0.425763924837045,0.925,0.0186245805321892,0.075,0.0186245805321892,1.66896391719405,0,0.7,1,1,1,0.7,0.3968125,1,0.851298609235708,2.827
"independent_t",1,"audit_difference",200,0,0,0.0101723466325959,0.0363051136650597,0.512247665689519,0.513431841286242,0.531451769159089,0.935,0.0174320107847603,0.475,0.0353111172295638,2.08325265414382,0,0.7,1,1,1,0.7,0.4016875,1,1.38120961189765,2.827
"independent_t",0,"exact_subset",200,0,0,0.00279335291185378,0.0227666194527836,0.321174837309456,0.321968619995137,0.320815232713147,0.935,0.0174320107847603,0.065,0.0174320107847603,1.25757260361921,0,0.7,1,1,1,1,0.3968125,1,0.851298609235708,2.827
"independent_t",1,"exact_subset",200,0,0,-0.0275764765702753,0.0288002340937826,0.407212113458711,0.407296816549474,0.406380197313089,0.935,0.0174320107847603,0.665,0.0333747659167821,1.59298110152787,-0.00263387507537403,0.7,1,1,1,1,0.4016875,1,1.38120961189765,2.827
"independent_t",0,"graph",200,200,0,NA,NA,NA,NA,NA,1,0,0,0,6.46828995422209,0,0.7,1,1,1,0.7,0.3968125,1,0.851298609235708,2.827
"independent_t",1,"graph",200,200,0,NA,NA,NA,NA,NA,1,0,0,0,6.99820095688403,0,0.7,1,1,1,0.7,0.4016875,1,1.38120961189765,2.827
"independent_t",0,"high_confidence",200,0,0,-0.00180380582587673,0.0223151805980116,0.314799528993787,0.315584310485129,0.318665516580548,0.945,0.0161206389451535,0.055,0.0161206389451535,1.24914587122545,0,0.7,1,1,1,0.986678255362958,0.3968125,1,0.851298609235708,2.827
"independent_t",1,"high_confidence",200,0,0,-0.0427139319586937,0.0289442651786696,0.410537217366792,0.409333723685979,0.404837406910537,0.935,0.0174320107847603,0.645,0.0338360015368246,1.58693347427848,-0.00261866383491509,0.7,1,1,1,0.989418343321021,0.4016875,1,1.38120961189765,2.827
"independent_t",0,"naive",200,0,0,0.0126090576489747,0.0139158398964175,0.196711610585948,0.196799695133263,0.196986835240796,0.95,0.0154110350074224,0.05,0.0154110350074224,0.772174205000972,0,0.7,1,1,1,0.7,0.3968125,1,0.851298609235708,2.827
"independent_t",1,"naive",200,0,0,-0.296857798721112,0.0189703627914672,0.399674381071743,0.268281443428308,0.264067252702879,0.815,0.0274567842253968,0.745,0.0308200421803735,1.03512460958816,0,0.7,1,1,1,0.7,0.4016875,1,1.38120961189765,2.827
"independent_t",0,"oracle",200,0,0,0.00784777864461649,0.0130493322754107,0.184250690971937,0.184545426837988,0.197134150982107,0.965,0.012995191418367,0.035,0.012995191418367,0.772751672095623,0,0.7,1,1,1,0.7,0.3968125,1,0.851298609235708,2.827
"independent_t",1,"oracle",200,0,0,-0.0123861078047135,0.0188490269306916,0.266186575726695,0.266565495229198,0.252357662492796,0.925,0.0186245805321892,0.96,0.013856406460551,0.989223859417189,0,0.7,1,1,1,0.7,0.4016875,1,1.38120961189765,2.827
"independent_t",0,"validation_only",200,0,0,0.00397504281031434,0.0380958896441953,0.537423357990795,0.538757238054897,0.534829134225422,0.945,0.0161206389451535,0.055,0.0161206389451535,2.09649168192913,0,0.7,1,1,1,0.7,0.3968125,1,0.851298609235708,2.827
"independent_t",1,"validation_only",200,0,0,0.0568403864640743,0.044982341246881,0.637094673749125,0.636146370586337,0.665474133536839,0.96,0.013856406460551,0.33,0.0332490601370926,2.6086106687504,0,0.7,1,1,1,0.7,0.4016875,1,1.38120961189765,2.827
"outcome_t",0,"adjusted",200,0,0,0.00512064513007458,0.00454414303752561,0.0643072232311515,0.0642638871303198,0.0635346881000683,0.925,0.0186245805321892,0.075,0.0186245805321892,0.249055977352268,0,0.7,1,1,1,0.988033205978011,0.3926875,1,0.792078102903825,2.861
"outcome_t",1,"adjusted",200,0,0,-0.217716505928384,0.00677181484157899,0.237752212875383,0.0957679239084043,0.07467985478733,0.23,0.029757352032733,1,0,0.292745030766333,-0.196537569127603,0.7,1,1,1,0.988234120902438,0.3990625,1,1.27279737096804,2.861
"outcome_t",0,"attenuation",200,0,0,0.0116913890752517,0.0181539084761113,0.256359128523552,0.256735035769965,0.288370239416033,0.965,0.012995191418367,0.035,0.012995191418367,1.13039056693724,0,0.7,1,1,1,0.7,0.3926875,1,0.792078102903825,2.861
"outcome_t",1,"attenuation",200,0,0,0.430386329379334,0.0285022671594953,0.588978658297254,0.403082927753395,0.382613690539106,0.81,0.0277398630133604,0.97,0.0120623380818148,1.4998181068972,0,0.7,1,1,1,0.7,0.3990625,1,1.27279737096804,2.861
"outcome_t",0,"audit_difference",200,0,0,0.0322870152784395,0.038719738381408,0.547162554713132,0.547579791505252,0.57392546742228,0.96,0.013856406460551,0.04,0.013856406460551,2.24974649191597,0,0.7,1,1,1,0.7,0.3926875,1,0.792078102903825,2.861
"outcome_t",1,"audit_difference",200,0,0,0.0128725626493222,0.0331758000337412,0.468179250647696,0.469176663502945,0.461318584053628,0.93,0.0180416185526687,0.59,0.0347778665245584,1.80833562028825,0,0.7,1,1,1,0.7,0.3990625,1,1.27279737096804,2.861
"outcome_t",0,"exact_subset",200,0,0,-0.0136762493175927,0.0164094959610885,0.23188807597006,0.232065317398779,0.229420774564887,0.935,0.0174320107847603,0.065,0.0174320107847603,0.899312910904924,0,0.7,1,1,1,1,0.3926875,1,0.792078102903825,2.861
"outcome_t",1,"exact_subset",200,0,0,-0.885416286732938,0.0203986234887846,0.931003042432809,0.288480099915816,0.274445654405859,0.105,0.0216766002869454,0.07,0.0180416185526687,1.07580719669802,-0.204525233866015,0.7,1,1,1,1,0.3990625,1,1.27279737096804,2.861
"outcome_t",0,"graph",200,200,0,NA,NA,NA,NA,NA,1,0,0,0,6.40906944789021,0,0.7,1,1,1,0.7,0.3926875,1,0.792078102903825,2.861
"outcome_t",1,"graph",200,200,0,NA,NA,NA,NA,NA,1,0,0,0,6.88978871595442,0,0.7,1,1,1,0.7,0.3990625,1,1.27279737096804,2.861
"outcome_t",0,"high_confidence",200,0,0,-0.0123953930009103,0.0160223157980933,0.226362213876078,0.226589763022882,0.234129549360418,0.94,0.0167928556237467,0.06,0.0167928556237467,0.917770968926023,0,0.7,1,1,1,0.988033205978011,0.3926875,1,0.792078102903825,2.861
"outcome_t",1,"high_confidence",200,0,0,-0.829866547060014,0.0212541033900932,0.882368478132434,0.300578412703497,0.291066089182551,0.205,0.0285460154837764,0.085,0.019719913792915,1.14095810383745,-0.196537569127603,0.7,1,1,1,0.988234120902438,0.3990625,1,1.27279737096804,2.861
"outcome_t",0,"naive",200,0,0,0.00963113892098188,0.0123540305132152,0.174540971554773,0.174712375017599,0.196523993820771,0.965,0.012995191418367,0.035,0.012995191418367,0.770359899973366,0,0.7,1,1,1,0.7,0.3926875,1,0.792078102903825,2.861
"outcome_t",1,"naive",200,0,0,-0.0054727524790331,0.019020954257165,0.268379385366083,0.26899691479761,0.2540660207505,0.935,0.0174320107847603,0.97,0.0120623380818148,0.995920500732772,0,0.7,1,1,1,0.7,0.3990625,1,1.27279737096804,2.861
"outcome_t",0,"oracle",200,0,0,0.00955452592629004,0.0123470519421903,0.174438463667397,0.174613683119705,0.196526157755861,0.975,0.0110397010829098,0.025,0.0110397010829098,0.770368382443048,0,0.7,1,1,1,0.7,0.3926875,1,0.792078102903825,2.861
"outcome_t",1,"oracle",200,0,0,0.0114160496775177,0.0187996189905959,0.265446859756078,0.265866761439476,0.25326366375056,0.935,0.0174320107847603,0.975,0.0110397010829098,0.992775319087522,0,0.7,1,1,1,0.7,0.3990625,1,1.27279737096804,2.861
"outcome_t",0,"validation_only",200,0,0,0.0327232928404585,0.036170869098335,0.511301121051744,0.511533336416872,0.534284201369012,0.95,0.0154110350074224,0.05,0.0154110350074224,2.09435558438402,0,0.7,1,1,1,0.7,0.3926875,1,0.792078102903825,2.861
"outcome_t",1,"validation_only",200,0,0,0.0026400073898724,0.0469132982602478,0.66179877819195,0.663454226552966,0.666323464940053,0.935,0.0174320107847603,0.305,0.0325557214633619,2.61193998667288,0,0.7,1,1,1,0.7,0.3990625,1,1.27279737096804,2.861
"covariate_x",0,"adjusted",200,0,0,-0.000247133892417368,0.00431527515692342,0.0608749489648486,0.0610272065229279,0.0639034688431545,0.95,0.0154110350074224,0.05,0.0154110350074224,0.250501597865166,0,0.7,1,1,1,0.988591932475091,0.396875,1,0,2.142
"covariate_x",1,"adjusted",200,0,0,-0.229467459786159,0.005593570719405,0.242655380624285,0.0791050357347558,0.0628154006535975,0.075,0.0186245805321892,1,0,0.246236370562102,-0.230817402155469,0.7,1,1,1,0.986968403251402,0.404125,1,0,2.142
"covariate_x",0,"attenuation",200,0,0,0.0106059880216334,0.021834710657639,0.308199043303148,0.308789439425255,0.286915943755397,0.93,0.0180416185526687,0.07,0.0180416185526687,1.12468983270179,0,0.7,1,1,1,0.7,0.396875,1,0,2.142
"covariate_x",1,"attenuation",200,0,0,0.452191668937382,0.0270914839402177,0.592058322609274,0.383131440130688,0.384278536495704,0.785,0.0290495266742851,0.965,0.012995191418367,1.50634418312668,0,0.7,1,1,1,0.7,0.404125,1,0,2.142
"covariate_x",0,"audit_difference",200,0,0,0.00636183601071826,0.0152008931736151,0.21452933705972,0.21497309286311,0.198286166034618,0.925,0.0186245805321892,0.075,0.0186245805321892,0.777267488120762,0,0.7,1,1,1,0.7,0.396875,1,0,2.142
"covariate_x",1,"audit_difference",200,0,0,0.00465564927168894,0.0178352390830808,0.251640080168325,0.252228369994596,0.256107983629997,0.965,0.012995191418367,0.965,0.012995191418367,1.00392484813593,0,0.7,1,1,1,0.7,0.404125,1,0,2.142
"covariate_x",0,"exact_subset",200,0,0,-0.0109367811328704,0.0178531837206553,0.252087506245905,0.252482145492893,0.228031091770572,0.915,0.019719913792915,0.085,0.019719913792915,0.893865454451338,0,0.7,1,1,1,1,0.396875,1,0,2.142
"covariate_x",1,"exact_subset",200,0,0,-0.219985207252574,0.0195398289743028,0.3526650957532,0.276334911419098,0.288428744251896,0.865,0.0241635055403805,0.77,0.029757352032733,1.13061990167966,-0.241307277547862,0.7,1,1,1,1,0.404125,1,0,2.142
"covariate_x",0,"graph",200,200,0,NA,NA,NA,NA,NA,1,0,0,0,5.61699134498638,0,0.7,1,1,1,0.7,0.396875,1,0,2.142
"covariate_x",1,"graph",200,200,0,NA,NA,NA,NA,NA,1,0,0,0,5.61699134498638,0,0.7,1,1,1,0.7,0.404125,1,0,2.142
"covariate_x",0,"high_confidence",200,0,0,-0.012444552934839,0.0180464363783454,0.254880297832775,0.255215150787593,0.232516598990429,0.92,0.0191833260932509,0.08,0.0191833260932509,0.911448319657964,0,0.7,1,1,1,0.988591932475091,0.396875,1,0,2.142
"covariate_x",1,"high_confidence",200,0,0,-0.207535663519984,0.0205105369158145,0.356071333335194,0.290062794778988,0.295643029743365,0.87,0.0237802439011882,0.78,0.0292916370317536,1.1588993811546,-0.230817402155469,0.7,1,1,1,0.986968403251402,0.404125,1,0,2.142
"covariate_x",0,"naive",200,0,0,0.00636183601071826,0.0152008931736151,0.21452933705972,0.21497309286311,0.198054965253716,0.93,0.0180416185526687,0.07,0.0180416185526687,0.776361197713231,0,0.7,1,1,1,0.7,0.396875,1,0,2.142
"covariate_x",1,"naive",200,0,0,0.00465564927168887,0.0178352390830808,0.251640080168325,0.252228369994596,0.253380482013958,0.96,0.013856406460551,0.965,0.012995191418367,0.993233238265511,0,0.7,1,1,1,0.7,0.404125,1,0,2.142
"covariate_x",0,"oracle",200,0,0,0.00636183601071826,0.0152008931736151,0.21452933705972,0.21497309286311,0.198054965253716,0.93,0.0180416185526687,0.07,0.0180416185526687,0.776361197713231,0,0.7,1,1,1,0.7,0.396875,1,0,2.142
"covariate_x",1,"oracle",200,0,0,0.00465564927168887,0.0178352390830808,0.251640080168325,0.252228369994596,0.253380482013958,0.96,0.013856406460551,0.965,0.012995191418367,0.993233238265511,0,0.7,1,1,1,0.7,0.404125,1,0,2.142
"covariate_x",0,"validation_only",200,0,0,0.0513989926608512,0.0353773872159507,0.501699314496029,0.50031180802122,0.531224059655197,0.975,0.0110397010829098,0.025,0.0110397010829098,2.08236004929068,0,0.7,1,1,1,0.7,0.396875,1,0,2.142
"covariate_x",1,"validation_only",200,0,0,0.0323916354130488,0.0492146675839611,0.695013550673144,0.696000503649213,0.665636706237363,0.935,0.0174320107847603,0.345,0.0336136133136561,2.6092479420262,0,0.7,1,1,1,0.7,0.404125,1,0,2.142
"joint_xy",0,"adjusted",200,0,0,0.0061719555781186,0.00452847482966722,0.0641794578347406,0.0640423052098057,0.0622850806412482,0.925,0.0186245805321892,0.075,0.0186245805321892,0.244157516113693,0,0.7,1,1,1,0.990008752855728,0.3984375,1,0.787936063342786,2.86
"joint_xy",1,"adjusted",200,0,0,-0.260196262198066,0.0060761681408757,0.273950979005017,0.0859299939208573,0.0692546862443603,0.105,0.0216766002869454,1,0,0.271478370077892,-0.235009420081947,0.7,1,1,1,0.989343000685809,0.398625,1,1.36998380202742,2.86
"joint_xy",0,"attenuation",200,0,0,0.00652462586944615,0.0186653706308454,0.263388281514791,0.263968202928621,0.287392334877258,0.96,0.013856406460551,0.04,0.013856406460551,1.1265572515846,0,0.7,1,1,1,0.7,0.3984375,1,0.787936063342786,2.86
"joint_xy",1,"attenuation",200,0,0,-0.183764102815878,0.0289173640029537,0.447410124738711,0.408953283610566,0.399526406056364,0.905,0.0207334271166153,0.525,0.0353111172295638,1.5661147334864,0,0.7,1,1,1,0.7,0.398625,1,1.36998380202742,2.86
"joint_xy",0,"audit_difference",200,0,0,-0.00349250843132033,0.0126206909732852,0.178071008036492,0.178483523409396,0.200472725476338,0.965,0.012995191418367,0.035,0.012995191418367,0.785838643632414,0,0.7,1,1,1,0.7,0.3984375,1,0.787936063342786,2.86
"joint_xy",1,"audit_difference",200,0,0,0.0279024065970618,0.0201207450549592,0.285206199486747,0.284550305417747,0.28528331670203,0.96,0.013856406460551,0.945,0.0161206389451535,1.11829005225222,0,0.7,1,1,1,0.7,0.398625,1,1.36998380202742,2.86
"joint_xy",0,"exact_subset",200,0,0,0.0109762099319425,0.0150998785008444,0.213292608877528,0.2135445296608,0.228930995883078,0.98,0.00989949493661167,0.02,0.00989949493661166,0.897393013751441,0,0.7,1,1,1,1,0.3984375,1,0.787936063342786,2.86
"joint_xy",1,"exact_subset",200,0,0,-0.207124599456851,0.0196347167868725,0.34586051849987,0.277676827733498,0.291116455471557,0.905,0.0207334271166153,0.74,0.0310161248385416,1.14115553606242,-0.243749692890626,0.7,1,1,1,1,0.398625,1,1.36998380202742,2.86
"joint_xy",0,"graph",200,200,0,NA,NA,NA,NA,NA,1,0,0,0,6.40492740832917,0,0.7,1,1,1,0.7,0.3984375,1,0.787936063342786,2.86
"joint_xy",1,"graph",200,200,0,NA,NA,NA,NA,NA,1,0,0,0,6.9869751470138,0,0.7,1,1,1,0.7,0.398625,1,1.36998380202742,2.86
"joint_xy",0,"high_confidence",200,0,0,0.015597925399143,0.0153780133487329,0.217493611154362,0.217477950401325,0.232631583370661,0.97,0.0120623380818148,0.03,0.0120623380818148,0.911899050146044,0,0.7,1,1,1,0.990008752855728,0.3984375,1,0.787936063342786,2.86
"joint_xy",1,"high_confidence",200,0,0,-0.222594770475443,0.0203946375339743,0.363759176697044,0.288423730002298,0.297230055661103,0.87,0.0237802439011882,0.72,0.0317490157327751,1.16512040843719,-0.235009420081947,0.7,1,1,1,0.989343000685809,0.398625,1,1.36998380202742,2.86
"joint_xy",0,"naive",200,0,0,0.00445135322585118,0.0125894613715283,0.177651984320346,0.178041870145875,0.197299705394739,0.955,0.0146586152142691,0.045,0.014658615214269,0.773400633468103,0,0.7,1,1,1,0.7,0.3984375,1,0.787936063342786,2.86
"joint_xy",1,"naive",200,0,0,-0.435442765631696,0.0194435109002,0.514628385585262,0.274972768152119,0.271574236318939,0.645,0.0338360015368246,0.55,0.0351781181986757,1.06455144462818,0,0.7,1,1,1,0.7,0.398625,1,1.36998380202742,2.86
"joint_xy",0,"oracle",200,0,0,0.00212997490354465,0.0125221150621179,0.176659012091783,0.177089449504435,0.197313029550795,0.96,0.013856406460551,0.04,0.013856406460551,0.773452863200092,0,0.7,1,1,1,0.7,0.3984375,1,0.787936063342786,2.86
"joint_xy",1,"oracle",200,0,0,0.0289265737347363,0.0175998158138733,0.24995538899532,0.24889898219248,0.253967002580264,0.945,0.0161206389451535,0.985,0.00859505671883555,0.995532356637817,0,0.7,1,1,1,0.7,0.398625,1,1.36998380202742,2.86
"joint_xy",0,"validation_only",200,0,0,-0.077614443089487,0.035190462850393,0.502453349302644,0.497668298292124,0.531468564820489,0.945,0.0161206389451535,0.055,0.0161206389451535,2.0833184919267,0,0.7,1,1,1,0.7,0.3984375,1,0.787936063342786,2.86
"joint_xy",1,"validation_only",200,0,0,-0.0113835230304044,0.045623135835755,0.643694196626509,0.645208574569147,0.665686390187896,0.95,0.0154110350074224,0.285,0.0319198214280719,2.6094426995335,0,0.7,1,1,1,0.7,0.398625,1,1.36998380202742,2.86
"joint_ty",0,"adjusted",200,0,0,-0.00145237131410941,0.00534066387537136,0.0753533331561628,0.0755283928462623,0.0745853468336762,0.945,0.0161206389451535,0.055,0.0161206389451535,0.292374559588011,0,0.7,1,1,1,0.988191657771933,0.4105625,1,0,2.501
"joint_ty",1,"adjusted",200,0,0,-0.000502478329891988,0.00764925335517539,0.107907167444581,0.108176778369169,0.0820071665168652,0.865,0.0241635055403805,1,0,0.321468092746112,-0.00057441097359263,0.7,1,1,1,0.985930207866502,0.40325,1,0,2.501
"joint_ty",0,"attenuation",200,0,0,-0.00339308319031105,0.0204683731194129,0.288761871351607,0.289466508651866,0.288137384618611,0.93,0.0180416185526687,0.07,0.0180416185526687,1.12947779290408,0,0.7,1,1,1,0.7,0.4105625,1,0,2.501
"joint_ty",1,"attenuation",200,0,0,0.417470641596274,0.0278879615056162,0.573630262090148,0.394395333881812,0.379892241962526,0.8,0.0282842712474619,0.97,0.0120623380818148,1.48915022450545,0,0.7,1,1,1,0.7,0.40325,1,0,2.501
"joint_ty",0,"audit_difference",200,0,0,-0.0209494061321835,0.0318583403962614,0.44990520593265,0.450544970630916,0.429623258581315,0.9,0.0212132034355964,0.1,0.0212132034355964,1.68409222748023,0,0.7,1,1,1,0.7,0.4105625,1,0,2.501
"joint_ty",1,"audit_difference",200,0,0,-0.0326734242468199,0.0396795127446477,0.560701199616062,0.561153050718368,0.530874680725002,0.93,0.0180416185526687,0.46,0.0352420203734122,2.08099050905041,0,0.7,1,1,1,0.7,0.40325,1,0,2.501
"joint_ty",0,"exact_subset",200,0,0,0.0326865843510022,0.0231562867551792,0.328290911293421,0.327479347833749,0.314381725775172,0.935,0.0174320107847603,0.065,0.0174320107847603,1.23235371983377,0,0.7,1,1,1,1,0.4105625,1,0,2.501
"joint_ty",1,"exact_subset",200,0,0,-0.00760699711558778,0.0313976960717525,0.44298432795002,0.444030476119409,0.406609682605373,0.925,0.0186245805321892,0.67,0.0332490601370926,1.59388066734359,0.00105996491112822,0.7,1,1,1,1,0.40325,1,0,2.501
"joint_ty",0,"graph",200,200,0,NA,NA,NA,NA,NA,1,0,0,0,5.61699134498638,0,0.7,1,1,1,0.7,0.4105625,1,0,2.501
"joint_ty",1,"graph",200,200,0,NA,NA,NA,NA,NA,1,0,0,0,5.61699134498638,0,0.7,1,1,1,0.7,0.40325,1,0,2.501
"joint_ty",0,"high_confidence",200,0,0,0.0349766596485559,0.0230497060621218,0.327031906212014,0.32597206921766,0.31230589468046,0.935,0.0174320107847603,0.065,0.0174320107847603,1.22421661146652,0,0.7,1,1,1,0.988191657771933,0.4105625,1,0,2.501
"joint_ty",1,"high_confidence",200,0,0,-0.00654832356076805,0.0309423949026623,0.436545311739348,0.437591545236491,0.40406029369119,0.93,0.0180416185526687,0.68,0.0329848450049413,1.58388724643482,-0.00057441097359263,0.7,1,1,1,0.985930207866502,0.40325,1,0,2.501
"joint_ty",0,"naive",200,0,0,-0.00484909855934094,0.0140665372033565,0.1984921662601,0.198930876886124,0.198456130335914,0.92,0.0191833260932509,0.08,0.0191833260932509,0.777933735939155,0,0.7,1,1,1,0.7,0.4105625,1,0,2.501
"joint_ty",1,"naive",200,0,0,-0.0143531211709895,0.018027190516279,0.254709544523723,0.254942973196053,0.252794047961125,0.96,0.013856406460551,0.97,0.0120623380818148,0.99093445901979,0,0.7,1,1,1,0.7,0.40325,1,0,2.501
"joint_ty",0,"oracle",200,0,0,-0.00484909855934093,0.0140665372033565,0.1984921662601,0.198930876886124,0.198456130335914,0.92,0.0191833260932509,0.08,0.0191833260932509,0.777933735939155,0,0.7,1,1,1,0.7,0.4105625,1,0,2.501
"joint_ty",1,"oracle",200,0,0,-0.0143531211709895,0.018027190516279,0.254709544523723,0.254942973196053,0.252794047961125,0.96,0.013856406460551,0.97,0.0120623380818148,0.99093445901979,0,0.7,1,1,1,0.7,0.40325,1,0,2.501
"joint_ty",0,"validation_only",200,0,0,-0.0172671848651487,0.037508157099677,0.52939934229933,0.530445444699839,0.527523153827266,0.97,0.0120623380818148,0.03,0.0120623380818148,2.06785276502485,0,0.7,1,1,1,0.7,0.4105625,1,0,2.501
"joint_ty",1,"validation_only",200,0,0,-0.0300895530391019,0.0468448168949838,0.66151214525289,0.662485753797705,0.667551319683267,0.96,0.013856406460551,0.3,0.0324037034920393,2.61675308882278,0,0.7,1,1,1,0.7,0.40325,1,0,2.501
"selection",0,"adjusted",200,0,0,0.0118672854025506,0.0133034025421043,0.188042430805076,0.188138523007526,0.176032199709796,0.935,0.0174320107847603,0.065,0.0174320107847603,0.6900462228624,0,0.7,1,0.64525,0,0.702389890385937,0.64525,1,5.38702993297271,2.587
"selection",1,"adjusted",200,0,0,-0.483073909380528,0.0166431268866953,0.537105336749644,0.235369357634608,0.234695268868222,0.425,0.0349553286352739,0.59,0.0347778665245584,0.92000545396343,-0.278617694568052,0.7,1,0.6514375,0,0.702964289826762,0.6514375,1,5.71990877821804,2.587
"selection",0,"attenuation",200,0,0,-0.0310137112001864,0.0225966649174422,0.320270345326024,0.319565099906471,0.316865144025455,0.94,0.0167928556237467,0.06,0.0167928556237467,1.24208854049198,0,0.7,1,0.64525,0,0.7,0.64525,1,5.38702993297271,2.587
"selection",1,"attenuation",200,0,0,-0.475020041725414,0.0283004320631563,0.620504646701472,0.400228548447341,0.409921335151898,0.785,0.0290495266742851,0.22,0.0292916370317536,1.60686210678458,0,0.7,1,0.6514375,0,0.7,0.6514375,1,5.71990877821804,2.587
"selection",0,"audit_difference",200,0,0,0.0336084729139111,0.0318226022618166,0.450169361884665,0.450039557086658,0.465364124337151,0.95,0.0154110350074224,0.05,0.0154110350074224,1.82419384679567,0,0.7,1,0.64525,0,0.7,0.64525,1,5.38702993297271,2.587
"selection",1,"audit_difference",200,0,0,-0.0875818914537492,0.0387341593123109,0.553387090687235,0.547783734265903,0.578089433733623,0.96,0.013856406460551,0.285,0.0319198214280719,2.26606893992211,0,0.7,1,0.6514375,0,0.7,0.6514375,1,5.71990877821804,2.587
"selection",0,"exact_subset",200,0,0,0.0375064753469395,0.0131366163867823,0.189072216418892,0.185779810578801,0.195591611725864,0.95,0.0154110350074224,0.05,0.0154110350074224,0.766705029321673,0,0.7,1,0.64525,0,1,0.64525,1,5.38702993297271,2.587
"selection",1,"exact_subset",200,0,0,-0.267367452488928,0.0164137637609144,0.353692339709869,0.232125673202732,0.24831345766739,0.81,0.0277398630133604,0.865,0.0241635055403805,0.973370867809391,-0.277969719113505,0.7,1,0.6514375,0,1,0.6514375,1,5.71990877821804,2.587
"selection",0,"graph",200,200,0,NA,NA,NA,NA,NA,1,0,0,0,10.9706614273119,0,0.7,1,0.64525,0,0.7,0.64525,1,5.38702993297271,2.587
"selection",1,"graph",200,200,0,NA,NA,NA,NA,NA,1,0,0,0,11.2337350688783,0,0.7,1,0.6514375,0,0.7,0.6514375,1,5.71990877821804,2.587
"selection",0,"high_confidence",200,0,0,0.0305244117082791,0.0143385793660533,0.204560789251561,0.202778134046355,0.206284255142678,0.96,0.013856406460551,0.04,0.013856406460551,0.808619421314641,0,0.7,1,0.64525,0,0.702389890385937,0.64525,1,5.38702993297271,2.587
"selection",1,"high_confidence",200,0,0,-0.480941519194582,0.0194510855084284,0.553710525138339,0.275079889288982,0.274131764991821,0.61,0.0344891287219611,0.47,0.0352916420700426,1.07457677280473,-0.278617694568052,0.7,1,0.6514375,0,0.702964289826762,0.6514375,1,5.71990877821804,2.587
"selection",0,"naive",200,0,0,-0.0230772879779688,0.0157332979521854,0.22314201183644,0.222502433448374,0.219428413797839,0.935,0.0174320107847603,0.065,0.0174320107847603,0.860143576457034,0,0.7,1,0.64525,0,0.7,0.64525,1,5.38702993297271,2.587
"selection",1,"naive",200,0,0,-0.63599402330707,0.0199057371991882,0.695226462382941,0.281509635161266,0.280674021357717,0.36,0.0339411254969543,0.235,0.02998124413696,1.1002219465143,0,0.7,1,0.6514375,0,0.7,0.6514375,1,5.71990877821804,2.587
"selection",0,"oracle",200,0,0,0.0637504379611812,0.0140908573887514,0.208748696926037,0.199274816246374,0.197864802473037,0.93,0.0180416185526687,0.07,0.0180416185526687,0.77561577331057,0,0.7,1,0.64525,0,0.7,0.64525,1,5.38702993297271,2.587
"selection",1,"oracle",200,0,0,-0.0242746985650039,0.0172273486599536,0.244231013220866,0.243631501186363,0.252322417850571,0.945,0.0161206389451535,0.965,0.012995191418367,0.989085702958369,0,0.7,1,0.6514375,0,0.7,0.6514375,1,5.71990877821804,2.587
"selection",0,"validation_only",200,0,0,0.0174116102695232,0.0376106058148404,0.530848509891739,0.531894288324157,0.535168688124753,0.945,0.0161206389451535,0.055,0.0161206389451535,2.09782270875613,0,0.7,1,0.64525,0,0.7,0.64525,1,5.38702993297271,2.587
"selection",1,"validation_only",200,0,0,-0.0991223146092961,0.045687280704032,0.652076244975369,0.646115719995886,0.663044080006203,0.945,0.0161206389451535,0.26,0.0310161248385416,2.5990850339493,0,0.7,1,0.6514375,0,0.7,0.6514375,1,5.71990877821804,2.587
"missing_edges",0,"adjusted",200,0,0,-0.000912313873731898,0.00587713555012446,0.0829122189380854,0.0831152480289107,0.0758274043287812,0.93,0.0180416185526687,0.07,0.0180416185526687,0.297243424968822,0,0.7,0,0.7,0,0.987979415201401,0.39675,0.65,0.346363372756087,2.728
"missing_edges",1,"adjusted",200,0,0,-0.00624093606484842,0.00826589039133787,0.116771628109427,0.116897342965195,0.0832167277547547,0.85,0.0252487623459052,0.995,0.004987484335815,0.326209572798638,0.00598717819762583,0.7,0,0.7,0,0.987695882566366,0.4025625,0.14,0.745953372773633,2.728
"missing_edges",0,"attenuation",200,0,0,0.0182349868873503,0.0196873787521829,0.278322651415638,0.27842158038913,0.283001210934579,0.945,0.0161206389451535,0.055,0.0161206389451535,1.10934436202599,0,0.7,0,0.7,0,0.7,0.39675,0.65,0.346363372756087,2.728
"missing_edges",1,"attenuation",200,0,0,0.0200876754191487,0.0268940094869571,0.379918117775881,0.380338729630454,0.393245838722862,0.945,0.0161206389451535,0.755,0.0304117575947198,1.54149536193411,0,0.7,0,0.7,0,0.7,0.4025625,0.14,0.745953372773633,2.728
"missing_edges",0,"audit_difference",200,0,0,-0.00307259604769642,0.0168885099422522,0.238261563606707,0.238839598086059,0.250278505752067,0.96,0.013856406460551,0.04,0.013856406460551,0.981073714757104,0,0.7,0,0.7,0,0.7,0.39675,0.65,0.346363372756087,2.728
"missing_edges",1,"audit_difference",200,0,0,0.0358084840425582,0.0234981752487431,0.333411054546088,0.332314381277923,0.330295405769437,0.945,0.0161206389451535,0.88,0.0229782505861521,1.29473419913428,0,0.7,0,0.7,0,0.7,0.4025625,0.14,0.745953372773633,2.728
"missing_edges",0,"exact_subset",200,0,0,0.00103582547705262,0.0217426763547486,0.306719943878484,0.307487877831742,0.316762668488248,0.945,0.0161206389451535,0.055,0.0161206389451535,1.24168684376753,0,0.7,0,0.7,0,1,0.39675,0.65,0.346363372756087,2.728
"missing_edges",1,"exact_subset",200,0,0,0.012843849389556,0.0285580086869829,0.403064978186066,0.403871231994999,0.401301734757668,0.965,0.012995191418367,0.68,0.0329848450049413,1.57307389411695,0.00614299169133588,0.7,0,0.7,0,1,0.4025625,0.14,0.745953372773633,2.728
"missing_edges",0,"graph",200,200,0,NA,NA,NA,NA,NA,1,0,0,0,5.96335471774247,0,0.7,0,0.7,0,0.7,0.39675,0.65,0.346363372756087,2.728
"missing_edges",1,"graph",200,200,0,NA,NA,NA,NA,NA,1,0,0,0,6.36294471776002,0,0.7,0,0.7,0,0.7,0.4025625,0.14,0.745953372773633,2.728
"missing_edges",0,"high_confidence",200,0,0,0.00187419022006451,0.0216762624055619,0.30578705435656,0.306548642755037,0.315332615309802,0.945,0.0161206389451535,0.055,0.0161206389451535,1.23608113831607,0,0.7,0,0.7,0,0.987979415201401,0.39675,0.65,0.346363372756087,2.728
"missing_edges",1,"high_confidence",200,0,0,0.000481004016222597,0.0284723833793845,0.401652683060989,0.402660307282119,0.399553929103185,0.965,0.012995191418367,0.67,0.0332490601370926,1.56622262184743,0.00598717819762583,0.7,0,0.7,0,0.987695882566366,0.4025625,0.14,0.745953372773633,2.728
"missing_edges",0,"naive",200,0,0,0.0120296338711458,0.0138630245857937,0.195931668633918,0.19605277384741,0.197531453312544,0.945,0.0161206389451535,0.055,0.0161206389451535,0.774309068612884,0,0.7,0,0.7,0,0.7,0.39675,0.65,0.346363372756087,2.728
"missing_edges",1,"naive",200,0,0,-0.294780706265575,0.0184459071296561,0.39319932764919,0.260864520330343,0.264565895857351,0.81,0.0277398630133604,0.755,0.0304117575947198,1.03707925483596,0,0.7,0,0.7,0,0.7,0.4025625,0.14,0.745953372773633,2.728
"missing_edges",0,"oracle",200,0,0,0.00966180583427777,0.014327710805468,0.202348033299261,0.202624429388524,0.197444389949953,0.92,0.0191833260932509,0.08,0.0191833260932509,0.773967786502779,0,0.7,0,0.7,0,0.7,0.39675,0.65,0.346363372756087,2.728
"missing_edges",1,"oracle",200,0,0,0.0168586549853964,0.0169380681608079,0.239534854872796,0.239540457134144,0.251610167804328,0.935,0.0174320107847603,0.985,0.00859505671883555,0.986293734081126,0,0.7,0,0.7,0,0.7,0.4025625,0.14,0.745953372773633,2.728
"missing_edges",0,"validation_only",200,0,0,0.0265988999347552,0.0365061765517576,0.515669454046805,0.516275299898822,0.530923813590845,0.945,0.0161206389451535,0.055,0.0161206389451535,2.08118310634543,0,0.7,0,0.7,0,0.7,0.39675,0.65,0.346363372756087,2.728
"missing_edges",1,"validation_only",200,0,0,0.0419775828019251,0.0489387217863704,0.691640670424001,0.692098040754887,0.659726731106693,0.925,0.0186245805321892,0.38,0.034322004603461,2.58608126521492,0,0.7,0,0.7,0,0.7,0.4025625,0.14,0.745953372773633,2.728
"duplicate_reuse",0,"adjusted",200,0,0,0.000207494020987258,0.00733947641761242,0.103536263968823,0.10379587090505,0.0878562992578758,0.94,0.0167928556237467,0.06,0.0167928556237467,0.344396693090873,0,0.7039375,1,1,1,0.986577730511458,0.400375,1,0.841991565854265,2.883
"duplicate_reuse",1,"adjusted",200,0,0,-0.0130628821155246,0.00994556973767059,0.140906337732307,0.140651596085412,0.0987676988542387,0.85,0.0252487623459052,0.995,0.004987484335815,0.387169379508616,-0.00462907842027269,0.7043125,1,1,1,0.991218020766335,0.3998125,1,1.36383990094328,2.883
"duplicate_reuse",0,"attenuation",200,0,0,-0.0118995776720078,0.0245143932288536,0.3460227442657,0.346685873775919,0.334855765296371,0.95,0.0154110350074224,0.05,0.0154110350074224,1.31261047999297,0,0.7039375,1,1,1,0.7039375,0.400375,1,0.841991565854265,2.883
"duplicate_reuse",1,"attenuation",200,0,0,-0.0398312149320941,0.0345135863295436,0.488500630815367,0.488095818733752,0.527789956312368,0.96,0.013856406460551,0.465,0.0352686121076518,2.06889861154842,0,0.7043125,1,1,1,0.7043125,0.3998125,1,1.36383990094328,2.883
"duplicate_reuse",0,"audit_difference",200,0,0,-0.0304669733531016,0.0249800848411948,0.353702077405948,0.353271747716482,0.29757103126063,0.895,0.0216766002869454,0.105,0.0216766002869454,1.16645700822656,0,0.7039375,1,1,1,0.7039375,0.400375,1,0.841991565854265,2.883
"duplicate_reuse",1,"audit_difference",200,0,0,0.0122604545835813,0.0329184220796572,0.464533312774524,0.465536789569731,0.451302028421982,0.935,0.0174320107847603,0.635,0.0340422531569225,1.76907144371391,0,0.7043125,1,1,1,0.7043125,0.3998125,1,1.36383990094328,2.883
"duplicate_reuse",0,"exact_subset",200,0,0,0.0190797981795181,0.0238100293407809,0.336423276012722,0.336724664142337,0.31610802766355,0.925,0.0186245805321892,0.075,0.0186245805321892,1.2391206988891,0,0.7039375,1,1,1,1,0.400375,1,0.841991565854265,2.883
"duplicate_reuse",1,"exact_subset",200,0,0,-0.00492600465063215,0.0255690643582924,0.360729675659432,0.361601175926876,0.404753380222282,0.97,0.0120623380818148,0.68,0.0329848450049413,1.58660409571304,-0.00430801996209471,0.7043125,1,1,1,1,0.3998125,1,1.36383990094328,2.883
"duplicate_reuse",0,"graph",200,200,0,NA,NA,NA,NA,NA,1,0,0,0,6.45898291084065,0,0.7039375,1,1,1,0.7039375,0.400375,1,0.841991565854265,2.883
"duplicate_reuse",1,"graph",200,200,0,NA,NA,NA,NA,NA,1,0,0,0,6.98083124592966,0,0.7043125,1,1,1,0.7043125,0.3998125,1,1.36383990094328,2.883
"duplicate_reuse",0,"high_confidence",200,0,0,0.00728308969682423,0.0241585522962301,0.340876132277429,0.341653523046283,0.318222428746734,0.925,0.0186245805321892,0.075,0.0186245805321892,1.24740899883292,0,0.7039375,1,1,1,0.986577730511458,0.400375,1,0.841991565854265,2.883
"duplicate_reuse",1,"high_confidence",200,0,0,-0.0125722388633911,0.0264637419205041,0.373528658660366,0.374253827351183,0.411405980920864,0.965,0.012995191418367,0.685,0.0328462326606873,1.61268181125853,-0.00462907842027269,0.7043125,1,1,1,0.991218020766335,0.3998125,1,1.36383990094328,2.883
"duplicate_reuse",0,"naive",200,0,0,-0.0078553644663363,0.0170312379861608,0.240383562565761,0.240858077440324,0.233445107219881,0.95,0.0154110350074224,0.05,0.0154110350074224,0.915088005036115,0,0.7039375,1,1,1,0.7039375,0.400375,1,0.841991565854265,2.883
"duplicate_reuse",1,"naive",200,0,0,-0.337772587872884,0.0233532424151785,0.471825956733478,0.330264721489321,0.360325645438238,0.87,0.0237802439011882,0.47,0.0352916420700426,1.41245057553019,0,0.7043125,1,1,1,0.7043125,0.3998125,1,1.36383990094328,2.883
"duplicate_reuse",0,"oracle",200,0,0,-0.00818952332978954,0.0168858380193471,0.238344796229914,0.238801811389959,0.196215102913886,0.905,0.0207334271166153,0.095,0.0207334271166153,0.769149069868074,0,0.7039375,1,1,1,0.7039375,0.400375,1,0.841991565854265,2.883
"duplicate_reuse",1,"oracle",200,0,0,0.009077373408759,0.0176002687306257,0.248448226249777,0.24890538740262,0.255026304719375,0.955,0.0146586152142691,0.97,0.0120623380818148,0.999684744720625,0,0.7043125,1,1,1,0.7043125,0.3998125,1,1.36383990094328,2.883
"duplicate_reuse",0,"validation_only",200,0,0,0.0518482105860137,0.0409618008792461,0.580158766256187,0.57928734342656,0.529407005816137,0.93,0.0180416185526687,0.07,0.0180416185526687,2.07523732912563,0,0.7039375,1,1,1,0.7039375,0.400375,1,0.841991565854265,2.883
"duplicate_reuse",1,"validation_only",200,0,0,-0.0147329058061237,0.0470619260492687,0.664053620066476,0.665556140902754,0.669055047758078,0.95,0.0154110350074224,0.305,0.0325557214633619,2.62264759456112,0,0.7043125,1,1,1,0.7043125,0.3998125,1,1.36383990094328,2.883
"unequal_arms",0,"adjusted",200,0,0,-0.00223762276009928,0.00802725687190173,0.113260499205273,0.113522555368961,0.0971993570508333,0.925,0.0186245805321892,0.075,0.0186245805321892,0.381021479639267,0,0.7,1,1,1,0.987135145475353,0.3924375,1,0.927364388393052,2.988
"unequal_arms",1,"adjusted",200,0,0,-0.0408907621055785,0.0133144938688362,0.192223640781375,0.188295378054416,0.11107293336469,0.855,0.0248972890090467,0.96,0.013856406460551,0.435405898789586,-0.00353130658515638,0.7,1,1,1,0.988204019168699,0.3986875,1,1.45593727893288,2.988
"unequal_arms",0,"attenuation",200,0,0,0.0125769518734962,0.0235776068350996,0.332840780236534,0.333437713544984,0.332498825494498,0.955,0.0146586152142691,0.045,0.014658615214269,1.30337144574217,0,0.7,1,1,1,0.7,0.3924375,1,0.927364388393052,2.988
"unequal_arms",1,"attenuation",200,0,0,0.0320026416533327,0.032751213195162,0.463119768805033,0.463172098847707,0.4714768556073,0.97,0.0120623380818148,0.59,0.0347778665245584,1.848155313069,0,0.7,1,1,1,0.7,0.3986875,1,1.45593727893288,2.988
"unequal_arms",0,"audit_difference",200,0,0,0.0177639475147241,0.0213708323514597,0.301995596714175,0.30222920950636,0.293046112127135,0.965,0.012995191418367,0.035,0.012995191418367,1.14871965115734,0,0.7,1,1,1,0.7,0.3924375,1,0.927364388393052,2.988
"unequal_arms",1,"audit_difference",200,0,0,0.0197122422753874,0.0289972674925286,0.409531482770424,0.410083289596945,0.402167922320638,0.93,0.0180416185526687,0.715,0.0319198214280719,1.5764692869715,0,0.7,1,1,1,0.7,0.3986875,1,1.45593727893288,2.988
"unequal_arms",0,"exact_subset",200,0,0,0.0165536271898458,0.0277263571563769,0.391478540822574,0.392109903257485,0.363862755969189,0.92,0.0191833260932509,0.08,0.0191833260932509,1.42631579403019,0,0.7,1,1,1,1,0.3924375,1,0.927364388393052,2.988
"unequal_arms",1,"exact_subset",200,0,0,0.0358868223468546,0.0357489748312857,0.505576616463071,0.505566850473387,0.525522596961664,0.94,0.0167928556237467,0.47,0.0352916420700426,2.06001072621364,-0.00507398733300645,0.7,1,1,1,1,0.3986875,1,1.45593727893288,2.988
"unequal_arms",0,"graph",200,200,0,NA,NA,NA,NA,NA,1,0,0,0,7.19230417244008,0,0.7,1,1,1,0.7,0.3924375,1,0.927364388393052,2.988
"unequal_arms",1,"graph",200,200,0,NA,NA,NA,NA,NA,1,0,0,0,7.7208770629799,0,0.7,1,1,1,0.7,0.3986875,1,1.45593727893288,2.988
"unequal_arms",0,"high_confidence",200,0,0,0.0142020238937925,0.0272812736959768,0.385111683129925,0.385815472596627,0.362912719424528,0.925,0.0186245805321892,0.075,0.0186245805321892,1.42259171920713,0,0.7,1,1,1,0.987135145475353,0.3924375,1,0.927364388393052,2.988
"unequal_arms",1,"high_confidence",200,0,0,0.0128104088444082,0.0351065641976005,0.495404688791951,0.496481792165683,0.520207654601868,0.94,0.0167928556237467,0.47,0.0352916420700426,2.03917653500343,-0.00353130658515638,0.7,1,1,1,0.988204019168699,0.3986875,1,1.45593727893288,2.988
"unequal_arms",0,"naive",200,0,0,0.008460716942884,0.0161859832499449,0.228488092536393,0.228904370324158,0.22805025737565,0.955,0.0146586152142691,0.045,0.014658615214269,0.893940582242727,0,0.7,1,1,1,0.7,0.3924375,1,0.927364388393052,2.988
"unequal_arms",1,"naive",200,0,0,-0.288479324836086,0.0216020081228798,0.41962247924907,0.305498528618703,0.32015889919555,0.84,0.0259229627936314,0.6,0.0346410161513775,1.25499982350653,0,0.7,1,1,1,0.7,0.3986875,1,1.45593727893288,2.988
"unequal_arms",0,"oracle",200,0,0,0.0205182686931919,0.016856001334661,0.238666777679656,0.238379856948565,0.22866098048794,0.925,0.0186245805321892,0.075,0.0186245805321892,0.896334572851957,0,0.7,1,1,1,0.7,0.3924375,1,0.927364388393052,2.988
"unequal_arms",1,"oracle",200,0,0,0.00603936234699796,0.0223238836909339,0.314975038255066,0.315707390805582,0.318564113438205,0.95,0.0154110350074224,0.86,0.0245356882927706,1.24874837821163,0,0.7,1,1,1,0.7,0.3986875,1,1.45593727893288,2.988
"unequal_arms",0,"validation_only",200,0,0,0.0975303721680695,0.045830665236722,0.653836140655514,0.648143483503534,0.613058209739263,0.91,0.0202361063448481,0.09,0.0202361063448481,2.40314402303112,0,0.7,1,1,1,0.7,0.3924375,1,0.927364388393052,2.988
"unequal_arms",1,"validation_only",200,0,0,0.0598483774979135,0.0590334991858208,0.834917768099033,0.834859751829289,0.846560017765433,0.935,0.0174320107847603,0.185,0.0274567842253968,3.31845429114367,0,0.7,1,1,1,0.7,0.3986875,1,1.45593727893288,2.988
"high_error",0,"adjusted",200,0,0,0.00670013055784869,0.0113583107667089,0.160368716465045,0.16063077131928,0.132919028942559,0.92,0.0191833260932509,0.08,0.0191833260932509,0.521042593454832,0,0.4,1,1,1,0.955619827047438,0.23725,1,1.22854062127954,3.043
"high_error",1,"adjusted",200,0,0,-0.0369120221419098,0.0149422219339818,0.213993520105525,0.211314929110257,0.160276531398412,0.845,0.0255905255905384,0.94,0.0167928556237467,0.628284003081774,0.0026182003838565,0.4,1,1,1,0.954496217908033,0.2371875,1,1.82672276124321,3.043
"high_error",0,"attenuation",200,0,0,-0.0857806967174875,0.0373681960713007,0.534077111825951,0.528466096854505,0.518967724714737,0.945,0.0161206389451535,0.055,0.0161206389451535,2.03431609915916,0,0.4,1,1,1,0.4,0.23725,1,1.22854062127954,3.043
"high_error",1,"attenuation",200,0,0,0.0347985552596414,0.0522198440702866,0.737473016644299,0.738500117092075,0.72541672491578,0.95,0.0154110350074224,0.325,0.0331191032487294,2.84358130923586,0,0.4,1,1,1,0.4,0.2371875,1,1.82672276124321,3.043
"high_error",0,"audit_difference",200,0,0,0.0296436818914837,0.0196438954255447,0.278692286844364,0.277806633286441,0.291573853921201,0.95,0.0154110350074224,0.05,0.0154110350074224,1.14294850503819,0,0.4,1,1,1,0.4,0.23725,1,1.22854062127954,3.043
"high_error",1,"audit_difference",200,0,0,0.0226594944896701,0.0274388220697864,0.387734903058042,0.388043543066341,0.387188721953079,0.945,0.0161206389451535,0.735,0.0312069703752223,1.51775190049626,0,0.4,1,1,1,0.4,0.2371875,1,1.82672276124321,3.043
"high_error",0,"exact_subset",200,0,0,-0.0579287596649922,0.0291176979589454,0.41482040420834,0.41178643358624,0.427643916719669,0.93,0.0180416185526687,0.07,0.0180416185526687,1.6763333499564,0,0.4,1,1,1,1,0.23725,1,1.22854062127954,3.043
"high_error",1,"exact_subset",200,0,0,0.080944956780105,0.0401247504352107,0.571787731530009,0.567449662523107,0.536880525309895,0.92,0.0191833260932509,0.51,0.0353482672842673,2.10453298721668,0.00510316703396017,0.4,1,1,1,1,0.2371875,1,1.82672276124321,3.043
"high_error",0,"graph",200,200,0,NA,NA,NA,NA,NA,1,0,0,0,6.84553196626593,0,0.4,1,1,1,0.4,0.23725,1,1.22854062127954,3.043
"high_error",1,"graph",200,200,0,NA,NA,NA,NA,NA,1,0,0,0,7.44371410622959,0,0.4,1,1,1,0.4,0.2371875,1,1.82672276124321,3.043
"high_error",0,"high_confidence",200,0,0,-0.0527639034416271,0.0293060540031737,0.416766295365336,0.414450190309265,0.41500269288357,0.92,0.0191833260932509,0.08,0.0191833260932509,1.62678066307787,0,0.4,1,1,1,0.955619827047438,0.23725,1,1.22854062127954,3.043
"high_error",1,"high_confidence",200,0,0,0.030708712197739,0.0386918690783865,0.546679166264697,0.547185660042184,0.528785218344207,0.925,0.0186245805321892,0.465,0.0352686121076518,2.07279996702359,0.0026182003838565,0.4,1,1,1,0.954496217908033,0.2371875,1,1.82672276124321,3.043
"high_error",0,"naive",200,0,0,-0.0330847310806741,0.0140373548454292,0.200766078586306,0.198518176022496,0.196664381301812,0.945,0.0161206389451535,0.055,0.0161206389451535,0.770910208786808,0,0.4,1,1,1,0.4,0.23725,1,1.22854062127954,3.043
"high_error",1,"naive",200,0,0,-0.595711225432582,0.0201144914020214,0.659837725667778,0.284461865409757,0.27281735030495,0.395,0.0345669639974355,0.34,0.0334962684488884,1.0694243619107,0,0.4,1,1,1,0.4,0.2371875,1,1.82672276124321,3.043
"high_error",0,"oracle",200,0,0,0.00835786737279269,0.0135641092679564,0.191527754994937,0.191825472882546,0.196779320380064,0.955,0.0146586152142691,0.045,0.014658615214269,0.771360761694388,0,0.4,1,1,1,0.4,0.23725,1,1.22854062127954,3.043
"high_error",1,"oracle",200,0,0,0.0143432981121412,0.0188168291944032,0.26583127981122,0.26611015047583,0.252171705003452,0.94,0.0167928556237467,0.98,0.00989949493661167,0.98849491945365,0,0.4,1,1,1,0.4,0.2371875,1,1.82672276124321,3.043
"high_error",0,"validation_only",200,0,0,0.073501727009099,0.036713972255462,0.523103947480338,0.519213974922639,0.528430102643199,0.965,0.012995191418367,0.035,0.012995191418367,2.07140793905495,0,0.4,1,1,1,0.4,0.23725,1,1.22854062127954,3.043
"high_error",1,"validation_only",200,0,0,0.0525349044412375,0.0451438984786294,0.638996289961499,0.638431134868718,0.664600925007191,0.945,0.0161206389451535,0.285,0.0319198214280719,2.6051877542122,0,0.4,1,1,1,0.4,0.2371875,1,1.82672276124321,3.043
"homogeneous",0,"adjusted",200,0,0,0.0104150281569352,0.00532833954062803,0.0758836086470165,0.0753541004328499,0.0736753776597879,0.95,0.0154110350074224,0.05,0.0154110350074224,0.288807480426369,0,0.7,1,1,1,0.987508741157298,0.403,1,0.83851330600963,2.884
"homogeneous",1,"adjusted",200,0,0,-0.0163958698423898,0.00645161270051826,0.0924762808992058,0.0912395818025144,0.0762668290116174,0.91,0.0202361063448481,1,0,0.29896596972554,0,0.7,1,1,1,0.987675566983448,0.3994375,1,1.20008130655321,2.884
"homogeneous",0,"attenuation",200,0,0,-0.0164226603286946,0.019278850697409,0.272457054470345,0.272644121232419,0.287094109041297,0.95,0.0154110350074224,0.05,0.0154110350074224,1.12538822778911,0,0.7,1,1,1,0.7,0.403,1,0.83851330600963,2.884
"homogeneous",1,"attenuation",200,0,0,-0.0140338681937823,0.0240960300693767,0.340205913840776,0.340769325234625,0.318270080723114,0.925,0.0186245805321892,0.85,0.0252487623459052,1.24759579114792,0,0.7,1,1,1,0.7,0.3994375,1,1.20008130655321,2.884
"homogeneous",0,"audit_difference",200,0,0,0.0134983005711052,0.0174369601368656,0.24634868033424,0.246595855121144,0.249225734624301,0.945,0.0161206389451535,0.055,0.0161206389451535,0.976946927768334,0,0.7,1,1,1,0.7,0.403,1,0.83851330600963,2.884
"homogeneous",1,"audit_difference",200,0,0,-0.0112333746023592,0.0182765910648695,0.258067648329848,0.258470029578854,0.25931267901321,0.945,0.0161206389451535,0.955,0.0146586152142691,1.01648702320098,0,0.7,1,1,1,0.7,0.3994375,1,1.20008130655321,2.884
"homogeneous",0,"exact_subset",200,0,0,0.00681609848847601,0.0217622009687707,0.307069282098735,0.307763997571244,0.319158476079454,0.955,0.0146586152142691,0.045,0.014658615214269,1.25107823695284,0,0.7,1,1,1,1,0.403,1,0.83851330600963,2.884
"homogeneous",1,"exact_subset",200,0,0,-0.0324374387966907,0.0242152072093738,0.343134176691973,0.342454744511712,0.320979010052981,0.94,0.0167928556237467,0.825,0.0268677315752558,1.25821459899432,0,0.7,1,1,1,1,0.3994375,1,1.20008130655321,2.884
"homogeneous",0,"graph",200,200,0,NA,NA,NA,NA,NA,1,0,0,0,6.45550465099601,0,0.7,1,1,1,0.7,0.403,1,0.83851330600963,2.884
"homogeneous",1,"graph",200,200,0,NA,NA,NA,NA,NA,1,0,0,0,6.8170726515396,0,0.7,1,1,1,0.7,0.3994375,1,1.20008130655321,2.884
"homogeneous",0,"high_confidence",200,0,0,0.00669292201338771,0.0217208246555057,0.306483026812917,0.307178848137441,0.316901582762931,0.96,0.013856406460551,0.04,0.013856406460551,1.24223137771817,0,0.7,1,1,1,0.987508741157298,0.403,1,0.83851330600963,2.884
"homogeneous",1,"high_confidence",200,0,0,-0.0451104543640949,0.0242215266212322,0.344651622821776,0.342544114491276,0.319712768521096,0.925,0.0186245805321892,0.81,0.0277398630133604,1.25325102339788,0,0.7,1,1,1,0.987675566983448,0.3994375,1,1.20008130655321,2.884
"homogeneous",0,"naive",200,0,0,-0.0114788135361567,0.0133491777307819,0.188662852283407,0.188785881934007,0.198340021334046,0.95,0.0154110350074224,0.05,0.0154110350074224,0.777478597015272,0,0.7,1,1,1,0.7,0.403,1,0.83851330600963,2.884
"homogeneous",1,"naive",200,0,0,-0.320508240474423,0.0160931050193017,0.39276475149293,0.22759087378991,0.212452505875872,0.635,0.0340422531569225,0.85,0.0252487623459052,0.832798519883985,0,0.7,1,1,1,0.7,0.3994375,1,1.20008130655321,2.884
"homogeneous",0,"oracle",200,0,0,-0.00230324456515372,0.0130326840229198,0.183863059506089,0.184309984993364,0.19839546043911,0.965,0.012995191418367,0.035,0.012995191418367,0.777695914313793,0,0.7,1,1,1,0.7,0.403,1,0.83851330600963,2.884
"homogeneous",1,"oracle",200,0,0,-0.0205812992598396,0.0145662685563427,0.206510652583994,0.205998145455486,0.197300463763057,0.945,0.0161206389451535,1,0,0.773403606217283,0,0.7,1,1,1,0.7,0.3994375,1,1.20008130655321,2.884
"homogeneous",0,"validation_only",200,0,0,0.0119407599157887,0.0364854026061745,0.51482843531701,0.515981511942946,0.53207553477672,0.945,0.0161206389451535,0.055,0.0161206389451535,2.08569777043452,0,0.7,1,1,1,0.7,0.403,1,0.83851330600963,2.884
"homogeneous",1,"validation_only",200,0,0,-0.0134321006545214,0.041144702589455,0.580572859348213,0.581873964218147,0.627093622640592,0.955,0.0146586152142691,0.355,0.0338360015368246,2.45816183062062,0,0.7,1,1,1,0.7,0.3994375,1,1.20008130655321,2.884
"identifiers",0,"adjusted",200,0,0,-0.0100143043356684,0.00675674442417027,0.0958402407072574,0.0955547960215038,0.0979068945623378,0.965,0.012995191418367,0.035,0.012995191418367,0.383795026684364,0,0.880375,1,1,1,0.880375,1,1,12,3.203
"identifiers",1,"adjusted",200,0,0,-0.113852693617814,0.00941533335789952,0.174938525745093,0.133152921290053,0.133290807235768,0.915,0.019719913792915,1,0,0.522499964364211,0,0.882,1,1,1,0.882,1,1,12,3.203
"identifiers",0,"attenuation",200,0,0,0.010205789302062,0.0160436865517752,0.226554041878377,0.226891991119834,0.223771559845072,0.95,0.0154110350074224,0.05,0.0154110350074224,0.877168396121382,0,0.880375,1,1,1,0.880375,1,1,12,3.203
"identifiers",1,"attenuation",200,0,0,0.0244098745359638,0.0211401240814027,0.29921548483343,0.298966501861697,0.297947300122117,0.94,0.0167928556237467,0.92,0.0191833260932509,1.16793195506059,0,0.882,1,1,1,0.882,1,1,12,3.203
"identifiers",0,"audit_difference",200,0,0,0.0185360333986056,0.0169109838463794,0.239277826156129,0.239157427086221,0.216586454941268,0.935,0.0174320107847603,0.065,0.0174320107847603,0.849003302448186,0,0.880375,1,1,1,0.880375,1,1,12,3.203
"identifiers",1,"audit_difference",200,0,0,0.00160202315719806,0.0212656170015338,0.299992722083262,0.30074123975801,0.287548185280348,0.915,0.019719913792915,0.92,0.0191833260932509,1.12716817393866,0,0.882,1,1,1,0.882,1,1,12,3.203
"identifiers",0,"exact_subset",200,0,0,0.0116454628710121,0.0171879538699183,0.242745427751243,0.243074374722816,0.233102113605984,0.925,0.0186245805321892,0.075,0.0186245805321892,0.913743494775785,0,0.880375,1,1,1,0.989546736508132,1,1,12,3.203
"identifiers",1,"exact_subset",200,0,0,0.0100620622375313,0.0214869930367344,0.303278301529876,0.303871969671661,0.301630412290709,0.94,0.0167928556237467,0.91,0.0202361063448481,1.18236948946351,0.00297207459413303,0.882,1,1,1,0.991091120887343,1,1,12,3.203
"identifiers",0,"graph",200,200,0,NA,NA,NA,NA,NA,1,0,0,0,12,0,0.880375,1,1,1,0.880375,1,1,12,3.203
"identifiers",1,"graph",200,200,0,NA,NA,NA,NA,NA,1,0,0,0,12,0,0.882,1,1,1,0.882,1,1,12,3.203
"identifiers",0,"high_confidence",200,0,0,0.00873420294952229,0.0140477250484695,0.198359934285141,0.198664832840338,0.19661894388198,0.95,0.0154110350074224,0.05,0.0154110350074224,0.770732097373964,0,0.880375,1,1,1,0.880375,1,1,12,3.203
"identifiers",1,"high_confidence",200,0,0,-0.0993883805919904,0.0183824926940744,0.277710895876611,0.259967704781843,0.258846178900266,0.9,0.0212132034355964,0.93,0.0180416185526687,1.01465837636067,0,0.882,1,1,1,0.882,1,1,12,3.203
"identifiers",0,"naive",200,0,0,0.00873420294952229,0.0140477250484695,0.198359934285141,0.198664832840338,0.19661894388198,0.95,0.0154110350074224,0.05,0.0154110350074224,0.770732097373964,0,0.880375,1,1,1,0.880375,1,1,12,3.203
"identifiers",1,"naive",200,0,0,-0.0993883805919904,0.0183824926940744,0.277710895876611,0.259967704781843,0.258846178900266,0.9,0.0212132034355964,0.93,0.0180416185526687,1.01465837636067,0,0.882,1,1,1,0.882,1,1,12,3.203
"identifiers",0,"oracle",200,0,0,0.0205999881190247,0.0145351356571403,0.20607552755295,0.205557859772605,0.196712753467828,0.93,0.0180416185526687,0.07,0.0180416185526687,0.771099824193298,0,0.880375,1,1,1,0.880375,1,1,12,3.203
"identifiers",1,"oracle",200,0,0,0.0130787322834192,0.017525320336986,0.247570771635147,0.247845457054986,0.254705807465965,0.95,0.0154110350074224,0.975,0.0110397010829098,0.998428418572971,0,0.882,1,1,1,0.882,1,1,12,3.203
"identifiers",0,"validation_only",200,0,0,0.00676224879680663,0.0391043952051313,0.551676824922209,0.553019660474941,0.525803730968045,0.95,0.0154110350074224,0.05,0.0154110350074224,2.06111275126831,0,0.880375,1,1,1,0.880375,1,1,12,3.203
"identifiers",1,"validation_only",200,0,0,0.00341809826425744,0.0496711032427515,0.700705476194391,0.702455478639335,0.670688054150489,0.91,0.0202361063448481,0.315,0.0328462326606873,2.62904886199241,0,0.882,1,1,1,0.882,1,1,12,3.203
