"effect","assignment_id","method","lower","upper","width","p_value","oracle_p","accepted_estimate","oracle_estimate","actual_accuracy"
0,1,"oracle",-1,-1,0,0.0285714285714286,0.0285714285714286,-1,-1,0.75
0,1,"rate_only",-1,-0.5,0.5,0.485714285714286,0.0285714285714286,-1,-1,0.75
0,1,"near",-1,-1,0,0.0285714285714286,0.0285714285714286,-1,-1,0.75
0,1,"far",-1,-0.5,0.5,0.485714285714286,0.0285714285714286,-1,-1,0.75
0,2,"oracle",-0.5,-0.5,0,0.485714285714286,0.485714285714286,-0.5,-0.5,0.75
0,2,"rate_only",-1,0,1,1,0.485714285714286,-0.5,-0.5,0.75
0,2,"near",-0.5,-0.5,0,0.485714285714286,0.485714285714286,-0.5,-0.5,0.75
0,2,"far",-0.5,-0.5,0,0.485714285714286,0.485714285714286,-0.5,-0.5,0.75
0,3,"oracle",-0.5,-0.5,0,0.485714285714286,0.485714285714286,-0.5,-0.5,0.75
0,3,"rate_only",-1,0,1,1,0.485714285714286,-0.5,-0.5,0.75
0,3,"near",-0.5,-0.5,0,0.485714285714286,0.485714285714286,-0.5,-0.5,0.75
0,3,"far",-0.5,0,0.5,1,0.485714285714286,-0.5,-0.5,0.75
0,4,"oracle",-0.5,-0.5,0,0.485714285714286,0.485714285714286,-0.5,-0.5,0.75
0,4,"rate_only",-1,0,1,1,0.485714285714286,-0.5,-0.5,0.75
0,4,"near",-0.5,-0.5,0,0.485714285714286,0.485714285714286,-0.5,-0.5,0.75
0,4,"far",-1,0,1,1,0.485714285714286,-0.5,-0.5,0.75
0,5,"oracle",-0.5,-0.5,0,0.485714285714286,0.485714285714286,-0.5,-0.5,0.75
0,5,"rate_only",-1,0,1,1,0.485714285714286,-0.5,-0.5,0.75
0,5,"near",-0.5,-0.5,0,0.485714285714286,0.485714285714286,-0.5,-0.5,0.75
0,5,"far",-0.5,0,0.5,1,0.485714285714286,-0.5,-0.5,0.75
0,6,"oracle",-0.5,-0.5,0,0.485714285714286,0.485714285714286,-0.5,-0.5,0.75
0,6,"rate_only",-1,0,1,1,0.485714285714286,-0.5,-0.5,0.75
0,6,"near",-0.5,-0.5,0,0.485714285714286,0.485714285714286,-0.5,-0.5,0.75
0,6,"far",-1,0,1,1,0.485714285714286,-0.5,-0.5,0.75
0,7,"oracle",-0.5,-0.5,0,0.485714285714286,0.485714285714286,-0.5,-0.5,0.75
0,7,"rate_only",-1,0,1,1,0.485714285714286,-0.5,-0.5,0.75
0,7,"near",-0.5,-0.5,0,0.485714285714286,0.485714285714286,-0.5,-0.5,0.75
0,7,"far",-0.5,0,0.5,1,0.485714285714286,-0.5,-0.5,0.75
0,8,"oracle",-0.5,-0.5,0,0.485714285714286,0.485714285714286,-0.5,-0.5,0.75
0,8,"rate_only",-1,0,1,1,0.485714285714286,-0.5,-0.5,0.75
0,8,"near",-0.5,-0.5,0,0.485714285714286,0.485714285714286,-0.5,-0.5,0.75
0,8,"far",-0.5,-0.5,0,0.485714285714286,0.485714285714286,-0.5,-0.5,0.75
0,9,"oracle",-0.5,-0.5,0,0.485714285714286,0.485714285714286,-0.5,-0.5,0.75
0,9,"rate_only",-1,0,1,1,0.485714285714286,-0.5,-0.5,0.75
0,9,"near",-0.5,-0.5,0,0.485714285714286,0.485714285714286,-0.5,-0.5,0.75
0,9,"far",-0.5,0,0.5,1,0.485714285714286,-0.5,-0.5,0.75
0,10,"oracle",0,0,0,1,1,0,0,0.75
0,10,"rate_only",-0.5,0.5,1,1,1,0,0,0.75
0,10,"near",0,0,0,1,1,0,0,0.75
0,10,"far",-0.5,0,0.5,1,1,0,0,0.75
0,11,"oracle",0,0,0,1,1,0,0,0.75
0,11,"rate_only",-0.5,0.5,1,1,1,0,0,0.75
0,11,"near",0,0,0,1,1,0,0,0.75
0,11,"far",-0.5,0,0.5,1,1,0,0,0.75
0,12,"oracle",0,0,0,1,1,0,0,0.75
0,12,"rate_only",-0.5,0.5,1,1,1,0,0,0.75
0,12,"near",0,0,0,1,1,0,0,0.75
0,12,"far",-0.5,0,0.5,1,1,0,0,0.75
0,13,"oracle",0,0,0,1,1,0,0,0.75
0,13,"rate_only",-0.5,0.5,1,1,1,0,0,0.75
0,13,"near",0,0,0,1,1,0,0,0.75
0,13,"far",-0.5,0,0.5,1,1,0,0,0.75
0,14,"oracle",0,0,0,1,1,0,0,0.75
0,14,"rate_only",-0.5,0.5,1,1,1,0,0,0.75
0,14,"near",0,0,0,1,1,0,0,0.75
0,14,"far",0,0,0,1,1,0,0,0.75
0,15,"oracle",0,0,0,1,1,0,0,0.75
0,15,"rate_only",-0.5,0.5,1,1,1,0,0,0.75
0,15,"near",0,0,0,1,1,0,0,0.75
0,15,"far",-0.5,0,0.5,1,1,0,0,0.75
0,16,"oracle",-0.5,-0.5,0,0.485714285714286,0.485714285714286,-0.5,-0.5,0.75
0,16,"rate_only",-1,0,1,1,0.485714285714286,-0.5,-0.5,0.75
0,16,"near",-0.5,-0.5,0,0.485714285714286,0.485714285714286,-0.5,-0.5,0.75
0,16,"far",-0.5,0,0.5,1,0.485714285714286,-0.5,-0.5,0.75
0,17,"oracle",-0.5,-0.5,0,0.485714285714286,0.485714285714286,-0.5,-0.5,0.75
0,17,"rate_only",-1,0,1,1,0.485714285714286,-0.5,-0.5,0.75
0,17,"near",-0.5,-0.5,0,0.485714285714286,0.485714285714286,-0.5,-0.5,0.75
0,17,"far",-0.5,0,0.5,1,0.485714285714286,-0.5,-0.5,0.75
0,18,"oracle",-0.5,-0.5,0,0.485714285714286,0.485714285714286,-0.5,-0.5,0.75
0,18,"rate_only",-1,0,1,1,0.485714285714286,-0.5,-0.5,0.75
0,18,"near",-0.5,-0.5,0,0.485714285714286,0.485714285714286,-0.5,-0.5,0.75
0,18,"far",-0.5,0,0.5,1,0.485714285714286,-0.5,-0.5,0.75
0,19,"oracle",-0.5,-0.5,0,0.485714285714286,0.485714285714286,-0.5,-0.5,0.75
0,19,"rate_only",-1,0,1,1,0.485714285714286,-0.5,-0.5,0.75
0,19,"near",-0.5,-0.5,0,0.485714285714286,0.485714285714286,-0.5,-0.5,0.75
0,19,"far",-0.5,0,0.5,1,0.485714285714286,-0.5,-0.5,0.75
0,20,"oracle",0,0,0,1,1,0,0,0.75
0,20,"rate_only",-0.5,0.5,1,1,1,0,0,0.75
0,20,"near",0,0,0,1,1,0,0,0.75
0,20,"far",0,0,0,1,1,0,0,0.75
0,21,"oracle",0,0,0,1,1,0,0,0.75
0,21,"rate_only",-0.5,0.5,1,1,1,0,0,0.75
0,21,"near",0,0,0,1,1,0,0,0.75
0,21,"far",-0.5,0,0.5,1,1,0,0,0.75
0,22,"oracle",0,0,0,1,1,0,0,0.75
0,22,"rate_only",-0.5,0.5,1,1,1,0,0,0.75
0,22,"near",0,0,0,1,1,0,0,0.75
0,22,"far",0,0,0,1,1,0,0,0.75
0,23,"oracle",0,0,0,1,1,0,0,0.75
0,23,"rate_only",-0.5,0.5,1,1,1,0,0,0.75
0,23,"near",0,0,0,1,1,0,0,0.75
0,23,"far",-0.5,0.5,1,1,1,0,0,0.75
0,24,"oracle",0,0,0,1,1,0,0,0.75
0,24,"rate_only",-0.5,0.5,1,1,1,0,0,0.75
0,24,"near",0,0,0,1,1,0,0,0.75
0,24,"far",0,0.5,0.5,1,1,0,0,0.75
0,25,"oracle",0,0,0,1,1,0,0,0.75
0,25,"rate_only",-0.5,0.5,1,1,1,0,0,0.75
0,25,"near",0,0,0,1,1,0,0,0.75
0,25,"far",-0.5,0.5,1,1,1,0,0,0.75
0,26,"oracle",0,0,0,1,1,0,0,0.75
0,26,"rate_only",-0.5,0.5,1,1,1,0,0,0.75
0,26,"near",0,0,0,1,1,0,0,0.75
0,26,"far",-0.5,0.5,1,1,1,0,0,0.75
0,27,"oracle",0,0,0,1,1,0,0,0.75
0,27,"rate_only",-0.5,0.5,1,1,1,0,0,0.75
0,27,"near",0,0,0,1,1,0,0,0.75
0,27,"far",-0.5,0,0.5,1,1,0,0,0.75
0,28,"oracle",0,0,0,1,1,0,0,0.75
0,28,"rate_only",-0.5,0.5,1,1,1,0,0,0.75
0,28,"near",0,0,0,1,1,0,0,0.75
0,28,"far",-0.5,0.5,1,1,1,0,0,0.75
0,29,"oracle",0,0,0,1,1,0,0,0.75
0,29,"rate_only",-0.5,0.5,1,1,1,0,0,0.75
0,29,"near",0,0,0,1,1,0,0,0.75
0,29,"far",0,0,0,1,1,0,0,0.75
0,30,"oracle",0,0,0,1,1,0,0,0.75
0,30,"rate_only",-0.5,0.5,1,1,1,0,0,0.75
0,30,"near",0,0,0,1,1,0,0,0.75
0,30,"far",0,0.5,0.5,1,1,0,0,0.75
0,31,"oracle",0,0,0,1,1,0,0,0.75
0,31,"rate_only",-0.5,0.5,1,1,1,0,0,0.75
0,31,"near",0,0,0,1,1,0,0,0.75
0,31,"far",0,0,0,1,1,0,0,0.75
0,32,"oracle",0.5,0.5,0,0.485714285714286,0.485714285714286,0.5,0.5,0.75
0,32,"rate_only",0,1,1,1,0.485714285714286,0.5,0.5,0.75
0,32,"near",0.5,0.5,0,0.485714285714286,0.485714285714286,0.5,0.5,0.75
0,32,"far",0,0.5,0.5,1,0.485714285714286,0.5,0.5,0.75
0,33,"oracle",0.5,0.5,0,0.485714285714286,0.485714285714286,0.5,0.5,0.75
0,33,"rate_only",0,1,1,1,0.485714285714286,0.5,0.5,0.75
0,33,"near",0.5,0.5,0,0.485714285714286,0.485714285714286,0.5,0.5,0.75
0,33,"far",0,0.5,0.5,1,0.485714285714286,0.5,0.5,0.75
0,34,"oracle",0.5,0.5,0,0.485714285714286,0.485714285714286,0.5,0.5,0.75
0,34,"rate_only",0,1,1,1,0.485714285714286,0.5,0.5,0.75
0,34,"near",0.5,0.5,0,0.485714285714286,0.485714285714286,0.5,0.5,0.75
0,34,"far",0,0.5,0.5,1,0.485714285714286,0.5,0.5,0.75
0,35,"oracle",0.5,0.5,0,0.485714285714286,0.485714285714286,0.5,0.5,0.75
0,35,"rate_only",0,1,1,1,0.485714285714286,0.5,0.5,0.75
0,35,"near",0.5,0.5,0,0.485714285714286,0.485714285714286,0.5,0.5,0.75
0,35,"far",0,0.5,0.5,1,0.485714285714286,0.5,0.5,0.75
0,36,"oracle",-0.5,-0.5,0,0.485714285714286,0.485714285714286,-0.5,-0.5,0.75
0,36,"rate_only",-1,0,1,1,0.485714285714286,-0.5,-0.5,0.75
0,36,"near",-0.5,-0.5,0,0.485714285714286,0.485714285714286,-0.5,-0.5,0.75
0,36,"far",-0.5,0,0.5,1,0.485714285714286,-0.5,-0.5,0.75
0,37,"oracle",-0.5,-0.5,0,0.485714285714286,0.485714285714286,-0.5,-0.5,0.75
0,37,"rate_only",-1,0,1,1,0.485714285714286,-0.5,-0.5,0.75
0,37,"near",-0.5,-0.5,0,0.485714285714286,0.485714285714286,-0.5,-0.5,0.75
0,37,"far",-0.5,0,0.5,1,0.485714285714286,-0.5,-0.5,0.75
0,38,"oracle",-0.5,-0.5,0,0.485714285714286,0.485714285714286,-0.5,-0.5,0.75
0,38,"rate_only",-1,0,1,1,0.485714285714286,-0.5,-0.5,0.75
0,38,"near",-0.5,-0.5,0,0.485714285714286,0.485714285714286,-0.5,-0.5,0.75
0,38,"far",-0.5,0,0.5,1,0.485714285714286,-0.5,-0.5,0.75
0,39,"oracle",-0.5,-0.5,0,0.485714285714286,0.485714285714286,-0.5,-0.5,0.75
0,39,"rate_only",-1,0,1,1,0.485714285714286,-0.5,-0.5,0.75
0,39,"near",-0.5,-0.5,0,0.485714285714286,0.485714285714286,-0.5,-0.5,0.75
0,39,"far",-0.5,0,0.5,1,0.485714285714286,-0.5,-0.5,0.75
0,40,"oracle",0,0,0,1,1,0,0,0.75
0,40,"rate_only",-0.5,0.5,1,1,1,0,0,0.75
0,40,"near",0,0,0,1,1,0,0,0.75
0,40,"far",0,0,0,1,1,0,0,0.75
0,41,"oracle",0,0,0,1,1,0,0,0.75
0,41,"rate_only",-0.5,0.5,1,1,1,0,0,0.75
0,41,"near",0,0,0,1,1,0,0,0.75
0,41,"far",-0.5,0,0.5,1,1,0,0,0.75
0,42,"oracle",0,0,0,1,1,0,0,0.75
0,42,"rate_only",-0.5,0.5,1,1,1,0,0,0.75
0,42,"near",0,0,0,1,1,0,0,0.75
0,42,"far",0,0,0,1,1,0,0,0.75
0,43,"oracle",0,0,0,1,1,0,0,0.75
0,43,"rate_only",-0.5,0.5,1,1,1,0,0,0.75
0,43,"near",0,0,0,1,1,0,0,0.75
0,43,"far",-0.5,0.5,1,1,1,0,0,0.75
0,44,"oracle",0,0,0,1,1,0,0,0.75
0,44,"rate_only",-0.5,0.5,1,1,1,0,0,0.75
0,44,"near",0,0,0,1,1,0,0,0.75
0,44,"far",0,0.5,0.5,1,1,0,0,0.75
0,45,"oracle",0,0,0,1,1,0,0,0.75
0,45,"rate_only",-0.5,0.5,1,1,1,0,0,0.75
0,45,"near",0,0,0,1,1,0,0,0.75
0,45,"far",-0.5,0.5,1,1,1,0,0,0.75
0,46,"oracle",0,0,0,1,1,0,0,0.75
0,46,"rate_only",-0.5,0.5,1,1,1,0,0,0.75
0,46,"near",0,0,0,1,1,0,0,0.75
0,46,"far",-0.5,0.5,1,1,1,0,0,0.75
0,47,"oracle",0,0,0,1,1,0,0,0.75
0,47,"rate_only",-0.5,0.5,1,1,1,0,0,0.75
0,47,"near",0,0,0,1,1,0,0,0.75
0,47,"far",-0.5,0,0.5,1,1,0,0,0.75
0,48,"oracle",0,0,0,1,1,0,0,0.75
0,48,"rate_only",-0.5,0.5,1,1,1,0,0,0.75
0,48,"near",0,0,0,1,1,0,0,0.75
0,48,"far",-0.5,0.5,1,1,1,0,0,0.75
0,49,"oracle",0,0,0,1,1,0,0,0.75
0,49,"rate_only",-0.5,0.5,1,1,1,0,0,0.75
0,49,"near",0,0,0,1,1,0,0,0.75
0,49,"far",0,0,0,1,1,0,0,0.75
0,50,"oracle",0,0,0,1,1,0,0,0.75
0,50,"rate_only",-0.5,0.5,1,1,1,0,0,0.75
0,50,"near",0,0,0,1,1,0,0,0.75
0,50,"far",0,0.5,0.5,1,1,0,0,0.75
0,51,"oracle",0,0,0,1,1,0,0,0.75
0,51,"rate_only",-0.5,0.5,1,1,1,0,0,0.75
0,51,"near",0,0,0,1,1,0,0,0.75
0,51,"far",0,0,0,1,1,0,0,0.75
0,52,"oracle",0.5,0.5,0,0.485714285714286,0.485714285714286,0.5,0.5,0.75
0,52,"rate_only",0,1,1,1,0.485714285714286,0.5,0.5,0.75
0,52,"near",0.5,0.5,0,0.485714285714286,0.485714285714286,0.5,0.5,0.75
0,52,"far",0,0.5,0.5,1,0.485714285714286,0.5,0.5,0.75
0,53,"oracle",0.5,0.5,0,0.485714285714286,0.485714285714286,0.5,0.5,0.75
0,53,"rate_only",0,1,1,1,0.485714285714286,0.5,0.5,0.75
0,53,"near",0.5,0.5,0,0.485714285714286,0.485714285714286,0.5,0.5,0.75
0,53,"far",0,0.5,0.5,1,0.485714285714286,0.5,0.5,0.75
0,54,"oracle",0.5,0.5,0,0.485714285714286,0.485714285714286,0.5,0.5,0.75
0,54,"rate_only",0,1,1,1,0.485714285714286,0.5,0.5,0.75
0,54,"near",0.5,0.5,0,0.485714285714286,0.485714285714286,0.5,0.5,0.75
0,54,"far",0,0.5,0.5,1,0.485714285714286,0.5,0.5,0.75
0,55,"oracle",0.5,0.5,0,0.485714285714286,0.485714285714286,0.5,0.5,0.75
0,55,"rate_only",0,1,1,1,0.485714285714286,0.5,0.5,0.75
0,55,"near",0.5,0.5,0,0.485714285714286,0.485714285714286,0.5,0.5,0.75
0,55,"far",0,0.5,0.5,1,0.485714285714286,0.5,0.5,0.75
0,56,"oracle",0,0,0,1,1,0,0,0.75
0,56,"rate_only",-0.5,0.5,1,1,1,0,0,0.75
0,56,"near",0,0,0,1,1,0,0,0.75
0,56,"far",0,0.5,0.5,1,1,0,0,0.75
0,57,"oracle",0,0,0,1,1,0,0,0.75
0,57,"rate_only",-0.5,0.5,1,1,1,0,0,0.75
0,57,"near",0,0,0,1,1,0,0,0.75
0,57,"far",0,0,0,1,1,0,0,0.75
0,58,"oracle",0,0,0,1,1,0,0,0.75
0,58,"rate_only",-0.5,0.5,1,1,1,0,0,0.75
0,58,"near",0,0,0,1,1,0,0,0.75
0,58,"far",0,0.5,0.5,1,1,0,0,0.75
0,59,"oracle",0,0,0,1,1,0,0,0.75
0,59,"rate_only",-0.5,0.5,1,1,1,0,0,0.75
0,59,"near",0,0,0,1,1,0,0,0.75
0,59,"far",0,0.5,0.5,1,1,0,0,0.75
0,60,"oracle",0,0,0,1,1,0,0,0.75
0,60,"rate_only",-0.5,0.5,1,1,1,0,0,0.75
0,60,"near",0,0,0,1,1,0,0,0.75
0,60,"far",0,0.5,0.5,1,1,0,0,0.75
0,61,"oracle",0,0,0,1,1,0,0,0.75
0,61,"rate_only",-0.5,0.5,1,1,1,0,0,0.75
0,61,"near",0,0,0,1,1,0,0,0.75
0,61,"far",0,0.5,0.5,1,1,0,0,0.75
0,62,"oracle",0.5,0.5,0,0.485714285714286,0.485714285714286,0.5,0.5,0.75
0,62,"rate_only",0,1,1,1,0.485714285714286,0.5,0.5,0.75
0,62,"near",0.5,0.5,0,0.485714285714286,0.485714285714286,0.5,0.5,0.75
0,62,"far",0,0.5,0.5,1,0.485714285714286,0.5,0.5,0.75
0,63,"oracle",0.5,0.5,0,0.485714285714286,0.485714285714286,0.5,0.5,0.75
0,63,"rate_only",0,1,1,1,0.485714285714286,0.5,0.5,0.75
0,63,"near",0.5,0.5,0,0.485714285714286,0.485714285714286,0.5,0.5,0.75
0,63,"far",0.5,0.5,0,0.485714285714286,0.485714285714286,0.5,0.5,0.75
0,64,"oracle",0.5,0.5,0,0.485714285714286,0.485714285714286,0.5,0.5,0.75
0,64,"rate_only",0,1,1,1,0.485714285714286,0.5,0.5,0.75
0,64,"near",0.5,0.5,0,0.485714285714286,0.485714285714286,0.5,0.5,0.75
0,64,"far",0,0.5,0.5,1,0.485714285714286,0.5,0.5,0.75
0,65,"oracle",0.5,0.5,0,0.485714285714286,0.485714285714286,0.5,0.5,0.75
0,65,"rate_only",0,1,1,1,0.485714285714286,0.5,0.5,0.75
0,65,"near",0.5,0.5,0,0.485714285714286,0.485714285714286,0.5,0.5,0.75
0,65,"far",0,1,1,1,0.485714285714286,0.5,0.5,0.75
0,66,"oracle",0.5,0.5,0,0.485714285714286,0.485714285714286,0.5,0.5,0.75
0,66,"rate_only",0,1,1,1,0.485714285714286,0.5,0.5,0.75
0,66,"near",0.5,0.5,0,0.485714285714286,0.485714285714286,0.5,0.5,0.75
0,66,"far",0,0.5,0.5,1,0.485714285714286,0.5,0.5,0.75
0,67,"oracle",0.5,0.5,0,0.485714285714286,0.485714285714286,0.5,0.5,0.75
0,67,"rate_only",0,1,1,1,0.485714285714286,0.5,0.5,0.75
0,67,"near",0.5,0.5,0,0.485714285714286,0.485714285714286,0.5,0.5,0.75
0,67,"far",0,1,1,1,0.485714285714286,0.5,0.5,0.75
0,68,"oracle",0.5,0.5,0,0.485714285714286,0.485714285714286,0.5,0.5,0.75
0,68,"rate_only",0,1,1,1,0.485714285714286,0.5,0.5,0.75
0,68,"near",0.5,0.5,0,0.485714285714286,0.485714285714286,0.5,0.5,0.75
0,68,"far",0,0.5,0.5,1,0.485714285714286,0.5,0.5,0.75
0,69,"oracle",0.5,0.5,0,0.485714285714286,0.485714285714286,0.5,0.5,0.75
0,69,"rate_only",0,1,1,1,0.485714285714286,0.5,0.5,0.75
0,69,"near",0.5,0.5,0,0.485714285714286,0.485714285714286,0.5,0.5,0.75
0,69,"far",0.5,0.5,0,0.485714285714286,0.485714285714286,0.5,0.5,0.75
0,70,"oracle",1,1,0,0.0285714285714286,0.0285714285714286,1,1,0.75
0,70,"rate_only",0.5,1,0.5,0.485714285714286,0.0285714285714286,1,1,0.75
0,70,"near",1,1,0,0.0285714285714286,0.0285714285714286,1,1,0.75
0,70,"far",0.5,1,0.5,0.485714285714286,0.0285714285714286,1,1,0.75
1,1,"oracle",0,0,0,1,1,0,0,0.75
1,1,"rate_only",0,0,0,1,1,0,0,0.75
1,1,"near",0,0,0,1,1,0,0,0.75
1,1,"far",0,0,0,1,1,0,0,0.75
1,2,"oracle",0.5,0.5,0,0.571428571428571,0.571428571428571,0.5,0.5,0.75
1,2,"rate_only",-0.5,0.5,1,1,0.571428571428571,0.5,0.5,0.75
1,2,"near",0,0.5,0.5,1,0.571428571428571,0.5,0.5,0.75
1,2,"far",0.5,0.5,0,0.571428571428571,0.571428571428571,0.5,0.5,0.75
1,3,"oracle",0.5,0.5,0,0.571428571428571,0.571428571428571,0.5,0.5,0.75
1,3,"rate_only",-0.5,0.5,1,1,0.571428571428571,0.5,0.5,0.75
1,3,"near",0,0.5,0.5,1,0.571428571428571,0.5,0.5,0.75
1,3,"far",0,0.5,0.5,1,0.571428571428571,0.5,0.5,0.75
1,4,"oracle",0.5,0.5,0,0.571428571428571,0.571428571428571,0.5,0.5,0.75
1,4,"rate_only",-0.5,0.5,1,1,0.571428571428571,0.5,0.5,0.75
1,4,"near",0,0.5,0.5,1,0.571428571428571,0.5,0.5,0.75
1,4,"far",-0.5,0.5,1,0.571428571428571,0.571428571428571,0.5,0.5,0.75
1,5,"oracle",0.5,0.5,0,0.571428571428571,0.571428571428571,0.5,0.5,0.75
1,5,"rate_only",-0.5,0.5,1,1,0.571428571428571,0.5,0.5,0.75
1,5,"near",0,0.5,0.5,1,0.571428571428571,0.5,0.5,0.75
1,5,"far",0,0.5,0.5,1,0.571428571428571,0.5,0.5,0.75
1,6,"oracle",0.5,0.5,0,0.571428571428571,0.571428571428571,0.5,0.5,0.75
1,6,"rate_only",-0.5,0.5,1,1,0.571428571428571,0.5,0.5,0.75
1,6,"near",0,0.5,0.5,1,0.571428571428571,0.5,0.5,0.75
1,6,"far",-0.5,0.5,1,0.571428571428571,0.571428571428571,0.5,0.5,0.75
1,7,"oracle",0.5,0.5,0,0.571428571428571,0.571428571428571,0.5,0.5,0.75
1,7,"rate_only",-0.5,0.5,1,1,0.571428571428571,0.5,0.5,0.75
1,7,"near",0,0.5,0.5,1,0.571428571428571,0.5,0.5,0.75
1,7,"far",0,0.5,0.5,1,0.571428571428571,0.5,0.5,0.75
1,8,"oracle",0.5,0.5,0,0.571428571428571,0.571428571428571,0.5,0.5,0.75
1,8,"rate_only",-0.5,0.5,1,1,0.571428571428571,0.5,0.5,0.75
1,8,"near",0,0.5,0.5,1,0.571428571428571,0.5,0.5,0.75
1,8,"far",0.5,0.5,0,0.571428571428571,0.571428571428571,0.5,0.5,0.75
1,9,"oracle",0.5,0.5,0,0.571428571428571,0.571428571428571,0.5,0.5,0.75
1,9,"rate_only",-0.5,0.5,1,1,0.571428571428571,0.5,0.5,0.75
1,9,"near",0,0.5,0.5,1,0.571428571428571,0.5,0.5,0.75
1,9,"far",0,0.5,0.5,1,0.571428571428571,0.5,0.5,0.75
1,10,"oracle",1,1,0,0.171428571428571,0.171428571428571,1,1,0.75
1,10,"rate_only",0,1,1,1,0.171428571428571,1,1,0.75
1,10,"near",1,1,0,0.171428571428571,0.171428571428571,1,1,0.75
1,10,"far",0,1,1,1,0.171428571428571,1,1,0.75
1,11,"oracle",1,1,0,0.171428571428571,0.171428571428571,1,1,0.75
1,11,"rate_only",0,1,1,1,0.171428571428571,1,1,0.75
1,11,"near",0.5,1,0.5,0.628571428571429,0.171428571428571,1,1,0.75
1,11,"far",0,1,1,1,0.171428571428571,1,1,0.75
1,12,"oracle",1,1,0,0.171428571428571,0.171428571428571,1,1,0.75
1,12,"rate_only",0,1,1,1,0.171428571428571,1,1,0.75
1,12,"near",0.5,1,0.5,0.628571428571429,0.171428571428571,1,1,0.75
1,12,"far",0,1,1,1,0.171428571428571,1,1,0.75
1,13,"oracle",1,1,0,0.171428571428571,0.171428571428571,1,1,0.75
1,13,"rate_only",0,1,1,1,0.171428571428571,1,1,0.75
1,13,"near",0.5,1,0.5,0.628571428571429,0.171428571428571,1,1,0.75
1,13,"far",0,1,1,1,0.171428571428571,1,1,0.75
1,14,"oracle",1,1,0,0.171428571428571,0.171428571428571,1,1,0.75
1,14,"rate_only",0,1,1,1,0.171428571428571,1,1,0.75
1,14,"near",0.5,1,0.5,0.628571428571429,0.171428571428571,1,1,0.75
1,14,"far",1,1,0,0.171428571428571,0.171428571428571,1,1,0.75
1,15,"oracle",1,1,0,0.171428571428571,0.171428571428571,1,1,0.75
1,15,"rate_only",0,1,1,1,0.171428571428571,1,1,0.75
1,15,"near",1,1,0,0.171428571428571,0.171428571428571,1,1,0.75
1,15,"far",0,1,1,1,0.171428571428571,1,1,0.75
1,16,"oracle",0.5,0.5,0,0.571428571428571,0.571428571428571,0,0.5,0.75
1,16,"rate_only",-0.5,0.5,1,1,0.571428571428571,0,0.5,0.75
1,16,"near",-0.5,0.5,1,1,0.571428571428571,0,0.5,0.75
1,16,"far",0,0.5,0.5,1,0.571428571428571,0,0.5,0.75
1,17,"oracle",0.5,0.5,0,0.571428571428571,0.571428571428571,0,0.5,0.75
1,17,"rate_only",-0.5,0.5,1,1,0.571428571428571,0,0.5,0.75
1,17,"near",-0.5,0.5,1,1,0.571428571428571,0,0.5,0.75
1,17,"far",-0.5,0.5,1,1,0.571428571428571,0,0.5,0.75
1,18,"oracle",0.5,0.5,0,0.571428571428571,0.571428571428571,0,0.5,0.75
1,18,"rate_only",-0.5,0.5,1,1,0.571428571428571,0,0.5,0.75
1,18,"near",-0.5,0.5,1,1,0.571428571428571,0,0.5,0.75
1,18,"far",0,0.5,0.5,1,0.571428571428571,0,0.5,0.75
1,19,"oracle",0.5,0.5,0,0.571428571428571,0.571428571428571,0,0.5,0.75
1,19,"rate_only",-0.5,0.5,1,1,0.571428571428571,0,0.5,0.75
1,19,"near",-0.5,0.5,1,1,0.571428571428571,0,0.5,0.75
1,19,"far",-0.5,0.5,1,1,0.571428571428571,0,0.5,0.75
1,20,"oracle",1,1,0,0.171428571428571,0.171428571428571,0.5,1,0.75
1,20,"rate_only",-0.5,1,1.5,1,0.171428571428571,0.5,1,0.75
1,20,"near",0,1,1,1,0.171428571428571,0.5,1,0.75
1,20,"far",0,1,1,1,0.171428571428571,0.5,1,0.75
1,21,"oracle",1,1,0,0.171428571428571,0.171428571428571,0.5,1,0.75
1,21,"rate_only",-0.5,1,1.5,1,0.171428571428571,0.5,1,0.75
1,21,"near",0,1,1,1,0.171428571428571,0.5,1,0.75
1,21,"far",-0.5,1,1.5,0.628571428571429,0.171428571428571,0.5,1,0.75
1,22,"oracle",1,1,0,0.171428571428571,0.171428571428571,0.5,1,0.75
1,22,"rate_only",-0.5,1,1.5,1,0.171428571428571,0.5,1,0.75
1,22,"near",0,1,1,1,0.171428571428571,0.5,1,0.75
1,22,"far",0,1,1,1,0.171428571428571,0.5,1,0.75
1,23,"oracle",1,1,0,0.171428571428571,0.171428571428571,0.5,1,0.75
1,23,"rate_only",-0.5,1,1.5,1,0.171428571428571,0.5,1,0.75
1,23,"near",0,1,1,1,0.171428571428571,0.5,1,0.75
1,23,"far",-0.5,1,1.5,1,0.171428571428571,0.5,1,0.75
1,24,"oracle",1,1,0,0.171428571428571,0.171428571428571,0.5,1,0.75
1,24,"rate_only",-0.5,1,1.5,1,0.171428571428571,0.5,1,0.75
1,24,"near",0,1,1,1,0.171428571428571,0.5,1,0.75
1,24,"far",0.5,1,0.5,0.628571428571429,0.171428571428571,0.5,1,0.75
1,25,"oracle",1,1,0,0.171428571428571,0.171428571428571,0.5,1,0.75
1,25,"rate_only",-0.5,1,1.5,1,0.171428571428571,0.5,1,0.75
1,25,"near",0,1,1,1,0.171428571428571,0.5,1,0.75
1,25,"far",-0.5,1,1.5,1,0.171428571428571,0.5,1,0.75
1,26,"oracle",1,1,0,0.171428571428571,0.171428571428571,0.5,1,0.75
1,26,"rate_only",-0.5,1,1.5,1,0.171428571428571,0.5,1,0.75
1,26,"near",0,1,1,1,0.171428571428571,0.5,1,0.75
1,26,"far",-0.5,1,1.5,1,0.171428571428571,0.5,1,0.75
1,27,"oracle",1,1,0,0.171428571428571,0.171428571428571,0.5,1,0.75
1,27,"rate_only",-0.5,1,1.5,1,0.171428571428571,0.5,1,0.75
1,27,"near",0,1,1,1,0.171428571428571,0.5,1,0.75
1,27,"far",-0.5,1,1.5,0.628571428571429,0.171428571428571,0.5,1,0.75
1,28,"oracle",1,1,0,0.171428571428571,0.171428571428571,0.5,1,0.75
1,28,"rate_only",-0.5,1,1.5,1,0.171428571428571,0.5,1,0.75
1,28,"near",0,1,1,1,0.171428571428571,0.5,1,0.75
1,28,"far",-0.5,1,1.5,1,0.171428571428571,0.5,1,0.75
1,29,"oracle",1,1,0,0.171428571428571,0.171428571428571,0.5,1,0.75
1,29,"rate_only",-0.5,1,1.5,1,0.171428571428571,0.5,1,0.75
1,29,"near",0,1,1,1,0.171428571428571,0.5,1,0.75
1,29,"far",0,1,1,1,0.171428571428571,0.5,1,0.75
1,30,"oracle",1,1,0,0.171428571428571,0.171428571428571,0.5,1,0.75
1,30,"rate_only",-0.5,1,1.5,1,0.171428571428571,0.5,1,0.75
1,30,"near",0,1,1,1,0.171428571428571,0.5,1,0.75
1,30,"far",0.5,1,0.5,0.628571428571429,0.171428571428571,0.5,1,0.75
1,31,"oracle",1,1,0,0.171428571428571,0.171428571428571,0.5,1,0.75
1,31,"rate_only",-0.5,1,1.5,1,0.171428571428571,0.5,1,0.75
1,31,"near",0,1,1,1,0.171428571428571,0.5,1,0.75
1,31,"far",0,1,1,1,0.171428571428571,0.5,1,0.75
1,32,"oracle",1.5,1.5,0,0.0571428571428571,0.0571428571428571,1,1.5,0.75
1,32,"rate_only",0,1.5,1.5,1,0.0571428571428571,1,1.5,0.75
1,32,"near",0.5,1.5,1,0.742857142857143,0.0571428571428571,1,1.5,0.75
1,32,"far",0,1.5,1.5,1,0.0571428571428571,1,1.5,0.75
1,33,"oracle",1.5,1.5,0,0.0571428571428571,0.0571428571428571,1,1.5,0.75
1,33,"rate_only",0,1.5,1.5,1,0.0571428571428571,1,1.5,0.75
1,33,"near",0.5,1.5,1,0.742857142857143,0.0571428571428571,1,1.5,0.75
1,33,"far",0,1.5,1.5,1,0.0571428571428571,1,1.5,0.75
1,34,"oracle",1.5,1.5,0,0.0571428571428571,0.0571428571428571,1,1.5,0.75
1,34,"rate_only",0,1.5,1.5,1,0.0571428571428571,1,1.5,0.75
1,34,"near",0.5,1.5,1,0.742857142857143,0.0571428571428571,1,1.5,0.75
1,34,"far",0,1.5,1.5,1,0.0571428571428571,1,1.5,0.75
1,35,"oracle",1.5,1.5,0,0.0571428571428571,0.0571428571428571,1,1.5,0.75
1,35,"rate_only",0,1.5,1.5,1,0.0571428571428571,1,1.5,0.75
1,35,"near",0.5,1.5,1,0.742857142857143,0.0571428571428571,1,1.5,0.75
1,35,"far",0,1.5,1.5,1,0.0571428571428571,1,1.5,0.75
1,36,"oracle",0.5,0.5,0,0.571428571428571,0.571428571428571,0,0.5,0.75
1,36,"rate_only",-0.5,0.5,1,1,0.571428571428571,0,0.5,0.75
1,36,"near",-0.5,0.5,1,1,0.571428571428571,0,0.5,0.75
1,36,"far",0,0.5,0.5,1,0.571428571428571,0,0.5,0.75
1,37,"oracle",0.5,0.5,0,0.571428571428571,0.571428571428571,0,0.5,0.75
1,37,"rate_only",-0.5,0.5,1,1,0.571428571428571,0,0.5,0.75
1,37,"near",-0.5,0.5,1,1,0.571428571428571,0,0.5,0.75
1,37,"far",-0.5,0.5,1,1,0.571428571428571,0,0.5,0.75
1,38,"oracle",0.5,0.5,0,0.571428571428571,0.571428571428571,0,0.5,0.75
1,38,"rate_only",-0.5,0.5,1,1,0.571428571428571,0,0.5,0.75
1,38,"near",-0.5,0.5,1,1,0.571428571428571,0,0.5,0.75
1,38,"far",0,0.5,0.5,1,0.571428571428571,0,0.5,0.75
1,39,"oracle",0.5,0.5,0,0.571428571428571,0.571428571428571,0,0.5,0.75
1,39,"rate_only",-0.5,0.5,1,1,0.571428571428571,0,0.5,0.75
1,39,"near",-0.5,0.5,1,1,0.571428571428571,0,0.5,0.75
1,39,"far",-0.5,0.5,1,1,0.571428571428571,0,0.5,0.75
1,40,"oracle",1,1,0,0.171428571428571,0.171428571428571,0.5,1,0.75
1,40,"rate_only",-0.5,1,1.5,1,0.171428571428571,0.5,1,0.75
1,40,"near",0,1,1,1,0.171428571428571,0.5,1,0.75
1,40,"far",0,1,1,1,0.171428571428571,0.5,1,0.75
1,41,"oracle",1,1,0,0.171428571428571,0.171428571428571,0.5,1,0.75
1,41,"rate_only",-0.5,1,1.5,1,0.171428571428571,0.5,1,0.75
1,41,"near",0,1,1,1,0.171428571428571,0.5,1,0.75
1,41,"far",-0.5,1,1.5,0.628571428571429,0.171428571428571,0.5,1,0.75
1,42,"oracle",1,1,0,0.171428571428571,0.171428571428571,0.5,1,0.75
1,42,"rate_only",-0.5,1,1.5,1,0.171428571428571,0.5,1,0.75
1,42,"near",0,1,1,1,0.171428571428571,0.5,1,0.75
1,42,"far",0,1,1,1,0.171428571428571,0.5,1,0.75
1,43,"oracle",1,1,0,0.171428571428571,0.171428571428571,0.5,1,0.75
1,43,"rate_only",-0.5,1,1.5,1,0.171428571428571,0.5,1,0.75
1,43,"near",0,1,1,1,0.171428571428571,0.5,1,0.75
1,43,"far",-0.5,1,1.5,1,0.171428571428571,0.5,1,0.75
1,44,"oracle",1,1,0,0.171428571428571,0.171428571428571,0.5,1,0.75
1,44,"rate_only",-0.5,1,1.5,1,0.171428571428571,0.5,1,0.75
1,44,"near",0,1,1,1,0.171428571428571,0.5,1,0.75
1,44,"far",0.5,1,0.5,0.628571428571429,0.171428571428571,0.5,1,0.75
1,45,"oracle",1,1,0,0.171428571428571,0.171428571428571,0.5,1,0.75
1,45,"rate_only",-0.5,1,1.5,1,0.171428571428571,0.5,1,0.75
1,45,"near",0,1,1,1,0.171428571428571,0.5,1,0.75
1,45,"far",-0.5,1,1.5,1,0.171428571428571,0.5,1,0.75
1,46,"oracle",1,1,0,0.171428571428571,0.171428571428571,0.5,1,0.75
1,46,"rate_only",-0.5,1,1.5,1,0.171428571428571,0.5,1,0.75
1,46,"near",0,1,1,1,0.171428571428571,0.5,1,0.75
1,46,"far",-0.5,1,1.5,1,0.171428571428571,0.5,1,0.75
1,47,"oracle",1,1,0,0.171428571428571,0.171428571428571,0.5,1,0.75
1,47,"rate_only",-0.5,1,1.5,1,0.171428571428571,0.5,1,0.75
1,47,"near",0,1,1,1,0.171428571428571,0.5,1,0.75
1,47,"far",-0.5,1,1.5,0.628571428571429,0.171428571428571,0.5,1,0.75
1,48,"oracle",1,1,0,0.171428571428571,0.171428571428571,0.5,1,0.75
1,48,"rate_only",-0.5,1,1.5,1,0.171428571428571,0.5,1,0.75
1,48,"near",0,1,1,1,0.171428571428571,0.5,1,0.75
1,48,"far",-0.5,1,1.5,1,0.171428571428571,0.5,1,0.75
1,49,"oracle",1,1,0,0.171428571428571,0.171428571428571,0.5,1,0.75
1,49,"rate_only",-0.5,1,1.5,1,0.171428571428571,0.5,1,0.75
1,49,"near",0,1,1,1,0.171428571428571,0.5,1,0.75
1,49,"far",0,1,1,1,0.171428571428571,0.5,1,0.75
1,50,"oracle",1,1,0,0.171428571428571,0.171428571428571,0.5,1,0.75
1,50,"rate_only",-0.5,1,1.5,1,0.171428571428571,0.5,1,0.75
1,50,"near",0,1,1,1,0.171428571428571,0.5,1,0.75
1,50,"far",0.5,1,0.5,0.628571428571429,0.171428571428571,0.5,1,0.75
1,51,"oracle",1,1,0,0.171428571428571,0.171428571428571,0.5,1,0.75
1,51,"rate_only",-0.5,1,1.5,1,0.171428571428571,0.5,1,0.75
1,51,"near",0,1,1,1,0.171428571428571,0.5,1,0.75
1,51,"far",0,1,1,1,0.171428571428571,0.5,1,0.75
1,52,"oracle",1.5,1.5,0,0.0571428571428571,0.0571428571428571,1,1.5,0.75
1,52,"rate_only",0,1.5,1.5,1,0.0571428571428571,1,1.5,0.75
1,52,"near",0.5,1.5,1,0.742857142857143,0.0571428571428571,1,1.5,0.75
1,52,"far",0,1.5,1.5,1,0.0571428571428571,1,1.5,0.75
1,53,"oracle",1.5,1.5,0,0.0571428571428571,0.0571428571428571,1,1.5,0.75
1,53,"rate_only",0,1.5,1.5,1,0.0571428571428571,1,1.5,0.75
1,53,"near",0.5,1.5,1,0.742857142857143,0.0571428571428571,1,1.5,0.75
1,53,"far",0,1.5,1.5,1,0.0571428571428571,1,1.5,0.75
1,54,"oracle",1.5,1.5,0,0.0571428571428571,0.0571428571428571,1,1.5,0.75
1,54,"rate_only",0,1.5,1.5,1,0.0571428571428571,1,1.5,0.75
1,54,"near",0.5,1.5,1,0.742857142857143,0.0571428571428571,1,1.5,0.75
1,54,"far",0,1.5,1.5,1,0.0571428571428571,1,1.5,0.75
1,55,"oracle",1.5,1.5,0,0.0571428571428571,0.0571428571428571,1,1.5,0.75
1,55,"rate_only",0,1.5,1.5,1,0.0571428571428571,1,1.5,0.75
1,55,"near",0.5,1.5,1,0.742857142857143,0.0571428571428571,1,1.5,0.75
1,55,"far",0,1.5,1.5,1,0.0571428571428571,1,1.5,0.75
1,56,"oracle",1,1,0,0.171428571428571,0.171428571428571,1,1,0.75
1,56,"rate_only",0,1,1,1,0.171428571428571,1,1,0.75
1,56,"near",1,1,0,0.171428571428571,0.171428571428571,1,1,0.75
1,56,"far",0.5,1,0.5,0.628571428571429,0.171428571428571,1,1,0.75
1,57,"oracle",1,1,0,0.171428571428571,0.171428571428571,1,1,0.75
1,57,"rate_only",0,1,1,1,0.171428571428571,1,1,0.75
1,57,"near",0.5,1,0.5,0.628571428571429,0.171428571428571,1,1,0.75
1,57,"far",1,1,0,0.171428571428571,0.171428571428571,1,1,0.75
1,58,"oracle",1,1,0,0.171428571428571,0.171428571428571,1,1,0.75
1,58,"rate_only",0,1,1,1,0.171428571428571,1,1,0.75
1,58,"near",0.5,1,0.5,0.628571428571429,0.171428571428571,1,1,0.75
1,58,"far",0.5,1,0.5,0.628571428571429,0.171428571428571,1,1,0.75
1,59,"oracle",1,1,0,0.171428571428571,0.171428571428571,1,1,0.75
1,59,"rate_only",0,1,1,1,0.171428571428571,1,1,0.75
1,59,"near",0.5,1,0.5,0.628571428571429,0.171428571428571,1,1,0.75
1,59,"far",0.5,1,0.5,0.628571428571429,0.171428571428571,1,1,0.75
1,60,"oracle",1,1,0,0.171428571428571,0.171428571428571,1,1,0.75
1,60,"rate_only",0,1,1,1,0.171428571428571,1,1,0.75
1,60,"near",0.5,1,0.5,0.628571428571429,0.171428571428571,1,1,0.75
1,60,"far",1,1,0,0.171428571428571,0.171428571428571,1,1,0.75
1,61,"oracle",1,1,0,0.171428571428571,0.171428571428571,1,1,0.75
1,61,"rate_only",0,1,1,1,0.171428571428571,1,1,0.75
1,61,"near",1,1,0,0.171428571428571,0.171428571428571,1,1,0.75
1,61,"far",0.5,1,0.5,0.628571428571429,0.171428571428571,1,1,0.75
1,62,"oracle",1.5,1.5,0,0.0571428571428571,0.0571428571428571,1.5,1.5,0.75
1,62,"rate_only",0.5,1.5,1,0.742857142857143,0.0571428571428571,1.5,1.5,0.75
1,62,"near",1,1.5,0.5,0.228571428571429,0.0571428571428571,1.5,1.5,0.75
1,62,"far",0.5,1.5,1,0.742857142857143,0.0571428571428571,1.5,1.5,0.75
1,63,"oracle",1.5,1.5,0,0.0571428571428571,0.0571428571428571,1.5,1.5,0.75
1,63,"rate_only",0.5,1.5,1,0.742857142857143,0.0571428571428571,1.5,1.5,0.75
1,63,"near",1,1.5,0.5,0.228571428571429,0.0571428571428571,1.5,1.5,0.75
1,63,"far",1.5,1.5,0,0.0571428571428571,0.0571428571428571,1.5,1.5,0.75
1,64,"oracle",1.5,1.5,0,0.0571428571428571,0.0571428571428571,1.5,1.5,0.75
1,64,"rate_only",0.5,1.5,1,0.742857142857143,0.0571428571428571,1.5,1.5,0.75
1,64,"near",1,1.5,0.5,0.228571428571429,0.0571428571428571,1.5,1.5,0.75
1,64,"far",0.5,1.5,1,0.742857142857143,0.0571428571428571,1.5,1.5,0.75
1,65,"oracle",1.5,1.5,0,0.0571428571428571,0.0571428571428571,1.5,1.5,0.75
1,65,"rate_only",0.5,1.5,1,0.742857142857143,0.0571428571428571,1.5,1.5,0.75
1,65,"near",1,1.5,0.5,0.228571428571429,0.0571428571428571,1.5,1.5,0.75
1,65,"far",0.5,1.5,1,0.742857142857143,0.0571428571428571,1.5,1.5,0.75
1,66,"oracle",1.5,1.5,0,0.0571428571428571,0.0571428571428571,1.5,1.5,0.75
1,66,"rate_only",0.5,1.5,1,0.742857142857143,0.0571428571428571,1.5,1.5,0.75
1,66,"near",1,1.5,0.5,0.228571428571429,0.0571428571428571,1.5,1.5,0.75
1,66,"far",0.5,1.5,1,0.742857142857143,0.0571428571428571,1.5,1.5,0.75
1,67,"oracle",1.5,1.5,0,0.0571428571428571,0.0571428571428571,1.5,1.5,0.75
1,67,"rate_only",0.5,1.5,1,0.742857142857143,0.0571428571428571,1.5,1.5,0.75
1,67,"near",1,1.5,0.5,0.228571428571429,0.0571428571428571,1.5,1.5,0.75
1,67,"far",0.5,1.5,1,0.742857142857143,0.0571428571428571,1.5,1.5,0.75
1,68,"oracle",1.5,1.5,0,0.0571428571428571,0.0571428571428571,1.5,1.5,0.75
1,68,"rate_only",0.5,1.5,1,0.742857142857143,0.0571428571428571,1.5,1.5,0.75
1,68,"near",1,1.5,0.5,0.228571428571429,0.0571428571428571,1.5,1.5,0.75
1,68,"far",0.5,1.5,1,0.742857142857143,0.0571428571428571,1.5,1.5,0.75
1,69,"oracle",1.5,1.5,0,0.0571428571428571,0.0571428571428571,1.5,1.5,0.75
1,69,"rate_only",0.5,1.5,1,0.742857142857143,0.0571428571428571,1.5,1.5,0.75
1,69,"near",1,1.5,0.5,0.228571428571429,0.0571428571428571,1.5,1.5,0.75
1,69,"far",1.5,1.5,0,0.0571428571428571,0.0571428571428571,1.5,1.5,0.75
1,70,"oracle",2,2,0,0.0285714285714286,0.0285714285714286,2,2,0.75
1,70,"rate_only",1,2,1,0.485714285714286,0.0285714285714286,2,2,0.75
1,70,"near",2,2,0,0.0285714285714286,0.0285714285714286,2,2,0.75
1,70,"far",1,2,1,0.485714285714286,0.0285714285714286,2,2,0.75
2,1,"oracle",1,1,0,0.0285714285714286,0.0285714285714286,1,1,0.75
2,1,"rate_only",0.5,1,0.5,0.485714285714286,0.0285714285714286,1,1,0.75
2,1,"near",1,1,0,0.0285714285714286,0.0285714285714286,1,1,0.75
2,1,"far",0.5,1,0.5,0.485714285714286,0.0285714285714286,1,1,0.75
2,2,"oracle",1.5,1.5,0,0.0285714285714286,0.0285714285714286,1.5,1.5,0.75
2,2,"rate_only",-4.16333634234434e-17,1.5,1.5,1,0.0285714285714286,1.5,1.5,0.75
2,2,"near",0.5,1.5,1,0.714285714285714,0.0285714285714286,1.5,1.5,0.75
2,2,"far",1.5,1.5,0,0.0285714285714286,0.0285714285714286,1.5,1.5,0.75
2,3,"oracle",1.5,1.5,0,0.0285714285714286,0.0285714285714286,1.5,1.5,0.75
2,3,"rate_only",-4.16333634234434e-17,1.5,1.5,1,0.0285714285714286,1.5,1.5,0.75
2,3,"near",0.5,1.5,1,0.714285714285714,0.0285714285714286,1.5,1.5,0.75
2,3,"far",0.5,1.5,1,0.714285714285714,0.0285714285714286,1.5,1.5,0.75
2,4,"oracle",1.5,1.5,0,0.0285714285714286,0.0285714285714286,1.5,1.5,0.75
2,4,"rate_only",-2.08166817117217e-17,1.5,1.5,1,0.0285714285714286,1.5,1.5,0.75
2,4,"near",0.5,1.5,1,0.714285714285714,0.0285714285714286,1.5,1.5,0.75
2,4,"far",-2.08166817117217e-17,1.5,1.5,1,0.0285714285714286,1.5,1.5,0.75
2,5,"oracle",1.5,1.5,0,0.0285714285714286,0.0285714285714286,1.5,1.5,0.75
2,5,"rate_only",0,1.5,1.5,1,0.0285714285714286,1.5,1.5,0.75
2,5,"near",0.5,1.5,1,0.714285714285714,0.0285714285714286,1.5,1.5,0.75
2,5,"far",0.5,1.5,1,0.714285714285714,0.0285714285714286,1.5,1.5,0.75
2,6,"oracle",1.5,1.5,0,0.0285714285714286,0.0285714285714286,1.5,1.5,0.75
2,6,"rate_only",-4.16333634234434e-17,1.5,1.5,1,0.0285714285714286,1.5,1.5,0.75
2,6,"near",0.5,1.5,1,0.714285714285714,0.0285714285714286,1.5,1.5,0.75
2,6,"far",-4.16333634234434e-17,1.5,1.5,1,0.0285714285714286,1.5,1.5,0.75
2,7,"oracle",1.5,1.5,0,0.0285714285714286,0.0285714285714286,1.5,1.5,0.75
2,7,"rate_only",-4.16333634234434e-17,1.5,1.5,1,0.0285714285714286,1.5,1.5,0.75
2,7,"near",0.5,1.5,1,0.714285714285714,0.0285714285714286,1.5,1.5,0.75
2,7,"far",0.5,1.5,1,0.714285714285714,0.0285714285714286,1.5,1.5,0.75
2,8,"oracle",1.5,1.5,0,0.0285714285714286,0.0285714285714286,1.5,1.5,0.75
2,8,"rate_only",-6.2450045135165e-17,1.5,1.5,1,0.0285714285714286,1.5,1.5,0.75
2,8,"near",0.5,1.5,1,0.714285714285714,0.0285714285714286,1.5,1.5,0.75
2,8,"far",1.5,1.5,0,0.0285714285714286,0.0285714285714286,1.5,1.5,0.75
2,9,"oracle",1.5,1.5,0,0.0285714285714286,0.0285714285714286,1.5,1.5,0.75
2,9,"rate_only",-8.32667268468867e-17,1.5,1.5,1,0.0285714285714286,1.5,1.5,0.75
2,9,"near",0.5,1.5,1,0.714285714285714,0.0285714285714286,1.5,1.5,0.75
2,9,"far",0.5,1.5,1,0.714285714285714,0.0285714285714286,1.5,1.5,0.75
2,10,"oracle",2,2,0,0.0285714285714286,0.0285714285714286,2,2,0.75
2,10,"rate_only",0.5,2,1.5,0.742857142857143,0.0285714285714286,2,2,0.75
2,10,"near",2,2,0,0.0285714285714286,0.0285714285714286,2,2,0.75
2,10,"far",0.5,2,1.5,0.742857142857143,0.0285714285714286,2,2,0.75
2,11,"oracle",2,2,0,0.0285714285714286,0.0285714285714286,2,2,0.75
2,11,"rate_only",0.5,2,1.5,0.742857142857143,0.0285714285714286,2,2,0.75
2,11,"near",1,2,1,0.4,0.0285714285714286,2,2,0.75
2,11,"far",0.5,2,1.5,0.742857142857143,0.0285714285714286,2,2,0.75
2,12,"oracle",2,2,0,0.0285714285714286,0.0285714285714286,2,2,0.75
2,12,"rate_only",0.5,2,1.5,0.742857142857143,0.0285714285714286,2,2,0.75
2,12,"near",1,2,1,0.4,0.0285714285714286,2,2,0.75
2,12,"far",0.5,2,1.5,0.742857142857143,0.0285714285714286,2,2,0.75
2,13,"oracle",2,2,0,0.0285714285714286,0.0285714285714286,2,2,0.75
2,13,"rate_only",0.5,2,1.5,0.742857142857143,0.0285714285714286,2,2,0.75
2,13,"near",1,2,1,0.4,0.0285714285714286,2,2,0.75
2,13,"far",0.5,2,1.5,0.742857142857143,0.0285714285714286,2,2,0.75
2,14,"oracle",2,2,0,0.0285714285714286,0.0285714285714286,2,2,0.75
2,14,"rate_only",0.5,2,1.5,0.742857142857143,0.0285714285714286,2,2,0.75
2,14,"near",1,2,1,0.4,0.0285714285714286,2,2,0.75
2,14,"far",2,2,0,0.0285714285714286,0.0285714285714286,2,2,0.75
2,15,"oracle",2,2,0,0.0285714285714286,0.0285714285714286,2,2,0.75
2,15,"rate_only",0.5,2,1.5,0.742857142857143,0.0285714285714286,2,2,0.75
2,15,"near",2,2,0,0.0285714285714286,0.0285714285714286,2,2,0.75
2,15,"far",0.5,2,1.5,0.742857142857143,0.0285714285714286,2,2,0.75
2,16,"oracle",1.5,1.5,0,0.0285714285714286,0.0285714285714286,0.5,1.5,0.75
2,16,"rate_only",-0.5,1.5,2,1,0.0285714285714286,0.5,1.5,0.75
2,16,"near",-0.5,1.5,2,0.714285714285714,0.0285714285714286,0.5,1.5,0.75
2,16,"far",2.08166817117217e-17,1.5,1.5,1,0.0285714285714286,0.5,1.5,0.75
2,17,"oracle",1.5,1.5,0,0.0285714285714286,0.0285714285714286,0.5,1.5,0.75
2,17,"rate_only",-0.5,1.5,2,1,0.0285714285714286,0.5,1.5,0.75
2,17,"near",-0.5,1.5,2,0.714285714285714,0.0285714285714286,0.5,1.5,0.75
2,17,"far",-0.5,1.5,2,1,0.0285714285714286,0.5,1.5,0.75
2,18,"oracle",1.5,1.5,0,0.0285714285714286,0.0285714285714286,0.5,1.5,0.75
2,18,"rate_only",-0.5,1.5,2,1,0.0285714285714286,0.5,1.5,0.75
2,18,"near",-0.5,1.5,2,0.714285714285714,0.0285714285714286,0.5,1.5,0.75
2,18,"far",2.08166817117217e-17,1.5,1.5,1,0.0285714285714286,0.5,1.5,0.75
2,19,"oracle",1.5,1.5,0,0.0285714285714286,0.0285714285714286,0.5,1.5,0.75
2,19,"rate_only",-0.5,1.5,2,1,0.0285714285714286,0.5,1.5,0.75
2,19,"near",-0.5,1.5,2,0.714285714285714,0.0285714285714286,0.5,1.5,0.75
2,19,"far",-0.5,1.5,2,1,0.0285714285714286,0.5,1.5,0.75
2,20,"oracle",2,2,0,0.0285714285714286,0.0285714285714286,1,2,0.75
2,20,"rate_only",-0.5,2,2.5,1,0.0285714285714286,1,2,0.75
2,20,"near",4.16333634234434e-17,2,2,1,0.0285714285714286,1,2,0.75
2,20,"far",0,2,2,1,0.0285714285714286,1,2,0.75
2,21,"oracle",2,2,0,0.0285714285714286,0.0285714285714286,1,2,0.75
2,21,"rate_only",-0.5,2,2.5,1,0.0285714285714286,1,2,0.75
2,21,"near",-2.08166817117217e-17,2,2,1,0.0285714285714286,1,2,0.75
2,21,"far",-0.5,2,2.5,0.742857142857143,0.0285714285714286,1,2,0.75
2,22,"oracle",2,2,0,0.0285714285714286,0.0285714285714286,1,2,0.75
2,22,"rate_only",-0.5,2,2.5,1,0.0285714285714286,1,2,0.75
2,22,"near",0,2,2,1,0.0285714285714286,1,2,0.75
2,22,"far",0,2,2,1,0.0285714285714286,1,2,0.75
2,23,"oracle",2,2,0,0.0285714285714286,0.0285714285714286,1,2,0.75
2,23,"rate_only",-0.5,2,2.5,1,0.0285714285714286,1,2,0.75
2,23,"near",-2.08166817117217e-17,2,2,1,0.0285714285714286,1,2,0.75
2,23,"far",-0.5,2,2.5,1,0.0285714285714286,1,2,0.75
2,24,"oracle",2,2,0,0.0285714285714286,0.0285714285714286,1,2,0.75
2,24,"rate_only",-0.5,2,2.5,1,0.0285714285714286,1,2,0.75
2,24,"near",0,2,2,1,0.0285714285714286,1,2,0.75
2,24,"far",0.5,2,1.5,0.742857142857143,0.0285714285714286,1,2,0.75
2,25,"oracle",2,2,0,0.0285714285714286,0.0285714285714286,1,2,0.75
2,25,"rate_only",-0.5,2,2.5,1,0.0285714285714286,1,2,0.75
2,25,"near",8.32667268468867e-17,2,2,1,0.0285714285714286,1,2,0.75
2,25,"far",-0.5,2,2.5,1,0.0285714285714286,1,2,0.75
2,26,"oracle",2,2,0,0.0285714285714286,0.0285714285714286,1,2,0.75
2,26,"rate_only",-0.5,2,2.5,1,0.0285714285714286,1,2,0.75
2,26,"near",4.16333634234434e-17,2,2,1,0.0285714285714286,1,2,0.75
2,26,"far",-0.5,2,2.5,1,0.0285714285714286,1,2,0.75
2,27,"oracle",2,2,0,0.0285714285714286,0.0285714285714286,1,2,0.75
2,27,"rate_only",-0.5,2,2.5,1,0.0285714285714286,1,2,0.75
2,27,"near",-2.08166817117217e-17,2,2,1,0.0285714285714286,1,2,0.75
2,27,"far",-0.5,2,2.5,0.742857142857143,0.0285714285714286,1,2,0.75
2,28,"oracle",2,2,0,0.0285714285714286,0.0285714285714286,1,2,0.75
2,28,"rate_only",-0.5,2,2.5,1,0.0285714285714286,1,2,0.75
2,28,"near",0,2,2,1,0.0285714285714286,1,2,0.75
2,28,"far",-0.5,2,2.5,1,0.0285714285714286,1,2,0.75
2,29,"oracle",2,2,0,0.0285714285714286,0.0285714285714286,1,2,0.75
2,29,"rate_only",-0.5,2,2.5,1,0.0285714285714286,1,2,0.75
2,29,"near",6.2450045135165e-17,2,2,1,0.0285714285714286,1,2,0.75
2,29,"far",2.08166817117217e-17,2,2,1,0.0285714285714286,1,2,0.75
2,30,"oracle",2,2,0,0.0285714285714286,0.0285714285714286,1,2,0.75
2,30,"rate_only",-0.5,2,2.5,1,0.0285714285714286,1,2,0.75
2,30,"near",8.32667268468867e-17,2,2,1,0.0285714285714286,1,2,0.75
2,30,"far",0.5,2,1.5,0.742857142857143,0.0285714285714286,1,2,0.75
2,31,"oracle",2,2,0,0.0285714285714286,0.0285714285714286,1,2,0.75
2,31,"rate_only",-0.5,2,2.5,1,0.0285714285714286,1,2,0.75
2,31,"near",8.32667268468867e-17,2,2,1,0.0285714285714286,1,2,0.75
2,31,"far",0,2,2,1,0.0285714285714286,1,2,0.75
2,32,"oracle",2.5,2.5,0,0.0285714285714286,0.0285714285714286,1.5,2.5,0.75
2,32,"rate_only",1.04083408558608e-16,2.5,2.5,1,0.0285714285714286,1.5,2.5,0.75
2,32,"near",0.5,2.5,2,0.742857142857143,0.0285714285714286,1.5,2.5,0.75
2,32,"far",2.08166817117217e-17,2.5,2.5,1,0.0285714285714286,1.5,2.5,0.75
2,33,"oracle",2.5,2.5,0,0.0285714285714286,0.0285714285714286,1.5,2.5,0.75
2,33,"rate_only",8.32667268468867e-17,2.5,2.5,1,0.0285714285714286,1.5,2.5,0.75
2,33,"near",0.5,2.5,2,0.742857142857143,0.0285714285714286,1.5,2.5,0.75
2,33,"far",8.32667268468867e-17,2.5,2.5,1,0.0285714285714286,1.5,2.5,0.75
2,34,"oracle",2.5,2.5,0,0.0285714285714286,0.0285714285714286,1.5,2.5,0.75
2,34,"rate_only",8.32667268468867e-17,2.5,2.5,1,0.0285714285714286,1.5,2.5,0.75
2,34,"near",0.5,2.5,2,0.742857142857143,0.0285714285714286,1.5,2.5,0.75
2,34,"far",0,2.5,2.5,1,0.0285714285714286,1.5,2.5,0.75
2,35,"oracle",2.5,2.5,0,0.0285714285714286,0.0285714285714286,1.5,2.5,0.75
2,35,"rate_only",8.32667268468867e-17,2.5,2.5,1,0.0285714285714286,1.5,2.5,0.75
2,35,"near",0.5,2.5,2,0.742857142857143,0.0285714285714286,1.5,2.5,0.75
2,35,"far",0,2.5,2.5,1,0.0285714285714286,1.5,2.5,0.75
2,36,"oracle",1.5,1.5,0,0.0285714285714286,0.0285714285714286,0.5,1.5,0.75
2,36,"rate_only",-0.5,1.5,2,1,0.0285714285714286,0.5,1.5,0.75
2,36,"near",-0.5,1.5,2,0.714285714285714,0.0285714285714286,0.5,1.5,0.75
2,36,"far",2.08166817117217e-17,1.5,1.5,1,0.0285714285714286,0.5,1.5,0.75
2,37,"oracle",1.5,1.5,0,0.0285714285714286,0.0285714285714286,0.5,1.5,0.75
2,37,"rate_only",-0.5,1.5,2,1,0.0285714285714286,0.5,1.5,0.75
2,37,"near",-0.5,1.5,2,0.714285714285714,0.0285714285714286,0.5,1.5,0.75
2,37,"far",-0.5,1.5,2,1,0.0285714285714286,0.5,1.5,0.75
2,38,"oracle",1.5,1.5,0,0.0285714285714286,0.0285714285714286,0.5,1.5,0.75
2,38,"rate_only",-0.5,1.5,2,1,0.0285714285714286,0.5,1.5,0.75
2,38,"near",-0.5,1.5,2,0.714285714285714,0.0285714285714286,0.5,1.5,0.75
2,38,"far",2.08166817117217e-17,1.5,1.5,1,0.0285714285714286,0.5,1.5,0.75
2,39,"oracle",1.5,1.5,0,0.0285714285714286,0.0285714285714286,0.5,1.5,0.75
2,39,"rate_only",-0.5,1.5,2,1,0.0285714285714286,0.5,1.5,0.75
2,39,"near",-0.5,1.5,2,0.714285714285714,0.0285714285714286,0.5,1.5,0.75
2,39,"far",-0.5,1.5,2,1,0.0285714285714286,0.5,1.5,0.75
2,40,"oracle",2,2,0,0.0285714285714286,0.0285714285714286,1,2,0.75
2,40,"rate_only",-0.5,2,2.5,1,0.0285714285714286,1,2,0.75
2,40,"near",4.16333634234434e-17,2,2,1,0.0285714285714286,1,2,0.75
2,40,"far",0,2,2,1,0.0285714285714286,1,2,0.75
2,41,"oracle",2,2,0,0.0285714285714286,0.0285714285714286,1,2,0.75
2,41,"rate_only",-0.5,2,2.5,1,0.0285714285714286,1,2,0.75
2,41,"near",-2.08166817117217e-17,2,2,1,0.0285714285714286,1,2,0.75
2,41,"far",-0.5,2,2.5,0.742857142857143,0.0285714285714286,1,2,0.75
2,42,"oracle",2,2,0,0.0285714285714286,0.0285714285714286,1,2,0.75
2,42,"rate_only",-0.5,2,2.5,1,0.0285714285714286,1,2,0.75
2,42,"near",0,2,2,1,0.0285714285714286,1,2,0.75
2,42,"far",0,2,2,1,0.0285714285714286,1,2,0.75
2,43,"oracle",2,2,0,0.0285714285714286,0.0285714285714286,1,2,0.75
2,43,"rate_only",-0.5,2,2.5,1,0.0285714285714286,1,2,0.75
2,43,"near",-2.08166817117217e-17,2,2,1,0.0285714285714286,1,2,0.75
2,43,"far",-0.5,2,2.5,1,0.0285714285714286,1,2,0.75
2,44,"oracle",2,2,0,0.0285714285714286,0.0285714285714286,1,2,0.75
2,44,"rate_only",-0.5,2,2.5,1,0.0285714285714286,1,2,0.75
2,44,"near",0,2,2,1,0.0285714285714286,1,2,0.75
2,44,"far",0.5,2,1.5,0.742857142857143,0.0285714285714286,1,2,0.75
2,45,"oracle",2,2,0,0.0285714285714286,0.0285714285714286,1,2,0.75
2,45,"rate_only",-0.5,2,2.5,1,0.0285714285714286,1,2,0.75
2,45,"near",8.32667268468867e-17,2,2,1,0.0285714285714286,1,2,0.75
2,45,"far",-0.5,2,2.5,1,0.0285714285714286,1,2,0.75
2,46,"oracle",2,2,0,0.0285714285714286,0.0285714285714286,1,2,0.75
2,46,"rate_only",-0.5,2,2.5,1,0.0285714285714286,1,2,0.75
2,46,"near",4.16333634234434e-17,2,2,1,0.0285714285714286,1,2,0.75
2,46,"far",-0.5,2,2.5,1,0.0285714285714286,1,2,0.75
2,47,"oracle",2,2,0,0.0285714285714286,0.0285714285714286,1,2,0.75
2,47,"rate_only",-0.5,2,2.5,1,0.0285714285714286,1,2,0.75
2,47,"near",-2.08166817117217e-17,2,2,1,0.0285714285714286,1,2,0.75
2,47,"far",-0.5,2,2.5,0.742857142857143,0.0285714285714286,1,2,0.75
2,48,"oracle",2,2,0,0.0285714285714286,0.0285714285714286,1,2,0.75
2,48,"rate_only",-0.5,2,2.5,1,0.0285714285714286,1,2,0.75
2,48,"near",0,2,2,1,0.0285714285714286,1,2,0.75
2,48,"far",-0.5,2,2.5,1,0.0285714285714286,1,2,0.75
2,49,"oracle",2,2,0,0.0285714285714286,0.0285714285714286,1,2,0.75
2,49,"rate_only",-0.5,2,2.5,1,0.0285714285714286,1,2,0.75
2,49,"near",6.2450045135165e-17,2,2,1,0.0285714285714286,1,2,0.75
2,49,"far",2.08166817117217e-17,2,2,1,0.0285714285714286,1,2,0.75
2,50,"oracle",2,2,0,0.0285714285714286,0.0285714285714286,1,2,0.75
2,50,"rate_only",-0.5,2,2.5,1,0.0285714285714286,1,2,0.75
2,50,"near",8.32667268468867e-17,2,2,1,0.0285714285714286,1,2,0.75
2,50,"far",0.5,2,1.5,0.742857142857143,0.0285714285714286,1,2,0.75
2,51,"oracle",2,2,0,0.0285714285714286,0.0285714285714286,1,2,0.75
2,51,"rate_only",-0.5,2,2.5,1,0.0285714285714286,1,2,0.75
2,51,"near",8.32667268468867e-17,2,2,1,0.0285714285714286,1,2,0.75
2,51,"far",0,2,2,1,0.0285714285714286,1,2,0.75
2,52,"oracle",2.5,2.5,0,0.0285714285714286,0.0285714285714286,1.5,2.5,0.75
2,52,"rate_only",1.04083408558608e-16,2.5,2.5,1,0.0285714285714286,1.5,2.5,0.75
2,52,"near",0.5,2.5,2,0.742857142857143,0.0285714285714286,1.5,2.5,0.75
2,52,"far",2.08166817117217e-17,2.5,2.5,1,0.0285714285714286,1.5,2.5,0.75
2,53,"oracle",2.5,2.5,0,0.0285714285714286,0.0285714285714286,1.5,2.5,0.75
2,53,"rate_only",8.32667268468867e-17,2.5,2.5,1,0.0285714285714286,1.5,2.5,0.75
2,53,"near",0.5,2.5,2,0.742857142857143,0.0285714285714286,1.5,2.5,0.75
2,53,"far",8.32667268468867e-17,2.5,2.5,1,0.0285714285714286,1.5,2.5,0.75
2,54,"oracle",2.5,2.5,0,0.0285714285714286,0.0285714285714286,1.5,2.5,0.75
2,54,"rate_only",8.32667268468867e-17,2.5,2.5,1,0.0285714285714286,1.5,2.5,0.75
2,54,"near",0.5,2.5,2,0.742857142857143,0.0285714285714286,1.5,2.5,0.75
2,54,"far",0,2.5,2.5,1,0.0285714285714286,1.5,2.5,0.75
2,55,"oracle",2.5,2.5,0,0.0285714285714286,0.0285714285714286,1.5,2.5,0.75
2,55,"rate_only",8.32667268468867e-17,2.5,2.5,1,0.0285714285714286,1.5,2.5,0.75
2,55,"near",0.5,2.5,2,0.742857142857143,0.0285714285714286,1.5,2.5,0.75
2,55,"far",0,2.5,2.5,1,0.0285714285714286,1.5,2.5,0.75
2,56,"oracle",2,2,0,0.0285714285714286,0.0285714285714286,2,2,0.75
2,56,"rate_only",0.5,2,1.5,0.742857142857143,0.0285714285714286,2,2,0.75
2,56,"near",2,2,0,0.0285714285714286,0.0285714285714286,2,2,0.75
2,56,"far",1,2,1,0.4,0.0285714285714286,2,2,0.75
2,57,"oracle",2,2,0,0.0285714285714286,0.0285714285714286,2,2,0.75
2,57,"rate_only",0.5,2,1.5,0.742857142857143,0.0285714285714286,2,2,0.75
2,57,"near",1,2,1,0.4,0.0285714285714286,2,2,0.75
2,57,"far",2,2,0,0.0285714285714286,0.0285714285714286,2,2,0.75
2,58,"oracle",2,2,0,0.0285714285714286,0.0285714285714286,2,2,0.75
2,58,"rate_only",0.5,2,1.5,0.742857142857143,0.0285714285714286,2,2,0.75
2,58,"near",1,2,1,0.4,0.0285714285714286,2,2,0.75
2,58,"far",1,2,1,0.4,0.0285714285714286,2,2,0.75
2,59,"oracle",2,2,0,0.0285714285714286,0.0285714285714286,2,2,0.75
2,59,"rate_only",0.5,2,1.5,0.742857142857143,0.0285714285714286,2,2,0.75
2,59,"near",1,2,1,0.4,0.0285714285714286,2,2,0.75
2,59,"far",1,2,1,0.4,0.0285714285714286,2,2,0.75
2,60,"oracle",2,2,0,0.0285714285714286,0.0285714285714286,2,2,0.75
2,60,"rate_only",0.5,2,1.5,0.742857142857143,0.0285714285714286,2,2,0.75
2,60,"near",1,2,1,0.4,0.0285714285714286,2,2,0.75
2,60,"far",1.5,2,0.5,0.142857142857143,0.0285714285714286,2,2,0.75
2,61,"oracle",2,2,0,0.0285714285714286,0.0285714285714286,2,2,0.75
2,61,"rate_only",0.5,2,1.5,0.742857142857143,0.0285714285714286,2,2,0.75
2,61,"near",2,2,0,0.0285714285714286,0.0285714285714286,2,2,0.75
2,61,"far",1,2,1,0.4,0.0285714285714286,2,2,0.75
2,62,"oracle",2.5,2.5,0,0.0285714285714286,0.0285714285714286,2.5,2.5,0.75
2,62,"rate_only",1,2.5,1.5,0.485714285714286,0.0285714285714286,2.5,2.5,0.75
2,62,"near",1.5,2.5,1,0.228571428571429,0.0285714285714286,2.5,2.5,0.75
2,62,"far",1,2.5,1.5,0.485714285714286,0.0285714285714286,2.5,2.5,0.75
2,63,"oracle",2.5,2.5,0,0.0285714285714286,0.0285714285714286,2.5,2.5,0.75
2,63,"rate_only",1,2.5,1.5,0.485714285714286,0.0285714285714286,2.5,2.5,0.75
2,63,"near",1.5,2.5,1,0.228571428571429,0.0285714285714286,2.5,2.5,0.75
2,63,"far",2.5,2.5,0,0.0285714285714286,0.0285714285714286,2.5,2.5,0.75
2,64,"oracle",2.5,2.5,0,0.0285714285714286,0.0285714285714286,2.5,2.5,0.75
2,64,"rate_only",1,2.5,1.5,0.485714285714286,0.0285714285714286,2.5,2.5,0.75
2,64,"near",1.5,2.5,1,0.228571428571429,0.0285714285714286,2.5,2.5,0.75
2,64,"far",1,2.5,1.5,0.485714285714286,0.0285714285714286,2.5,2.5,0.75
2,65,"oracle",2.5,2.5,0,0.0285714285714286,0.0285714285714286,2.5,2.5,0.75
2,65,"rate_only",1,2.5,1.5,0.485714285714286,0.0285714285714286,2.5,2.5,0.75
2,65,"near",1.5,2.5,1,0.228571428571429,0.0285714285714286,2.5,2.5,0.75
2,65,"far",1,2.5,1.5,0.485714285714286,0.0285714285714286,2.5,2.5,0.75
2,66,"oracle",2.5,2.5,0,0.0285714285714286,0.0285714285714286,2.5,2.5,0.75
2,66,"rate_only",1,2.5,1.5,0.485714285714286,0.0285714285714286,2.5,2.5,0.75
2,66,"near",1.5,2.5,1,0.228571428571429,0.0285714285714286,2.5,2.5,0.75
2,66,"far",1,2.5,1.5,0.485714285714286,0.0285714285714286,2.5,2.5,0.75
2,67,"oracle",2.5,2.5,0,0.0285714285714286,0.0285714285714286,2.5,2.5,0.75
2,67,"rate_only",1,2.5,1.5,0.485714285714286,0.0285714285714286,2.5,2.5,0.75
2,67,"near",1.5,2.5,1,0.228571428571429,0.0285714285714286,2.5,2.5,0.75
2,67,"far",1,2.5,1.5,0.485714285714286,0.0285714285714286,2.5,2.5,0.75
2,68,"oracle",2.5,2.5,0,0.0285714285714286,0.0285714285714286,2.5,2.5,0.75
2,68,"rate_only",1,2.5,1.5,0.485714285714286,0.0285714285714286,2.5,2.5,0.75
2,68,"near",1.5,2.5,1,0.228571428571429,0.0285714285714286,2.5,2.5,0.75
2,68,"far",1,2.5,1.5,0.485714285714286,0.0285714285714286,2.5,2.5,0.75
2,69,"oracle",2.5,2.5,0,0.0285714285714286,0.0285714285714286,2.5,2.5,0.75
2,69,"rate_only",1,2.5,1.5,0.485714285714286,0.0285714285714286,2.5,2.5,0.75
2,69,"near",1.5,2.5,1,0.228571428571429,0.0285714285714286,2.5,2.5,0.75
2,69,"far",2.5,2.5,0,0.0285714285714286,0.0285714285714286,2.5,2.5,0.75
2,70,"oracle",3,3,0,0.0285714285714286,0.0285714285714286,3,3,0.75
2,70,"rate_only",1.5,3,1.5,0.485714285714286,0.0285714285714286,3,3,0.75
2,70,"near",3,3,0,0.0285714285714286,0.0285714285714286,3,3,0.75
2,70,"far",1.5,3,1.5,0.485714285714286,0.0285714285714286,3,3,0.75
4,1,"oracle",3,3,0,0.0285714285714286,0.0285714285714286,3,3,0.75
4,1,"rate_only",1.5,3,1.5,0.485714285714286,0.0285714285714286,3,3,0.75
4,1,"near",3,3,0,0.0285714285714286,0.0285714285714286,3,3,0.75
4,1,"far",1.5,3,1.5,0.485714285714286,0.0285714285714286,3,3,0.75
4,2,"oracle",3.5,3.5,0,0.0285714285714286,0.0285714285714286,3.5,3.5,0.75
4,2,"rate_only",1,3.5,2.5,0.485714285714286,0.0285714285714286,3.5,3.5,0.75
4,2,"near",1.5,3.5,2,0.457142857142857,0.0285714285714286,3.5,3.5,0.75
4,2,"far",3.5,3.5,0,0.0285714285714286,0.0285714285714286,3.5,3.5,0.75
4,3,"oracle",3.5,3.5,0,0.0285714285714286,0.0285714285714286,3.5,3.5,0.75
4,3,"rate_only",1,3.5,2.5,0.485714285714286,0.0285714285714286,3.5,3.5,0.75
4,3,"near",1.5,3.5,2,0.457142857142857,0.0285714285714286,3.5,3.5,0.75
4,3,"far",1.5,3.5,2,0.457142857142857,0.0285714285714286,3.5,3.5,0.75
4,4,"oracle",3.5,3.5,0,0.0285714285714286,0.0285714285714286,3.5,3.5,0.75
4,4,"rate_only",1,3.5,2.5,0.485714285714286,0.0285714285714286,3.5,3.5,0.75
4,4,"near",1.5,3.5,2,0.457142857142857,0.0285714285714286,3.5,3.5,0.75
4,4,"far",1,3.5,2.5,0.485714285714286,0.0285714285714286,3.5,3.5,0.75
4,5,"oracle",3.5,3.5,0,0.0285714285714286,0.0285714285714286,3.5,3.5,0.75
4,5,"rate_only",1,3.5,2.5,0.485714285714286,0.0285714285714286,3.5,3.5,0.75
4,5,"near",1.5,3.5,2,0.457142857142857,0.0285714285714286,3.5,3.5,0.75
4,5,"far",1.5,3.5,2,0.457142857142857,0.0285714285714286,3.5,3.5,0.75
4,6,"oracle",3.5,3.5,0,0.0285714285714286,0.0285714285714286,3.5,3.5,0.75
4,6,"rate_only",1,3.5,2.5,0.485714285714286,0.0285714285714286,3.5,3.5,0.75
4,6,"near",1.5,3.5,2,0.457142857142857,0.0285714285714286,3.5,3.5,0.75
4,6,"far",1,3.5,2.5,0.485714285714286,0.0285714285714286,3.5,3.5,0.75
4,7,"oracle",3.5,3.5,0,0.0285714285714286,0.0285714285714286,3.5,3.5,0.75
4,7,"rate_only",1,3.5,2.5,0.485714285714286,0.0285714285714286,3.5,3.5,0.75
4,7,"near",1.5,3.5,2,0.457142857142857,0.0285714285714286,3.5,3.5,0.75
4,7,"far",1.5,3.5,2,0.457142857142857,0.0285714285714286,3.5,3.5,0.75
4,8,"oracle",3.5,3.5,0,0.0285714285714286,0.0285714285714286,3.5,3.5,0.75
4,8,"rate_only",1,3.5,2.5,0.485714285714286,0.0285714285714286,3.5,3.5,0.75
4,8,"near",1.5,3.5,2,0.457142857142857,0.0285714285714286,3.5,3.5,0.75
4,8,"far",3.5,3.5,0,0.0285714285714286,0.0285714285714286,3.5,3.5,0.75
4,9,"oracle",3.5,3.5,0,0.0285714285714286,0.0285714285714286,3.5,3.5,0.75
4,9,"rate_only",1,3.5,2.5,0.485714285714286,0.0285714285714286,3.5,3.5,0.75
4,9,"near",1.5,3.5,2,0.457142857142857,0.0285714285714286,3.5,3.5,0.75
4,9,"far",1.5,3.5,2,0.457142857142857,0.0285714285714286,3.5,3.5,0.75
4,10,"oracle",4,4,0,0.0285714285714286,0.0285714285714286,4,4,0.75
4,10,"rate_only",1.5,4,2.5,0.485714285714286,0.0285714285714286,4,4,0.75
4,10,"near",4,4,0,0.0285714285714286,0.0285714285714286,4,4,0.75
4,10,"far",1.5,4,2.5,0.485714285714286,0.0285714285714286,4,4,0.75
4,11,"oracle",4,4,0,0.0285714285714286,0.0285714285714286,4,4,0.75
4,11,"rate_only",1.5,4,2.5,0.485714285714286,0.0285714285714286,4,4,0.75
4,11,"near",2,4,2,0.371428571428571,0.0285714285714286,4,4,0.75
4,11,"far",1.5,4,2.5,0.485714285714286,0.0285714285714286,4,4,0.75
4,12,"oracle",4,4,0,0.0285714285714286,0.0285714285714286,4,4,0.75
4,12,"rate_only",1.5,4,2.5,0.485714285714286,0.0285714285714286,4,4,0.75
4,12,"near",2,4,2,0.371428571428571,0.0285714285714286,4,4,0.75
4,12,"far",1.5,4,2.5,0.485714285714286,0.0285714285714286,4,4,0.75
4,13,"oracle",4,4,0,0.0285714285714286,0.0285714285714286,4,4,0.75
4,13,"rate_only",1.5,4,2.5,0.485714285714286,0.0285714285714286,4,4,0.75
4,13,"near",2,4,2,0.371428571428571,0.0285714285714286,4,4,0.75
4,13,"far",1.5,4,2.5,0.485714285714286,0.0285714285714286,4,4,0.75
4,14,"oracle",4,4,0,0.0285714285714286,0.0285714285714286,4,4,0.75
4,14,"rate_only",1.5,4,2.5,0.485714285714286,0.0285714285714286,4,4,0.75
4,14,"near",2,4,2,0.371428571428571,0.0285714285714286,4,4,0.75
4,14,"far",4,4,0,0.0285714285714286,0.0285714285714286,4,4,0.75
4,15,"oracle",4,4,0,0.0285714285714286,0.0285714285714286,4,4,0.75
4,15,"rate_only",1.5,4,2.5,0.485714285714286,0.0285714285714286,4,4,0.75
4,15,"near",4,4,0,0.0285714285714286,0.0285714285714286,4,4,0.75
4,15,"far",1.5,4,2.5,0.485714285714286,0.0285714285714286,4,4,0.75
4,16,"oracle",3.5,3.5,0,0.0285714285714286,0.0285714285714286,1.5,3.5,0.75
4,16,"rate_only",-0.5,3.5,4,1,0.0285714285714286,1.5,3.5,0.75
4,16,"near",-0.5,3.5,4,0.742857142857143,0.0285714285714286,1.5,3.5,0.75
4,16,"far",-6.93889390390723e-17,3.5,3.5,1,0.0285714285714286,1.5,3.5,0.75
4,17,"oracle",3.5,3.5,0,0.0285714285714286,0.0285714285714286,1.5,3.5,0.75
4,17,"rate_only",-0.5,3.5,4,1,0.0285714285714286,1.5,3.5,0.75
4,17,"near",-0.5,3.5,4,0.742857142857143,0.0285714285714286,1.5,3.5,0.75
4,17,"far",-0.5,3.5,4,1,0.0285714285714286,1.5,3.5,0.75
4,18,"oracle",3.5,3.5,0,0.0285714285714286,0.0285714285714286,1.5,3.5,0.75
4,18,"rate_only",-0.5,3.5,4,1,0.0285714285714286,1.5,3.5,0.75
4,18,"near",-0.5,3.5,4,0.742857142857143,0.0285714285714286,1.5,3.5,0.75
4,18,"far",-6.93889390390723e-17,3.5,3.5,1,0.0285714285714286,1.5,3.5,0.75
4,19,"oracle",3.5,3.5,0,0.0285714285714286,0.0285714285714286,1.5,3.5,0.75
4,19,"rate_only",-0.5,3.5,4,1,0.0285714285714286,1.5,3.5,0.75
4,19,"near",-0.5,3.5,4,0.742857142857143,0.0285714285714286,1.5,3.5,0.75
4,19,"far",-0.5,3.5,4,1,0.0285714285714286,1.5,3.5,0.75
4,20,"oracle",4,4,0,0.0285714285714286,0.0285714285714286,2,4,0.75
4,20,"rate_only",-0.5,4,4.5,1,0.0285714285714286,2,4,0.75
4,20,"near",-1.38777878078145e-16,4,4,1,0.0285714285714286,2,4,0.75
4,20,"far",0,4,4,1,0.0285714285714286,2,4,0.75
4,21,"oracle",4,4,0,0.0285714285714286,0.0285714285714286,2,4,0.75
4,21,"rate_only",-0.5,4,4.5,1,0.0285714285714286,2,4,0.75
4,21,"near",-6.93889390390723e-17,4,4,1,0.0285714285714286,2,4,0.75
4,21,"far",-0.5,4,4.5,0.742857142857143,0.0285714285714286,2,4,0.75
4,22,"oracle",4,4,0,0.0285714285714286,0.0285714285714286,2,4,0.75
4,22,"rate_only",-0.5,4,4.5,1,0.0285714285714286,2,4,0.75
4,22,"near",0,4,4,1,0.0285714285714286,2,4,0.75
4,22,"far",0,4,4,1,0.0285714285714286,2,4,0.75
4,23,"oracle",4,4,0,0.0285714285714286,0.0285714285714286,2,4,0.75
4,23,"rate_only",-0.5,4,4.5,1,0.0285714285714286,2,4,0.75
4,23,"near",-6.93889390390723e-17,4,4,1,0.0285714285714286,2,4,0.75
4,23,"far",-0.5,4,4.5,1,0.0285714285714286,2,4,0.75
4,24,"oracle",4,4,0,0.0285714285714286,0.0285714285714286,2,4,0.75
4,24,"rate_only",-0.5,4,4.5,1,0.0285714285714286,2,4,0.75
4,24,"near",0,4,4,1,0.0285714285714286,2,4,0.75
4,24,"far",0.5,4,3.5,0.742857142857143,0.0285714285714286,2,4,0.75
4,25,"oracle",4,4,0,0.0285714285714286,0.0285714285714286,2,4,0.75
4,25,"rate_only",-0.5,4,4.5,1,0.0285714285714286,2,4,0.75
4,25,"near",0,4,4,1,0.0285714285714286,2,4,0.75
4,25,"far",-0.5,4,4.5,1,0.0285714285714286,2,4,0.75
4,26,"oracle",4,4,0,0.0285714285714286,0.0285714285714286,2,4,0.75
4,26,"rate_only",-0.5,4,4.5,1,0.0285714285714286,2,4,0.75
4,26,"near",-1.38777878078145e-16,4,4,1,0.0285714285714286,2,4,0.75
4,26,"far",-0.5,4,4.5,1,0.0285714285714286,2,4,0.75
4,27,"oracle",4,4,0,0.0285714285714286,0.0285714285714286,2,4,0.75
4,27,"rate_only",-0.5,4,4.5,1,0.0285714285714286,2,4,0.75
4,27,"near",-6.93889390390723e-17,4,4,1,0.0285714285714286,2,4,0.75
4,27,"far",-0.5,4,4.5,0.742857142857143,0.0285714285714286,2,4,0.75
4,28,"oracle",4,4,0,0.0285714285714286,0.0285714285714286,2,4,0.75
4,28,"rate_only",-0.5,4,4.5,1,0.0285714285714286,2,4,0.75
4,28,"near",0,4,4,1,0.0285714285714286,2,4,0.75
4,28,"far",-0.5,4,4.5,1,0.0285714285714286,2,4,0.75
4,29,"oracle",4,4,0,0.0285714285714286,0.0285714285714286,2,4,0.75
4,29,"rate_only",-0.5,4,4.5,1,0.0285714285714286,2,4,0.75
4,29,"near",-6.93889390390723e-17,4,4,1,0.0285714285714286,2,4,0.75
4,29,"far",-6.93889390390723e-17,4,4,1,0.0285714285714286,2,4,0.75
4,30,"oracle",4,4,0,0.0285714285714286,0.0285714285714286,2,4,0.75
4,30,"rate_only",-0.5,4,4.5,1,0.0285714285714286,2,4,0.75
4,30,"near",0,4,4,1,0.0285714285714286,2,4,0.75
4,30,"far",0.5,4,3.5,0.742857142857143,0.0285714285714286,2,4,0.75
4,31,"oracle",4,4,0,0.0285714285714286,0.0285714285714286,2,4,0.75
4,31,"rate_only",-0.5,4,4.5,1,0.0285714285714286,2,4,0.75
4,31,"near",0,4,4,1,0.0285714285714286,2,4,0.75
4,31,"far",-6.93889390390723e-17,4,4,1,0.0285714285714286,2,4,0.75
4,32,"oracle",4.5,4.5,0,0.0285714285714286,0.0285714285714286,2.5,4.5,0.75
4,32,"rate_only",-6.93889390390723e-17,4.5,4.5,1,0.0285714285714286,2.5,4.5,0.75
4,32,"near",0.5,4.5,4,0.742857142857143,0.0285714285714286,2.5,4.5,0.75
4,32,"far",-6.93889390390723e-17,4.5,4.5,1,0.0285714285714286,2.5,4.5,0.75
4,33,"oracle",4.5,4.5,0,0.0285714285714286,0.0285714285714286,2.5,4.5,0.75
4,33,"rate_only",0,4.5,4.5,1,0.0285714285714286,2.5,4.5,0.75
4,33,"near",0.5,4.5,4,0.742857142857143,0.0285714285714286,2.5,4.5,0.75
4,33,"far",0,4.5,4.5,1,0.0285714285714286,2.5,4.5,0.75
4,34,"oracle",4.5,4.5,0,0.0285714285714286,0.0285714285714286,2.5,4.5,0.75
4,34,"rate_only",0,4.5,4.5,1,0.0285714285714286,2.5,4.5,0.75
4,34,"near",0.5,4.5,4,0.742857142857143,0.0285714285714286,2.5,4.5,0.75
4,34,"far",0,4.5,4.5,1,0.0285714285714286,2.5,4.5,0.75
4,35,"oracle",4.5,4.5,0,0.0285714285714286,0.0285714285714286,2.5,4.5,0.75
4,35,"rate_only",0,4.5,4.5,1,0.0285714285714286,2.5,4.5,0.75
4,35,"near",0.5,4.5,4,0.742857142857143,0.0285714285714286,2.5,4.5,0.75
4,35,"far",0,4.5,4.5,1,0.0285714285714286,2.5,4.5,0.75
4,36,"oracle",3.5,3.5,0,0.0285714285714286,0.0285714285714286,1.5,3.5,0.75
4,36,"rate_only",-0.5,3.5,4,1,0.0285714285714286,1.5,3.5,0.75
4,36,"near",-0.5,3.5,4,0.742857142857143,0.0285714285714286,1.5,3.5,0.75
4,36,"far",-6.93889390390723e-17,3.5,3.5,1,0.0285714285714286,1.5,3.5,0.75
4,37,"oracle",3.5,3.5,0,0.0285714285714286,0.0285714285714286,1.5,3.5,0.75
4,37,"rate_only",-0.5,3.5,4,1,0.0285714285714286,1.5,3.5,0.75
4,37,"near",-0.5,3.5,4,0.742857142857143,0.0285714285714286,1.5,3.5,0.75
4,37,"far",-0.5,3.5,4,1,0.0285714285714286,1.5,3.5,0.75
4,38,"oracle",3.5,3.5,0,0.0285714285714286,0.0285714285714286,1.5,3.5,0.75
4,38,"rate_only",-0.5,3.5,4,1,0.0285714285714286,1.5,3.5,0.75
4,38,"near",-0.5,3.5,4,0.742857142857143,0.0285714285714286,1.5,3.5,0.75
4,38,"far",-6.93889390390723e-17,3.5,3.5,1,0.0285714285714286,1.5,3.5,0.75
4,39,"oracle",3.5,3.5,0,0.0285714285714286,0.0285714285714286,1.5,3.5,0.75
4,39,"rate_only",-0.5,3.5,4,1,0.0285714285714286,1.5,3.5,0.75
4,39,"near",-0.5,3.5,4,0.742857142857143,0.0285714285714286,1.5,3.5,0.75
4,39,"far",-0.5,3.5,4,1,0.0285714285714286,1.5,3.5,0.75
4,40,"oracle",4,4,0,0.0285714285714286,0.0285714285714286,2,4,0.75
4,40,"rate_only",-0.5,4,4.5,1,0.0285714285714286,2,4,0.75
4,40,"near",-1.38777878078145e-16,4,4,1,0.0285714285714286,2,4,0.75
4,40,"far",0,4,4,1,0.0285714285714286,2,4,0.75
4,41,"oracle",4,4,0,0.0285714285714286,0.0285714285714286,2,4,0.75
4,41,"rate_only",-0.5,4,4.5,1,0.0285714285714286,2,4,0.75
4,41,"near",-6.93889390390723e-17,4,4,1,0.0285714285714286,2,4,0.75
4,41,"far",-0.5,4,4.5,0.742857142857143,0.0285714285714286,2,4,0.75
4,42,"oracle",4,4,0,0.0285714285714286,0.0285714285714286,2,4,0.75
4,42,"rate_only",-0.5,4,4.5,1,0.0285714285714286,2,4,0.75
4,42,"near",0,4,4,1,0.0285714285714286,2,4,0.75
4,42,"far",0,4,4,1,0.0285714285714286,2,4,0.75
4,43,"oracle",4,4,0,0.0285714285714286,0.0285714285714286,2,4,0.75
4,43,"rate_only",-0.5,4,4.5,1,0.0285714285714286,2,4,0.75
4,43,"near",-6.93889390390723e-17,4,4,1,0.0285714285714286,2,4,0.75
4,43,"far",-0.5,4,4.5,1,0.0285714285714286,2,4,0.75
4,44,"oracle",4,4,0,0.0285714285714286,0.0285714285714286,2,4,0.75
4,44,"rate_only",-0.5,4,4.5,1,0.0285714285714286,2,4,0.75
4,44,"near",0,4,4,1,0.0285714285714286,2,4,0.75
4,44,"far",0.5,4,3.5,0.742857142857143,0.0285714285714286,2,4,0.75
4,45,"oracle",4,4,0,0.0285714285714286,0.0285714285714286,2,4,0.75
4,45,"rate_only",-0.5,4,4.5,1,0.0285714285714286,2,4,0.75
4,45,"near",0,4,4,1,0.0285714285714286,2,4,0.75
4,45,"far",-0.5,4,4.5,1,0.0285714285714286,2,4,0.75
4,46,"oracle",4,4,0,0.0285714285714286,0.0285714285714286,2,4,0.75
4,46,"rate_only",-0.5,4,4.5,1,0.0285714285714286,2,4,0.75
4,46,"near",-1.38777878078145e-16,4,4,1,0.0285714285714286,2,4,0.75
4,46,"far",-0.5,4,4.5,1,0.0285714285714286,2,4,0.75
4,47,"oracle",4,4,0,0.0285714285714286,0.0285714285714286,2,4,0.75
4,47,"rate_only",-0.5,4,4.5,1,0.0285714285714286,2,4,0.75
4,47,"near",-6.93889390390723e-17,4,4,1,0.0285714285714286,2,4,0.75
4,47,"far",-0.5,4,4.5,0.742857142857143,0.0285714285714286,2,4,0.75
4,48,"oracle",4,4,0,0.0285714285714286,0.0285714285714286,2,4,0.75
4,48,"rate_only",-0.5,4,4.5,1,0.0285714285714286,2,4,0.75
4,48,"near",0,4,4,1,0.0285714285714286,2,4,0.75
4,48,"far",-0.5,4,4.5,1,0.0285714285714286,2,4,0.75
4,49,"oracle",4,4,0,0.0285714285714286,0.0285714285714286,2,4,0.75
4,49,"rate_only",-0.5,4,4.5,1,0.0285714285714286,2,4,0.75
4,49,"near",-6.93889390390723e-17,4,4,1,0.0285714285714286,2,4,0.75
4,49,"far",-6.93889390390723e-17,4,4,1,0.0285714285714286,2,4,0.75
4,50,"oracle",4,4,0,0.0285714285714286,0.0285714285714286,2,4,0.75
4,50,"rate_only",-0.5,4,4.5,1,0.0285714285714286,2,4,0.75
4,50,"near",0,4,4,1,0.0285714285714286,2,4,0.75
4,50,"far",0.5,4,3.5,0.742857142857143,0.0285714285714286,2,4,0.75
4,51,"oracle",4,4,0,0.0285714285714286,0.0285714285714286,2,4,0.75
4,51,"rate_only",-0.5,4,4.5,1,0.0285714285714286,2,4,0.75
4,51,"near",0,4,4,1,0.0285714285714286,2,4,0.75
4,51,"far",-6.93889390390723e-17,4,4,1,0.0285714285714286,2,4,0.75
4,52,"oracle",4.5,4.5,0,0.0285714285714286,0.0285714285714286,2.5,4.5,0.75
4,52,"rate_only",-6.93889390390723e-17,4.5,4.5,1,0.0285714285714286,2.5,4.5,0.75
4,52,"near",0.5,4.5,4,0.742857142857143,0.0285714285714286,2.5,4.5,0.75
4,52,"far",-6.93889390390723e-17,4.5,4.5,1,0.0285714285714286,2.5,4.5,0.75
4,53,"oracle",4.5,4.5,0,0.0285714285714286,0.0285714285714286,2.5,4.5,0.75
4,53,"rate_only",0,4.5,4.5,1,0.0285714285714286,2.5,4.5,0.75
4,53,"near",0.5,4.5,4,0.742857142857143,0.0285714285714286,2.5,4.5,0.75
4,53,"far",0,4.5,4.5,1,0.0285714285714286,2.5,4.5,0.75
4,54,"oracle",4.5,4.5,0,0.0285714285714286,0.0285714285714286,2.5,4.5,0.75
4,54,"rate_only",0,4.5,4.5,1,0.0285714285714286,2.5,4.5,0.75
4,54,"near",0.5,4.5,4,0.742857142857143,0.0285714285714286,2.5,4.5,0.75
4,54,"far",0,4.5,4.5,1,0.0285714285714286,2.5,4.5,0.75
4,55,"oracle",4.5,4.5,0,0.0285714285714286,0.0285714285714286,2.5,4.5,0.75
4,55,"rate_only",0,4.5,4.5,1,0.0285714285714286,2.5,4.5,0.75
4,55,"near",0.5,4.5,4,0.742857142857143,0.0285714285714286,2.5,4.5,0.75
4,55,"far",0,4.5,4.5,1,0.0285714285714286,2.5,4.5,0.75
4,56,"oracle",4,4,0,0.0285714285714286,0.0285714285714286,4,4,0.75
4,56,"rate_only",1.5,4,2.5,0.485714285714286,0.0285714285714286,4,4,0.75
4,56,"near",4,4,0,0.0285714285714286,0.0285714285714286,4,4,0.75
4,56,"far",2,4,2,0.371428571428571,0.0285714285714286,4,4,0.75
4,57,"oracle",4,4,0,0.0285714285714286,0.0285714285714286,4,4,0.75
4,57,"rate_only",1.5,4,2.5,0.485714285714286,0.0285714285714286,4,4,0.75
4,57,"near",2,4,2,0.371428571428571,0.0285714285714286,4,4,0.75
4,57,"far",4,4,0,0.0285714285714286,0.0285714285714286,4,4,0.75
4,58,"oracle",4,4,0,0.0285714285714286,0.0285714285714286,4,4,0.75
4,58,"rate_only",1.5,4,2.5,0.485714285714286,0.0285714285714286,4,4,0.75
4,58,"near",2,4,2,0.371428571428571,0.0285714285714286,4,4,0.75
4,58,"far",2,4,2,0.371428571428571,0.0285714285714286,4,4,0.75
4,59,"oracle",4,4,0,0.0285714285714286,0.0285714285714286,4,4,0.75
4,59,"rate_only",1.5,4,2.5,0.485714285714286,0.0285714285714286,4,4,0.75
4,59,"near",2,4,2,0.371428571428571,0.0285714285714286,4,4,0.75
4,59,"far",2,4,2,0.371428571428571,0.0285714285714286,4,4,0.75
4,60,"oracle",4,4,0,0.0285714285714286,0.0285714285714286,4,4,0.75
4,60,"rate_only",1.5,4,2.5,0.485714285714286,0.0285714285714286,4,4,0.75
4,60,"near",2,4,2,0.371428571428571,0.0285714285714286,4,4,0.75
4,60,"far",2.5,4,1.5,0.142857142857143,0.0285714285714286,4,4,0.75
4,61,"oracle",4,4,0,0.0285714285714286,0.0285714285714286,4,4,0.75
4,61,"rate_only",1.5,4,2.5,0.485714285714286,0.0285714285714286,4,4,0.75
4,61,"near",4,4,0,0.0285714285714286,0.0285714285714286,4,4,0.75
4,61,"far",2,4,2,0.371428571428571,0.0285714285714286,4,4,0.75
4,62,"oracle",4.5,4.5,0,0.0285714285714286,0.0285714285714286,4.5,4.5,0.75
4,62,"rate_only",2,4.5,2.5,0.485714285714286,0.0285714285714286,4.5,4.5,0.75
4,62,"near",2.5,4.5,2,0.228571428571429,0.0285714285714286,4.5,4.5,0.75
4,62,"far",2,4.5,2.5,0.485714285714286,0.0285714285714286,4.5,4.5,0.75
4,63,"oracle",4.5,4.5,0,0.0285714285714286,0.0285714285714286,4.5,4.5,0.75
4,63,"rate_only",2,4.5,2.5,0.485714285714286,0.0285714285714286,4.5,4.5,0.75
4,63,"near",2.5,4.5,2,0.228571428571429,0.0285714285714286,4.5,4.5,0.75
4,63,"far",4.5,4.5,0,0.0285714285714286,0.0285714285714286,4.5,4.5,0.75
4,64,"oracle",4.5,4.5,0,0.0285714285714286,0.0285714285714286,4.5,4.5,0.75
4,64,"rate_only",2,4.5,2.5,0.485714285714286,0.0285714285714286,4.5,4.5,0.75
4,64,"near",2.5,4.5,2,0.228571428571429,0.0285714285714286,4.5,4.5,0.75
4,64,"far",2,4.5,2.5,0.485714285714286,0.0285714285714286,4.5,4.5,0.75
4,65,"oracle",4.5,4.5,0,0.0285714285714286,0.0285714285714286,4.5,4.5,0.75
4,65,"rate_only",2,4.5,2.5,0.485714285714286,0.0285714285714286,4.5,4.5,0.75
4,65,"near",2.5,4.5,2,0.228571428571429,0.0285714285714286,4.5,4.5,0.75
4,65,"far",2,4.5,2.5,0.485714285714286,0.0285714285714286,4.5,4.5,0.75
4,66,"oracle",4.5,4.5,0,0.0285714285714286,0.0285714285714286,4.5,4.5,0.75
4,66,"rate_only",2,4.5,2.5,0.485714285714286,0.0285714285714286,4.5,4.5,0.75
4,66,"near",2.5,4.5,2,0.228571428571429,0.0285714285714286,4.5,4.5,0.75
4,66,"far",2,4.5,2.5,0.485714285714286,0.0285714285714286,4.5,4.5,0.75
4,67,"oracle",4.5,4.5,0,0.0285714285714286,0.0285714285714286,4.5,4.5,0.75
4,67,"rate_only",2,4.5,2.5,0.485714285714286,0.0285714285714286,4.5,4.5,0.75
4,67,"near",2.5,4.5,2,0.228571428571429,0.0285714285714286,4.5,4.5,0.75
4,67,"far",2,4.5,2.5,0.485714285714286,0.0285714285714286,4.5,4.5,0.75
4,68,"oracle",4.5,4.5,0,0.0285714285714286,0.0285714285714286,4.5,4.5,0.75
4,68,"rate_only",2,4.5,2.5,0.485714285714286,0.0285714285714286,4.5,4.5,0.75
4,68,"near",2.5,4.5,2,0.228571428571429,0.0285714285714286,4.5,4.5,0.75
4,68,"far",2,4.5,2.5,0.485714285714286,0.0285714285714286,4.5,4.5,0.75
4,69,"oracle",4.5,4.5,0,0.0285714285714286,0.0285714285714286,4.5,4.5,0.75
4,69,"rate_only",2,4.5,2.5,0.485714285714286,0.0285714285714286,4.5,4.5,0.75
4,69,"near",2.5,4.5,2,0.228571428571429,0.0285714285714286,4.5,4.5,0.75
4,69,"far",4.5,4.5,0,0.0285714285714286,0.0285714285714286,4.5,4.5,0.75
4,70,"oracle",5,5,0,0.0285714285714286,0.0285714285714286,5,5,0.75
4,70,"rate_only",2.5,5,2.5,0.485714285714286,0.0285714285714286,5,5,0.75
4,70,"near",5,5,0,0.0285714285714286,0.0285714285714286,5,5,0.75
4,70,"far",2.5,5,2.5,0.485714285714286,0.0285714285714286,5,5,0.75
