"effect","method","alpha","assignments","mean_width","rejection_rate","oracle_estimate_containment"
0,"oracle",0.05,70,0,0.0285714285714286,1
0,"oracle",0.1,70,0,0.0285714285714286,1
0,"oracle",0.2,70,0,0.0285714285714286,1
0,"rate_only",0.05,70,0.985714285714286,0,1
0,"rate_only",0.1,70,0.985714285714286,0,1
0,"rate_only",0.2,70,0.985714285714286,0,1
0,"near",0.05,70,0,0.0285714285714286,1
0,"near",0.1,70,0,0.0285714285714286,1
0,"near",0.2,70,0,0.0285714285714286,1
0,"far",0.05,70,0.485714285714286,0,1
0,"far",0.1,70,0.485714285714286,0,1
0,"far",0.2,70,0.485714285714286,0,1
1,"oracle",0.05,70,0,0.0142857142857143,1
1,"oracle",0.1,70,0,0.242857142857143,1
1,"oracle",0.2,70,0,0.757142857142857,1
1,"rate_only",0.05,70,1.21428571428571,0,1
1,"rate_only",0.1,70,1.21428571428571,0,1
1,"rate_only",0.2,70,1.21428571428571,0,1
1,"near",0.05,70,0.742857142857143,0.0142857142857143,1
1,"near",0.1,70,0.742857142857143,0.0142857142857143,1
1,"near",0.2,70,0.742857142857143,0.0714285714285714,1
1,"far",0.05,70,0.914285714285714,0,1
1,"far",0.1,70,0.914285714285714,0.0285714285714286,1
1,"far",0.2,70,0.914285714285714,0.0714285714285714,1
2,"oracle",0.05,70,0,1,1
2,"oracle",0.1,70,0,1,1
2,"oracle",0.2,70,0,1,1
2,"rate_only",0.05,70,2,0,1
2,"rate_only",0.1,70,2,0,1
2,"rate_only",0.2,70,2,0,1
2,"near",0.05,70,1.48571428571429,0.0857142857142857,1
2,"near",0.1,70,1.48571428571429,0.0857142857142857,1
2,"near",0.2,70,1.48571428571429,0.0857142857142857,1
2,"far",0.05,70,1.65714285714286,0.0857142857142857,1
2,"far",0.1,70,1.65714285714286,0.0857142857142857,1
2,"far",0.2,70,1.65714285714286,0.1,1
4,"oracle",0.05,70,0,1,1
4,"oracle",0.1,70,0,1,1
4,"oracle",0.2,70,0,1,1
4,"rate_only",0.05,70,3.57142857142857,0,1
4,"rate_only",0.1,70,3.57142857142857,0,1
4,"rate_only",0.2,70,3.57142857142857,0,1
4,"near",0.05,70,2.97142857142857,0.0857142857142857,1
4,"near",0.1,70,2.97142857142857,0.0857142857142857,1
4,"near",0.2,70,2.97142857142857,0.0857142857142857,1
4,"far",0.05,70,3.14285714285714,0.0857142857142857,1
4,"far",0.1,70,3.14285714285714,0.0857142857142857,1
4,"far",0.2,70,3.14285714285714,0.1,1
