"method","cohort","missing_policy","outcome","term","estimate","se_ols","se_hc2","n","control_00_mean"
"fuzzy","method","current_na_rm","total_comp_project","(Intercept)",51.5770589084369,1.384006496263,1.41633345071666,4355,52.3664678595096
"fuzzy","method","current_na_rm","total_comp_project","female_res_2005",-0.0258603351095555,1.88043681300964,1.90860375035703,4355,52.3664678595096
"fuzzy","method","current_na_rm","total_comp_project","female_res_2010",-0.870204390846837,1.78078956825228,1.77970034326594,4355,52.3664678595096
"fuzzy","method","complete_four_years","total_comp_project","(Intercept)",51.9145296662058,1.38978910030741,1.42178177258863,4316,52.6455696202532
"fuzzy","method","complete_four_years","total_comp_project","female_res_2005",0.12548482656253,1.89183404503252,1.92030511339564,4316,52.6455696202532
"fuzzy","method","complete_four_years","total_comp_project","female_res_2010",-0.717111733147809,1.79086185725112,1.78942636067703,4316,52.6455696202532
"fuzzy","common","current_na_rm","total_comp_project","(Intercept)",52.6692609501662,2.14147021062616,2.34442179936941,1861,54.289269051322
"fuzzy","common","current_na_rm","total_comp_project","female_res_2005",-2.99208363457246,2.90198073190574,2.75879108506591,1861,54.289269051322
"fuzzy","common","current_na_rm","total_comp_project","female_res_2010",0.0282780018805155,2.75314199059295,2.73596214630044,1861,54.289269051322
"fuzzy","common","complete_four_years","total_comp_project","(Intercept)",52.6987232631735,2.14183953324098,2.34459341923517,1859,54.289269051322
"fuzzy","common","complete_four_years","total_comp_project","female_res_2005",-3.08130704304919,2.90317462130486,2.75941050930251,1859,54.289269051322
"fuzzy","common","complete_four_years","total_comp_project","female_res_2010",0.147612264846117,2.75508668512764,2.73733826757357,1859,54.289269051322
"fuzzy","method","current_na_rm","connectivity_comp_project","(Intercept)",7.92693263709495,0.195392524761399,0.18739660652157,4355,7.91186216037109
"fuzzy","method","current_na_rm","connectivity_comp_project","female_res_2005",-0.225550586672037,0.265478014402623,0.257447849534178,4355,7.91186216037109
"fuzzy","method","current_na_rm","connectivity_comp_project","female_res_2010",0.407316744727491,0.251409925277874,0.252732527689265,4355,7.91186216037109
"fuzzy","method","complete_four_years","connectivity_comp_project","(Intercept)",7.97882104506485,0.196038405469826,0.187977470369769,4316,7.95403064623583
"fuzzy","method","complete_four_years","connectivity_comp_project","female_res_2005",-0.204990646970471,0.266854970671214,0.258738111458466,4316,7.95403064623583
"fuzzy","method","complete_four_years","connectivity_comp_project","female_res_2010",0.436771016272446,0.252612214928571,0.254019654946936,4316,7.95403064623583
"fuzzy","common","current_na_rm","connectivity_comp_project","(Intercept)",7.76658688502341,0.288867379936067,0.291817104769389,1861,7.78071539657853
"fuzzy","common","current_na_rm","connectivity_comp_project","female_res_2005",-0.116477632878499,0.39145422919773,0.380781886082679,1861,7.78071539657853
"fuzzy","common","current_na_rm","connectivity_comp_project","female_res_2010",0.437674921031371,0.371377061174254,0.371608299240798,1861,7.78071539657853
"fuzzy","common","complete_four_years","connectivity_comp_project","(Intercept)",7.77117375063674,0.288876319730917,0.291838942714456,1859,7.78071539657853
"fuzzy","common","complete_four_years","connectivity_comp_project","female_res_2005",-0.130368456186932,0.391559865770948,0.380913319465903,1859,7.78071539657853
"fuzzy","common","complete_four_years","connectivity_comp_project","female_res_2010",0.456253578693027,0.371586801806305,0.371826274901906,1859,7.78071539657853
"fuzzy","method","current_na_rm","sanitation_comp_project","(Intercept)",17.7791363259761,1.05277143174063,1.10157177494087,4355,18.6282306163022
"fuzzy","method","current_na_rm","sanitation_comp_project","female_res_2005",0.278674749875129,1.43039079749648,1.47800215237701,4355,18.6282306163022
"fuzzy","method","current_na_rm","sanitation_comp_project","female_res_2010",-0.866994197808738,1.35459218468977,1.35173537276206,4355,18.6282306163022
"fuzzy","method","complete_four_years","sanitation_comp_project","(Intercept)",17.8954593427568,1.06007955462549,1.10786549876574,4316,18.7275149900067
"fuzzy","method","complete_four_years","sanitation_comp_project","female_res_2005",0.334283757008744,1.44302080901327,1.49139567181646,4316,18.7275149900067
"fuzzy","method","complete_four_years","sanitation_comp_project","female_res_2010",-0.820466313674509,1.36600297096201,1.36264849997743,4316,18.7275149900067
"fuzzy","common","current_na_rm","sanitation_comp_project","(Intercept)",18.5168556369461,1.63585381495723,1.80149282186499,1861,19.7636080870918
"fuzzy","common","current_na_rm","sanitation_comp_project","female_res_2005",-2.11413694469476,2.2168023760799,2.11728002053969,1861,19.7636080870918
"fuzzy","common","current_na_rm","sanitation_comp_project","female_res_2010",0.249288145976132,2.1031055235242,2.08798728241343,1861,19.7636080870918
"fuzzy","common","complete_four_years","sanitation_comp_project","(Intercept)",18.5273474741945,1.63668144679993,1.80168433529155,1859,19.7636080870918
"fuzzy","common","complete_four_years","sanitation_comp_project","female_res_2005",-2.14591033194553,2.21845379439799,2.11810027634343,1859,19.7636080870918
"fuzzy","common","complete_four_years","sanitation_comp_project","female_res_2010",0.291784322867405,2.10529275974784,2.08974509105323,1859,19.7636080870918
"fuzzy","method","current_na_rm","water_conserve_comp_project","(Intercept)",5.75580392035893,0.196378117038779,0.192579534371153,4355,5.75281643472498
"fuzzy","method","current_na_rm","water_conserve_comp_project","female_res_2005",-0.0502009384023259,0.266817129505051,0.264376117322438,4355,5.75281643472498
"fuzzy","method","current_na_rm","water_conserve_comp_project","female_res_2010",0.044408513541261,0.252678078607247,0.253267795696871,4355,5.75281643472498
"fuzzy","method","complete_four_years","water_conserve_comp_project","(Intercept)",5.7934733740712,0.197448876093236,0.193479646551097,4316,5.78347768154564
"fuzzy","method","complete_four_years","water_conserve_comp_project","female_res_2005",-0.033900764403094,0.268774957196,0.266375286962698,4316,5.78347768154564
"fuzzy","method","complete_four_years","water_conserve_comp_project","female_res_2010",0.0630361664134582,0.254429726693254,0.255066132146087,4316,5.78347768154564
"fuzzy","common","current_na_rm","water_conserve_comp_project","(Intercept)",5.98711177896258,0.311081219101781,0.304544532271479,1861,5.93468118195956
"fuzzy","common","current_na_rm","water_conserve_comp_project","female_res_2005",0.0926583350028766,0.421556974928527,0.41426412240556,1861,5.93468118195956
"fuzzy","common","current_na_rm","water_conserve_comp_project","female_res_2010",-0.115264221283259,0.399935877017656,0.401077512324797,1861,5.93468118195956
"fuzzy","common","complete_four_years","water_conserve_comp_project","(Intercept)",5.99039463076401,0.311189431685886,0.304579458428286,1859,5.93468118195956
"fuzzy","common","complete_four_years","water_conserve_comp_project","female_res_2005",0.0827165756044137,0.42180436324363,0.414503912287844,1859,5.93468118195956
"fuzzy","common","complete_four_years","water_conserve_comp_project","female_res_2010",-0.101967346050055,0.400288558729185,0.401483772701985,1859,5.93468118195956
"fuzzy","method","current_na_rm","water_trad_comp_project","(Intercept)",2.69134786086483,0.100840472956102,0.099071452740292,4355,2.66600397614314
"fuzzy","method","current_na_rm","water_trad_comp_project","female_res_2005",0.107289316622237,0.137011017000259,0.135989292958547,4355,2.66600397614314
"fuzzy","method","current_na_rm","water_trad_comp_project","female_res_2010",-0.000841253910582149,0.129750592054829,0.130014176764995,4355,2.66600397614314
"fuzzy","method","complete_four_years","water_trad_comp_project","(Intercept)",2.70899743877457,0.101422203693944,0.0995610248485951,4316,2.68021319120586
"fuzzy","method","complete_four_years","water_trad_comp_project","female_res_2005",0.116359026746201,0.13805978031342,0.137059207347582,4316,2.68021319120586
"fuzzy","method","complete_four_years","water_trad_comp_project","female_res_2010",0.00755505894373437,0.130691164604516,0.130977770327619,4316,2.68021319120586
"fuzzy","common","current_na_rm","water_trad_comp_project","(Intercept)",2.59588621596852,0.162779257217148,0.162818436460595,1861,2.59875583203732
"fuzzy","common","current_na_rm","water_trad_comp_project","female_res_2005",0.290060670883944,0.220587830572703,0.221256647699274,1861,2.59875583203732
"fuzzy","common","current_na_rm","water_trad_comp_project","female_res_2010",-0.0489819910418916,0.209274173424538,0.209209249060883,1861,2.59875583203732
"fuzzy","common","complete_four_years","water_trad_comp_project","(Intercept)",2.59731014754043,0.162848648642589,0.162834278938359,1859,2.59875583203732
"fuzzy","common","complete_four_years","water_trad_comp_project","female_res_2005",0.285748449088937,0.220734586562403,0.221356428005781,1859,2.59875583203732
"fuzzy","common","complete_four_years","water_trad_comp_project","female_res_2010",-0.0432144932693234,0.209475143493744,0.209416275184311,1859,2.59875583203732
"fuzzy","method","current_na_rm","drinking_water_comp_project","(Intercept)",0.00143945569439752,0.000714392312857867,0.000988970098575153,4355,0.00198807157057655
"fuzzy","method","current_na_rm","drinking_water_comp_project","female_res_2005",-0.000358696742499081,0.000970638221465227,0.000904408755023031,4355,0.00198807157057655
"fuzzy","method","current_na_rm","drinking_water_comp_project","female_res_2010",-0.000836936511606964,0.00091920260621028,0.000897883878060812,4355,0.00198807157057655
"fuzzy","method","complete_four_years","drinking_water_comp_project","(Intercept)",0.00144863309896452,0.000719843717963584,0.000995079225492872,4316,0.00199866755496338
"fuzzy","method","complete_four_years","drinking_water_comp_project","female_res_2005",-0.000358009957017103,0.000979878783367255,0.000911563692073758,4316,0.00199866755496338
"fuzzy","method","complete_four_years","drinking_water_comp_project","female_res_2010",-0.000841126315701667,0.000927580060454975,0.000903989225325929,4316,0.00199866755496338
"fuzzy","common","current_na_rm","drinking_water_comp_project","(Intercept)",0,0,0,1861,0
"fuzzy","common","current_na_rm","drinking_water_comp_project","female_res_2005",0,0,0,1861,0
"fuzzy","common","current_na_rm","drinking_water_comp_project","female_res_2010",0,0,0,1861,0
"fuzzy","common","complete_four_years","drinking_water_comp_project","(Intercept)",0,0,0,1859,0
"fuzzy","common","complete_four_years","drinking_water_comp_project","female_res_2005",0,0,0,1859,0
"fuzzy","common","complete_four_years","drinking_water_comp_project","female_res_2010",0,0,0,1859,0
"fuzzy","method","current_na_rm","total_comp_expenditure","(Intercept)",60.0937735356288,1.70691308221825,1.69352246397835,4355,60.7349370444003
"fuzzy","method","current_na_rm","total_comp_expenditure","female_res_2005",1.46291802407865,2.3191670018007,2.34963551028632,4355,60.7349370444003
"fuzzy","method","current_na_rm","total_comp_expenditure","female_res_2010",0.500240827352103,2.19627076819008,2.20104478796306,4355,60.7349370444003
"fuzzy","method","complete_four_years","total_comp_expenditure","(Intercept)",60.487666946218,1.71441640673599,1.70019497895166,4316,61.0586409060626
"fuzzy","method","complete_four_years","total_comp_expenditure","female_res_2005",1.65492474959014,2.33372914272249,2.36460391508161,4316,61.0586409060626
"fuzzy","method","complete_four_years","total_comp_expenditure","female_res_2010",0.693857640777362,2.20917184455532,2.21394210316871,4316,61.0586409060626
"fuzzy","common","current_na_rm","total_comp_expenditure","(Intercept)",62.5542255950904,2.69271453329114,2.74844770922847,1861,64.0498911353033
"fuzzy","common","current_na_rm","total_comp_expenditure","female_res_2005",1.3211149170764,3.64899107788598,3.67320650579688,1861,64.0498911353033
"fuzzy","common","current_na_rm","total_comp_expenditure","female_res_2010",-2.35739379001858,3.46183916708142,3.45368119761955,1861,64.0498911353033
"fuzzy","common","complete_four_years","total_comp_expenditure","(Intercept)",62.5878806373554,2.69337938224915,2.74861375546207,1859,64.0498911353033
"fuzzy","common","complete_four_years","total_comp_expenditure","female_res_2005",1.21919428434928,3.65076400296872,3.67424601916507,1859,64.0498911353033
"fuzzy","common","complete_four_years","total_comp_expenditure","female_res_2010",-2.22107728076274,3.46454230527879,3.45616688419227,1859,64.0498911353033
"fuzzy","method","current_na_rm","connectivity_comp_expenditure","(Intercept)",22.4332850650902,0.774795461667935,0.761111151575793,4355,22.7262359178264
"fuzzy","method","current_na_rm","connectivity_comp_expenditure","female_res_2005",0.164721249242406,1.05270742052668,1.06896296954705,4355,22.7262359178264
"fuzzy","method","current_na_rm","connectivity_comp_expenditure","female_res_2010",1.14500666473423,0.996922831932485,0.999867315620236,4355,22.7262359178264
"fuzzy","method","complete_four_years","connectivity_comp_expenditure","(Intercept)",22.5803698924466,0.778955838724037,0.764632207555813,4316,22.8473617588274
"fuzzy","method","complete_four_years","connectivity_comp_expenditure","female_res_2005",0.23173683336264,1.06034446157984,1.07699232273377,4316,22.8473617588274
"fuzzy","method","complete_four_years","connectivity_comp_expenditure","female_res_2010",1.2277719702742,1.00375107255149,1.00674760569091,4316,22.8473617588274
"fuzzy","common","current_na_rm","connectivity_comp_expenditure","(Intercept)",23.4178132716771,1.19917507712664,1.20304312654391,1861,24.1237791601866
"fuzzy","common","current_na_rm","connectivity_comp_expenditure","female_res_2005",-0.106816217066242,1.62504383704948,1.67490188168308,1861,24.1237791601866
"fuzzy","common","current_na_rm","connectivity_comp_expenditure","female_res_2010",-0.108060156219713,1.5416974947994,1.53838380974045,1861,24.1237791601866
"fuzzy","common","complete_four_years","connectivity_comp_expenditure","(Intercept)",23.4308453649412,1.19957403664374,1.2031091589901,1859,24.1237791601866
"fuzzy","common","complete_four_years","connectivity_comp_expenditure","female_res_2005",-0.146282493197393,1.62597283573834,1.67541131015705,1859,24.1237791601866
"fuzzy","common","complete_four_years","connectivity_comp_expenditure","female_res_2010",-0.0552749168469443,1.54303364229207,1.53964476157402,1859,24.1237791601866
"fuzzy","method","current_na_rm","sanitation_comp_expenditure","(Intercept)",1.28638975662435,0.0732372741694048,0.0767771589756302,4355,1.35351225977469
"fuzzy","method","current_na_rm","sanitation_comp_expenditure","female_res_2005",0.074286297231866,0.0995068063657839,0.10283187942724,4355,1.35351225977469
"fuzzy","method","current_na_rm","sanitation_comp_expenditure","female_res_2010",-0.0518061632809327,0.0942337873415044,0.0939793764780257,4355,1.35351225977469
"fuzzy","method","complete_four_years","sanitation_comp_expenditure","(Intercept)",1.29482424729724,0.0737389740590702,0.0772120009586076,4316,1.36072618254497
"fuzzy","method","complete_four_years","sanitation_comp_expenditure","female_res_2005",0.0788994050235805,0.10037631000262,0.103753447489321,4316,1.36072618254497
"fuzzy","method","complete_four_years","sanitation_comp_expenditure","female_res_2010",-0.0483571355924121,0.0950189607948491,0.0947289833471691,4316,1.36072618254497
"fuzzy","common","current_na_rm","sanitation_comp_expenditure","(Intercept)",1.29631072602663,0.114235451828836,0.122935323475049,1861,1.38200622083981
"fuzzy","common","current_na_rm","sanitation_comp_expenditure","female_res_2005",-0.0305624510585633,0.154804432236719,0.151271636319459,1861,1.38200622083981
"fuzzy","common","current_na_rm","sanitation_comp_expenditure","female_res_2010",0.0648422811172335,0.146864718306012,0.145985886549363,1861,1.38200622083981
"fuzzy","common","complete_four_years","sanitation_comp_expenditure","(Intercept)",1.29707172391657,0.114292413643647,0.122947279945313,1859,1.38200622083981
"fuzzy","common","complete_four_years","sanitation_comp_expenditure","female_res_2005",-0.0328670503467111,0.154918624644034,0.151326531136488,1859,1.38200622083981
"fuzzy","common","complete_four_years","sanitation_comp_expenditure","female_res_2010",0.0679246298212,0.147016385753341,0.146113616085462,1859,1.38200622083981
"fuzzy","method","current_na_rm","water_conserve_comp_expenditure","(Intercept)",13.9850037314011,0.601003934057368,0.621219138461063,4355,14.2602385685885
"fuzzy","method","current_na_rm","water_conserve_comp_expenditure","female_res_2005",0.26183617632153,0.816578480965696,0.816554751202528,4355,14.2602385685885
"fuzzy","method","current_na_rm","water_conserve_comp_expenditure","female_res_2010",-0.308708702787262,0.773306728789054,0.773460155318163,4355,14.2602385685885
"fuzzy","method","complete_four_years","water_conserve_comp_expenditure","(Intercept)",14.0765770704892,0.604775166959214,0.624505815811863,4316,14.3362425049967
"fuzzy","method","complete_four_years","water_conserve_comp_expenditure","female_res_2005",0.305863903349126,0.823243073492659,0.823267564265565,4316,14.3362425049967
"fuzzy","method","complete_four_years","water_conserve_comp_expenditure","female_res_2010",-0.268146005591785,0.779304412792103,0.779326674336449,4316,14.3362425049967
"fuzzy","common","current_na_rm","water_conserve_comp_expenditure","(Intercept)",15.7540625427311,0.977067104271978,1.06855408219886,1861,16.0496423017107
"fuzzy","common","current_na_rm","water_conserve_comp_expenditure","female_res_2005",0.382555075641119,1.32405760131828,1.29972508379338,1861,16.0496423017107
"fuzzy","common","current_na_rm","water_conserve_comp_expenditure","female_res_2010",-2.24271128196951,1.25614844374216,1.2467114470258,1861,16.0496423017107
"fuzzy","common","complete_four_years","water_conserve_comp_expenditure","(Intercept)",15.7616165133322,0.977520450908758,1.06865346168076,1859,16.0496423017107
"fuzzy","common","complete_four_years","water_conserve_comp_expenditure","female_res_2005",0.359678697795259,1.32498841338993,1.30030829237271,1859,16.0496423017107
"fuzzy","common","complete_four_years","water_conserve_comp_expenditure","female_res_2010",-2.21211465115079,1.25740212417476,1.24767670034379,1859,16.0496423017107
"fuzzy","method","current_na_rm","water_trad_comp_expenditure","(Intercept)",5.54893117597148,0.285199545896395,0.27840113447413,4355,5.36623591782638
"fuzzy","method","current_na_rm","water_trad_comp_expenditure","female_res_2005",0.417038609223106,0.387497982563879,0.399322156689331,4355,5.36623591782638
"fuzzy","method","current_na_rm","water_trad_comp_expenditure","female_res_2010",-0.29595966544816,0.36696386727514,0.366079571724854,4355,5.36623591782638
"fuzzy","method","complete_four_years","water_trad_comp_expenditure","(Intercept)",5.58533108476198,0.287102276285438,0.279958089012604,4316,5.39483677548302
"fuzzy","method","complete_four_years","water_trad_comp_expenditure","female_res_2005",0.438034888517014,0.390814592345691,0.403008827782922,4316,5.39483677548302
"fuzzy","method","complete_four_years","water_trad_comp_expenditure","female_res_2010",-0.281918250492486,0.369955783662309,0.369115477991708,4316,5.39483677548302
"fuzzy","common","current_na_rm","water_trad_comp_expenditure","(Intercept)",5.2608021477291,0.427132309172105,0.396553577323141,1861,5.17791601866252
"fuzzy","common","current_na_rm","water_trad_comp_expenditure","female_res_2005",0.219905167760457,0.57882184166803,0.610353111141884,1861,5.17791601866252
"fuzzy","common","current_na_rm","water_trad_comp_expenditure","female_res_2010",0.0106630649814132,0.549134837405375,0.550715933740287,1861,5.17791601866252
"fuzzy","common","complete_four_years","water_trad_comp_expenditure","(Intercept)",5.26374933579885,0.427342185954265,0.39658561188296,1859,5.17791601866252
"fuzzy","common","complete_four_years","water_trad_comp_expenditure","female_res_2005",0.210979929441976,0.579244602418017,0.610640524515716,1859,5.17791601866252
"fuzzy","common","complete_four_years","water_trad_comp_expenditure","female_res_2010",0.022600366578743,0.549697934062491,0.551358476170896,1859,5.17791601866252
"fuzzy","method","current_na_rm","drinking_water_comp_expenditure","(Intercept)",-0.000240058521966012,0.00259490484427858,0.0019550013950171,4355,0.00161033797216698
"fuzzy","method","current_na_rm","drinking_water_comp_expenditure","female_res_2005",0.00388529130218355,0.00352567318767212,0.0047773852769841,4355,0.00161033797216698
"fuzzy","method","current_na_rm","drinking_water_comp_expenditure","female_res_2010",0.00227226253189789,0.00333884233186466,0.0034564766357421,4355,0.00161033797216698
"fuzzy","method","complete_four_years","drinking_water_comp_expenditure","(Intercept)",-0.000240088731161096,0.00261470627783747,0.00196598921397686,4316,0.00161892071952033
"fuzzy","method","complete_four_years","drinking_water_comp_expenditure","female_res_2005",0.00392618276745295,0.00355923812690648,0.00482311551732529,4316,0.00161892071952033
"fuzzy","method","complete_four_years","drinking_water_comp_expenditure","female_res_2010",0.00229334346660843,0.0033692721722011,0.00348466843143379,4316,0.00161892071952033
"fuzzy","common","current_na_rm","drinking_water_comp_expenditure","(Intercept)",0.000195370007094907,0.000125507219834789,0.000195352020650228,1861,0.000233281493001554
"fuzzy","common","current_na_rm","drinking_water_comp_expenditure","female_res_2005",-0.000118470683946715,0.000170079196931309,0.000118500474301523,1861,0.000233281493001554
"fuzzy","common","current_na_rm","drinking_water_comp_expenditure","female_res_2010",-0.000153556824525476,0.000161356060586388,0.000153558940461126,1861,0.000233281493001554
"fuzzy","common","complete_four_years","drinking_water_comp_expenditure","(Intercept)",0.000195393384146228,0.000125582326873389,0.000195375400590981,1859,0.000233281493001554
"fuzzy","common","complete_four_years","drinking_water_comp_expenditure","female_res_2005",-0.000118541478802461,0.000170221633602752,0.000118571219401946,1859,0.000233281493001554
"fuzzy","common","complete_four_years","drinking_water_comp_expenditure","female_res_2010",-0.000153462138029229,0.000161538804045081,0.000153464332984357,1859,0.000233281493001554
"fuzzy","method","current_na_rm","total_ongoing_project","(Intercept)",211.255282998021,4.32485808477307,4.49591983889869,4355,211.917826375082
"fuzzy","method","current_na_rm","total_ongoing_project","female_res_2005",1.28881355026223,5.87614463921147,5.82406396623012,4355,211.917826375082
"fuzzy","method","current_na_rm","total_ongoing_project","female_res_2010",-4.12735144344707,5.56475867875687,5.55414848799824,4355,211.917826375082
"fuzzy","method","complete_four_years","total_ongoing_project","(Intercept)",212.637861737153,4.33209703516081,4.50652323148362,4316,213.047301798801
"fuzzy","method","complete_four_years","total_ongoing_project","female_res_2005",1.92431730186044,5.89701606933661,5.84184450297937,4316,213.047301798801
"fuzzy","method","complete_four_years","total_ongoing_project","female_res_2010",-3.50719982947608,5.58227672131267,5.57034980793919,4316,213.047301798801
"fuzzy","common","current_na_rm","total_ongoing_project","(Intercept)",211.462805979652,6.89152749063839,7.31207833831732,1861,212.970451010886
"fuzzy","common","current_na_rm","total_ongoing_project","female_res_2005",7.01484624458859,9.33894849061837,9.27582611259718,1861,212.970451010886
"fuzzy","common","current_na_rm","total_ongoing_project","female_res_2010",-3.0041168628691,8.8599662137044,8.81268523831651,1861,212.970451010886
"fuzzy","common","complete_four_years","total_ongoing_project","(Intercept)",211.579351747632,6.89121531479995,7.31236022544217,1859,212.970451010886
"fuzzy","common","complete_four_years","total_ongoing_project","female_res_2005",6.66190007026086,9.34075643920971,9.27657660636047,1859,212.970451010886
"fuzzy","common","complete_four_years","total_ongoing_project","female_res_2010",-2.53205944768051,8.8642941095704,8.81520823989825,1859,212.970451010886
"fuzzy","method","current_na_rm","connectivity_ongoing_project","(Intercept)",48.980667003965,1.01629340134917,0.996512302514885,4355,49.0344599072233
"fuzzy","method","current_na_rm","connectivity_ongoing_project","female_res_2005",-0.044409182794458,1.38082843532593,1.4286979404923,4355,49.0344599072233
"fuzzy","method","current_na_rm","connectivity_ongoing_project","female_res_2010",0.103156497502768,1.30765620847368,1.30301904834405,4355,49.0344599072233
"fuzzy","method","complete_four_years","connectivity_ongoing_project","(Intercept)",49.3012960534298,1.01804412284643,0.998532662425968,4316,49.2958027981346
"fuzzy","method","complete_four_years","connectivity_ongoing_project","female_res_2005",0.0986440044330403,1.3858005725618,1.43468577476589,4316,49.2958027981346
"fuzzy","method","complete_four_years","connectivity_ongoing_project","female_res_2010",0.258493956726293,1.31183672990462,1.30715904153719,4316,49.2958027981346
"fuzzy","common","current_na_rm","connectivity_ongoing_project","(Intercept)",49.4818034979738,1.47838166696242,1.55808392380861,1861,49.5847589424572
"fuzzy","common","current_na_rm","connectivity_ongoing_project","female_res_2005",0.130815905189528,2.0034063937192,1.98542790569789,1861,49.5847589424572
"fuzzy","common","current_na_rm","connectivity_ongoing_project","female_res_2010",-1.15727459436693,1.90065433795921,1.89274767884928,1861,49.5847589424572
"fuzzy","common","complete_four_years","connectivity_ongoing_project","(Intercept)",49.5088209341733,1.4781549676164,1.55814007262629,1859,49.5847589424572
"fuzzy","common","complete_four_years","connectivity_ongoing_project","female_res_2005",0.0489965400434301,2.00357772920836,1.98579205255505,1859,49.5847589424572
"fuzzy","common","complete_four_years","connectivity_ongoing_project","female_res_2010",-1.0478430695835,1.90137730050809,1.89313152397622,1859,49.5847589424572
"fuzzy","method","current_na_rm","sanitation_ongoing_project","(Intercept)",23.2059525160453,1.61998099285851,1.63107244243583,4355,23.9821073558647
"fuzzy","method","current_na_rm","sanitation_ongoing_project","female_res_2005",1.49798697910814,2.20105317682568,2.31043750321941,4355,23.9821073558647
"fuzzy","method","current_na_rm","sanitation_ongoing_project","female_res_2010",-1.30623078876184,2.08441597683166,2.08273985433196,4355,23.9821073558647
"fuzzy","method","complete_four_years","sanitation_ongoing_project","(Intercept)",23.3580938066333,1.63151411302235,1.64058462883567,4316,24.1099267155229
"fuzzy","method","complete_four_years","sanitation_ongoing_project","female_res_2005",1.58312309725582,2.22087937175792,2.3322508835145,4316,24.1099267155229
"fuzzy","method","complete_four_years","sanitation_ongoing_project","female_res_2010",-1.24808556804301,2.10234516440828,2.10029092072773,4316,24.1099267155229
"fuzzy","common","current_na_rm","sanitation_ongoing_project","(Intercept)",21.7138108223891,2.59807942201176,2.52036364262463,1861,22.9720062208398
"fuzzy","common","current_na_rm","sanitation_ongoing_project","female_res_2005",1.50076217825417,3.52074774854534,3.6297736926111,1861,22.9720062208398
"fuzzy","common","current_na_rm","sanitation_ongoing_project","female_res_2010",1.65328976286643,3.34017326794593,3.34205586509837,1861,22.9720062208398
"fuzzy","common","complete_four_years","sanitation_ongoing_project","(Intercept)",21.7268749776647,2.59948655421003,2.5205912378173,1859,22.9720062208398
"fuzzy","common","complete_four_years","sanitation_ongoing_project","female_res_2005",1.46119880581036,3.52349617022251,3.63131351826268,1859,22.9720062208398
"fuzzy","common","complete_four_years","sanitation_ongoing_project","female_res_2010",1.70620486633123,3.34376627311351,3.34589225746503,1859,22.9720062208398
"fuzzy","method","current_na_rm","water_conserve_ongoing_project","(Intercept)",32.6057621462489,1.03034063582968,1.0791767137013,4355,32.9111994698476
"fuzzy","method","current_na_rm","water_conserve_ongoing_project","female_res_2005",-0.133301413467607,1.39991428276195,1.36168510809769,4355,32.9111994698476
"fuzzy","method","current_na_rm","water_conserve_ongoing_project","female_res_2010",-0.32926657033151,1.3257306674399,1.32451463830406,4355,32.9111994698476
"fuzzy","method","complete_four_years","water_conserve_ongoing_project","(Intercept)",32.8191040303125,1.03562809294553,1.08414826480216,4316,33.0866089273817
"fuzzy","method","complete_four_years","water_conserve_ongoing_project","female_res_2005",-0.0390183625426278,1.40973654477006,1.37092006296116,4316,33.0866089273817
"fuzzy","method","complete_four_years","water_conserve_ongoing_project","female_res_2010",-0.230049688515547,1.33449517595413,1.33306630702125,4316,33.0866089273817
"fuzzy","common","current_na_rm","water_conserve_ongoing_project","(Intercept)",34.0410501982426,1.53275958749069,1.55567456976586,1861,33.755832037325
"fuzzy","common","current_na_rm","water_conserve_ongoing_project","female_res_2005",1.74634640279856,2.07709580430783,2.06781619058736,1861,33.755832037325
"fuzzy","common","current_na_rm","water_conserve_ongoing_project","female_res_2010",-1.89936113729911,1.97056431645186,1.96837441192023,1861,33.755832037325
"fuzzy","common","complete_four_years","water_conserve_ongoing_project","(Intercept)",34.0590200792377,1.53320278156509,1.55581248403362,1859,33.755832037325
"fuzzy","common","complete_four_years","water_conserve_ongoing_project","female_res_2005",1.69192657391753,2.07819275705422,2.06865780175574,1859,33.755832037325
"fuzzy","common","complete_four_years","water_conserve_ongoing_project","female_res_2010",-1.82657586400494,1.97218629291935,1.96996495321445,1859,33.755832037325
"fuzzy","method","current_na_rm","water_trad_ongoing_project","(Intercept)",15.4715063312679,0.599453181150551,0.576020349725557,4355,15.1557322730285
"fuzzy","method","current_na_rm","water_trad_ongoing_project","female_res_2005",0.087889159746224,0.814471487348446,0.81315232283149,4355,15.1557322730285
"fuzzy","method","current_na_rm","water_trad_ongoing_project","female_res_2010",-0.0133571710663006,0.771311388010775,0.770871915408808,4355,15.1557322730285
"fuzzy","method","complete_four_years","water_trad_ongoing_project","(Intercept)",15.5728064241225,0.60301366133089,0.578930636625857,4316,15.236508994004
"fuzzy","method","complete_four_years","water_trad_ongoing_project","female_res_2005",0.134218090266889,0.820845244701627,0.820008861876087,4316,15.236508994004
"fuzzy","method","complete_four_years","water_trad_ongoing_project","female_res_2010",0.0351535150922835,0.777034562467043,0.776841638498678,4316,15.236508994004
"fuzzy","common","current_na_rm","water_trad_ongoing_project","(Intercept)",15.9658011254825,0.991200535277711,0.963559972627839,1861,15.4059097978227
"fuzzy","common","current_na_rm","water_trad_ongoing_project","female_res_2005",-0.451637477801832,1.34321030503129,1.27481842108475,1861,15.4059097978227
"fuzzy","common","current_na_rm","water_trad_ongoing_project","female_res_2010",-0.281427409676722,1.27431883069405,1.28106207816489,1861,15.4059097978227
"fuzzy","common","complete_four_years","water_trad_ongoing_project","(Intercept)",15.9745699966087,0.99161918604817,0.963712100362452,1859,15.4059097978227
"fuzzy","common","complete_four_years","water_trad_ongoing_project","female_res_2005",-0.478193049666841,1.34409866390776,1.27581014534976,1859,15.4059097978227
"fuzzy","common","complete_four_years","water_trad_ongoing_project","female_res_2010",-0.245909941220479,1.27553758056956,1.28257530404208,1859,15.4059097978227
"fuzzy","method","current_na_rm","drinking_water_ongoing_project","(Intercept)",0.0038245319355472,0.00457303541925488,0.00305163696871293,4355,0.00463883366467863
"fuzzy","method","current_na_rm","drinking_water_ongoing_project","female_res_2005",-0.00222037879030072,0.00621334088588683,0.00571621487460221,4355,0.00463883366467863
"fuzzy","method","current_na_rm","drinking_water_ongoing_project","female_res_2010",0.00798680817308374,0.00588408637665076,0.00609607393027103,4355,0.00463883366467863
"fuzzy","method","complete_four_years","drinking_water_ongoing_project","(Intercept)",0.00385021029130401,0.00460790970832156,0.0030700846453396,4316,0.0046635576282478
"fuzzy","method","complete_four_years","drinking_water_ongoing_project","female_res_2005",-0.00223748327313612,0.00627246282238823,0.00577213075507028,4316,0.0046635576282478
"fuzzy","method","complete_four_years","drinking_water_ongoing_project","female_res_2010",0.00808565015958145,0.00593768488791926,0.00616010428565489,4316,0.0046635576282478
"fuzzy","common","current_na_rm","drinking_water_ongoing_project","(Intercept)",0.000791416704784108,0.00118335658496842,0.00139927129890603,1861,0.00155520995334371
"fuzzy","common","current_na_rm","drinking_water_ongoing_project","female_res_2005",0.000757854774155409,0.00160360764838658,0.0017380188451114,1861,0.00155520995334371
"fuzzy","common","current_na_rm","drinking_water_ongoing_project","female_res_2010",5.09830530611322e-05,0.0015213607398109,0.00148464845867154,1861,0.00155520995334371
"fuzzy","common","complete_four_years","drinking_water_ongoing_project","(Intercept)",0.000791887676405122,0.00118406440928867,0.00139930106596879,1859,0.00155520995334371
"fuzzy","common","complete_four_years","drinking_water_ongoing_project","female_res_2005",0.000756428487858268,0.00160495017936081,0.00173738437995458,1859,0.00155520995334371
"fuzzy","common","complete_four_years","drinking_water_ongoing_project","female_res_2010",5.28906782790598e-05,0.00152308332988347,0.00148513894430332,1859,0.00155520995334371
"fuzzy","method","current_na_rm","total_ongoing_expenditure","(Intercept)",59.1323570257779,1.3085025789794,1.37290388242595,4355,60.1094300861498
"fuzzy","method","current_na_rm","total_ongoing_expenditure","female_res_2005",-0.341556440790065,1.77785033962973,1.75593749305144,4355,60.1094300861498
"fuzzy","method","current_na_rm","total_ongoing_expenditure","female_res_2010",-1.50951623385595,1.68363931019795,1.67966390720511,4355,60.1094300861498
"fuzzy","method","complete_four_years","total_ongoing_expenditure","(Intercept)",59.519084610076,1.31193029151527,1.37691166406814,4316,60.4298001332445
"fuzzy","method","complete_four_years","total_ongoing_expenditure","female_res_2005",-0.171219352115711,1.78584965851944,1.76307341638965,4316,60.4298001332445
"fuzzy","method","complete_four_years","total_ongoing_expenditure","female_res_2010",-1.3392729836773,1.69053413782519,1.68610748947657,4316,60.4298001332445
"fuzzy","common","current_na_rm","total_ongoing_expenditure","(Intercept)",62.2760575137174,2.02993620046702,2.23852603957148,1861,63.696967340591
"fuzzy","common","current_na_rm","total_ongoing_expenditure","female_res_2005",1.45200248211739,2.75083711719287,2.73876664509975,1861,63.696967340591
"fuzzy","common","current_na_rm","total_ongoing_expenditure","female_res_2010",-5.41433363948132,2.60975033133725,2.58586916751173,1861,63.696967340591
"fuzzy","common","complete_four_years","total_ongoing_expenditure","(Intercept)",62.3078479528963,2.03003044663117,2.23860064472713,1859,63.696967340591
"fuzzy","common","complete_four_years","total_ongoing_expenditure","female_res_2005",1.35572859690717,2.75162204342069,2.73916534095907,1859,63.696967340591
"fuzzy","common","complete_four_years","total_ongoing_expenditure","female_res_2010",-5.28556952555105,2.61126464756871,2.58650337242047,1859,63.696967340591
"fuzzy","method","current_na_rm","connectivity_ongoing_expenditure","(Intercept)",21.590137154293,0.681449977827929,0.700578950767548,4355,22.1735719019218
"fuzzy","method","current_na_rm","connectivity_ongoing_expenditure","female_res_2005",-0.568840765034792,0.92587977584806,0.926835390947844,4355,22.1735719019218
"fuzzy","method","current_na_rm","connectivity_ongoing_expenditure","female_res_2010",-0.343977740776307,0.876815979605864,0.876025617355532,4355,22.1735719019218
"fuzzy","method","complete_four_years","connectivity_ongoing_expenditure","(Intercept)",21.7312378223037,0.684985366613412,0.703736645781864,4316,22.2917521652232
"fuzzy","method","complete_four_years","connectivity_ongoing_expenditure","female_res_2005",-0.51163144354269,0.932428263124023,0.933484786136503,4316,22.2917521652232
"fuzzy","method","complete_four_years","connectivity_ongoing_expenditure","female_res_2010",-0.27932315804912,0.882662100006247,0.881742867803668,4316,22.2917521652232
"fuzzy","common","current_na_rm","connectivity_ongoing_expenditure","(Intercept)",22.9828697898216,1.0461314731396,1.13006437829099,1861,23.8834836702955
"fuzzy","common","current_na_rm","connectivity_ongoing_expenditure","female_res_2005",-0.685031540154,1.41764912863467,1.4075586840283,1861,23.8834836702955
"fuzzy","common","current_na_rm","connectivity_ongoing_expenditure","female_res_2010",-1.9295512218204,1.34493978580227,1.33565760044087,1861,23.8834836702955
"fuzzy","common","complete_four_years","connectivity_ongoing_expenditure","(Intercept)",22.9946403482545,1.04645951664149,1.13013704748786,1859,23.8834836702955
"fuzzy","common","complete_four_years","connectivity_ongoing_expenditure","female_res_2005",-0.720677395344617,1.41843245667401,1.40800633693142,1859,23.8834836702955
"fuzzy","common","complete_four_years","connectivity_ongoing_expenditure","female_res_2010",-1.88187570785453,1.34607968341188,1.33649809782184,1859,23.8834836702955
"fuzzy","method","current_na_rm","sanitation_ongoing_expenditure","(Intercept)",0.0162344722136527,0.00467591239046809,0.0048758440620348,4355,0.0208880053015242
"fuzzy","method","current_na_rm","sanitation_ongoing_expenditure","female_res_2005",0.0137422659450914,0.00635311887421464,0.00743925642443421,4355,0.0208880053015242
"fuzzy","method","current_na_rm","sanitation_ongoing_expenditure","female_res_2010",-0.000461414404630848,0.00601645731395817,0.00604670126644948,4355,0.0208880053015242
"fuzzy","method","complete_four_years","sanitation_ongoing_expenditure","(Intercept)",0.0163447989096978,0.00471133461667262,0.00490532155439068,4316,0.0209993337774816
"fuzzy","method","complete_four_years","sanitation_ongoing_expenditure","female_res_2005",0.0139411414291976,0.00641324876082999,0.00750949063089481,4316,0.0209993337774816
"fuzzy","method","complete_four_years","sanitation_ongoing_expenditure","female_res_2010",-0.000423932951976181,0.00607095670838082,0.00609480284063295,4316,0.0209993337774816
"fuzzy","common","current_na_rm","sanitation_ongoing_expenditure","(Intercept)",0.0190732070711032,0.00471731579727288,0.00540444312837202,1861,0.0175738724727838
"fuzzy","common","current_na_rm","sanitation_ongoing_expenditure","female_res_2005",0.0083902877341987,0.0063925986371754,0.0068467217748798,1861,0.0175738724727838
"fuzzy","common","current_na_rm","sanitation_ongoing_expenditure","female_res_2010",-0.0116016327087004,0.00606473073494771,0.00596379605009056,1861,0.0175738724727838
"fuzzy","common","complete_four_years","sanitation_ongoing_expenditure","(Intercept)",0.0190773843034162,0.00472013081551619,0.00540470619559729,1859,0.0175738724727838
"fuzzy","common","complete_four_years","sanitation_ongoing_expenditure","female_res_2005",0.00837763744075885,0.00639794147982226,0.00685069418952367,1859,0.0175738724727838
"fuzzy","common","complete_four_years","sanitation_ongoing_expenditure","female_res_2010",-0.0115847132312933,0.00607158909902622,0.00596716276595243,1859,0.0175738724727838
"fuzzy","method","current_na_rm","water_conserve_ongoing_expenditure","(Intercept)",12.3248186602686,0.487250864587825,0.499031563662636,4355,12.5712922465209
"fuzzy","method","current_na_rm","water_conserve_ongoing_expenditure","female_res_2005",0.004200454163129,0.662023238630531,0.659087658421626,4355,12.5712922465209
"fuzzy","method","current_na_rm","water_conserve_ongoing_expenditure","female_res_2010",-0.206580929806656,0.626941606938106,0.626601634236806,4355,12.5712922465209
"fuzzy","method","complete_four_years","water_conserve_ongoing_expenditure","(Intercept)",12.4054637861639,0.490195127532895,0.501588582462796,4316,12.6382944703531
"fuzzy","method","complete_four_years","water_conserve_ongoing_expenditure","female_res_2005",0.0404792217198934,0.667272344250408,0.664410568107456,4316,12.6382944703531
"fuzzy","method","complete_four_years","water_conserve_ongoing_expenditure","female_res_2010",-0.169990013560463,0.63165825398604,0.631265920657596,4316,12.6382944703531
"fuzzy","common","current_na_rm","water_conserve_ongoing_expenditure","(Intercept)",13.2701552979413,0.731473323061548,0.736415995204022,1861,13.1796423017107
"fuzzy","common","current_na_rm","water_conserve_ongoing_expenditure","female_res_2005",1.3334098232693,0.991244930186072,1.02785522156623,1861,13.1796423017107
"fuzzy","common","current_na_rm","water_conserve_ongoing_expenditure","female_res_2010",-1.27032657851803,0.940405292927454,0.938105265608476,1861,13.1796423017107
"fuzzy","common","complete_four_years","water_conserve_ongoing_expenditure","(Intercept)",13.2768642015599,0.731772630817678,0.736468814229799,1859,13.1796423017107
"fuzzy","common","complete_four_years","water_conserve_ongoing_expenditure","female_res_2005",1.31309263880918,0.991887439457561,1.02833247851505,1859,13.1796423017107
"fuzzy","common","complete_four_years","water_conserve_ongoing_expenditure","female_res_2010",-1.24315281017094,0.94129228656822,0.938936180178823,1859,13.1796423017107
"fuzzy","method","current_na_rm","water_trad_ongoing_expenditure","(Intercept)",5.92636612210486,0.320671563361505,0.300612908278914,4355,5.74862160371107
"fuzzy","method","current_na_rm","water_trad_ongoing_expenditure","female_res_2005",0.316601921947055,0.43569348428531,0.450424694453364,4355,5.74862160371107
"fuzzy","method","current_na_rm","water_trad_ongoing_expenditure","female_res_2010",-0.120905043688802,0.412605415083834,0.4127303700763,4355,5.74862160371107
"fuzzy","method","complete_four_years","water_trad_ongoing_expenditure","(Intercept)",5.96523523372393,0.322836191974406,0.302298235533501,4316,5.77926049300466
"fuzzy","method","complete_four_years","water_trad_ongoing_expenditure","female_res_2005",0.33751498315921,0.439456964233454,0.454673079713344,4316,5.77926049300466
"fuzzy","method","complete_four_years","water_trad_ongoing_expenditure","female_res_2010",-0.103740079801867,0.416001983480285,0.416258992475492,4316,5.77926049300466
"fuzzy","common","current_na_rm","water_trad_ongoing_expenditure","(Intercept)",6.46484200757798,0.504344654200077,0.509551410174255,1861,6.31793157076205
"fuzzy","common","current_na_rm","water_trad_ongoing_expenditure","female_res_2005",-0.131855922002606,0.683454974748559,0.700525624656301,1861,6.31793157076205
"fuzzy","common","current_na_rm","water_trad_ongoing_expenditure","female_res_2010",-0.768792969623683,0.648401475920279,0.647123571377876,1861,6.31793157076205
"fuzzy","common","complete_four_years","water_trad_ongoing_expenditure","(Intercept)",6.46802657336603,0.504601254821734,0.509598851998786,1859,6.31793157076205
"fuzzy","common","complete_four_years","water_trad_ongoing_expenditure","female_res_2005",-0.141500032906629,0.683966064750109,0.700933274454202,1859,6.31793157076205
"fuzzy","common","complete_four_years","water_trad_ongoing_expenditure","female_res_2010",-0.755894192426883,0.649077662860397,0.647778904664295,1859,6.31793157076205
"fuzzy","method","current_na_rm","drinking_water_ongoing_expenditure","(Intercept)",0.00246763714110117,0.00313048765528326,0.00166798030027202,4355,0.00193505632869452
"fuzzy","method","current_na_rm","drinking_water_ongoing_expenditure","female_res_2005",-0.00351680743603782,0.00425336459443054,0.0030803448411473,4355,0.00193505632869452
"fuzzy","method","current_na_rm","drinking_water_ongoing_expenditure","female_res_2010",0.00323566384439997,0.00402797224949702,0.00419324449973332,4355,0.00193505632869452
"fuzzy","method","complete_four_years","drinking_water_ongoing_expenditure","(Intercept)",0.00248326374111851,0.00315437692992183,0.00167841151323089,4316,0.00194536975349766
"fuzzy","method","complete_four_years","drinking_water_ongoing_expenditure","female_res_2005",-0.00354981443519923,0.00429385844627168,0.00311204274751619,4316,0.00194536975349766
"fuzzy","method","complete_four_years","drinking_water_ongoing_expenditure","female_res_2010",0.00328025437851442,0.00406468386170273,0.00424159101800346,4316,0.00194536975349766
"fuzzy","common","current_na_rm","drinking_water_ongoing_expenditure","(Intercept)",0.00303474744354095,0.00194954548143378,0.00303446805410027,1861,0.00362363919129084
"fuzzy","common","current_na_rm","drinking_water_ongoing_expenditure","female_res_2005",-0.00184024462397238,0.00264189685899974,0.00184070736748369,1861,0.00362363919129084
"fuzzy","common","current_na_rm","drinking_water_ongoing_expenditure","female_res_2010",-0.00238524934096248,0.00250639747444196,0.00238528220849621,1861,0.00362363919129084
"fuzzy","common","complete_four_years","drinking_water_ongoing_expenditure","(Intercept)",0.00303511056707137,0.00195071214409991,0.0030348312225132,1859,0.00362363919129084
"fuzzy","common","complete_four_years","drinking_water_ongoing_expenditure","female_res_2005",-0.00184134430406469,0.00264410937529599,0.0018418062747102,1859,0.00362363919129084
"fuzzy","common","complete_four_years","drinking_water_ongoing_expenditure","female_res_2010",-0.00238377854405409,0.00250923608950017,0.00238381263902365,1859,0.00362363919129084
"exact","method","current_na_rm","total_comp_project","(Intercept)",52.5582853068299,2.00310837590759,2.18333755367894,2036,54.227208976157
"exact","method","current_na_rm","total_comp_project","female_res_2005",-2.99449874802117,2.73980516193339,2.60259128185764,2036,54.227208976157
"exact","method","current_na_rm","total_comp_project","female_res_2010",-0.231271948215921,2.58722407343564,2.57400311905198,2036,54.227208976157
"exact","method","complete_four_years","total_comp_project","(Intercept)",52.646353117606,2.00467752085239,2.18512742601097,2033,54.3033707865168
"exact","method","complete_four_years","total_comp_project","female_res_2005",-3.11206073311605,2.74123019239777,2.60376390583246,2033,54.3033707865168
"exact","method","complete_four_years","total_comp_project","female_res_2010",-0.171670960942648,2.58957305421322,2.57609469658938,2033,54.3033707865168
"exact","common","current_na_rm","total_comp_project","(Intercept)",52.6692609501662,2.14147021062616,2.34442179936941,1861,54.289269051322
"exact","common","current_na_rm","total_comp_project","female_res_2005",-2.99208363457246,2.90198073190574,2.75879108506591,1861,54.289269051322
"exact","common","current_na_rm","total_comp_project","female_res_2010",0.0282780018805155,2.75314199059295,2.73596214630044,1861,54.289269051322
"exact","common","complete_four_years","total_comp_project","(Intercept)",52.6987232631735,2.14183953324098,2.34459341923517,1859,54.289269051322
"exact","common","complete_four_years","total_comp_project","female_res_2005",-3.08130704304919,2.90317462130486,2.75941050930251,1859,54.289269051322
"exact","common","complete_four_years","total_comp_project","female_res_2010",0.147612264846117,2.75508668512764,2.73733826757357,1859,54.289269051322
"exact","method","current_na_rm","connectivity_comp_project","(Intercept)",7.8139458427482,0.273748931042619,0.277875191541458,2036,7.81486676016831
"exact","method","current_na_rm","connectivity_comp_project","female_res_2005",0.0222652448116083,0.374427436560684,0.364834769405454,2036,7.81486676016831
"exact","method","current_na_rm","connectivity_comp_project","female_res_2010",0.280534864604731,0.353575389624056,0.353546462789138,2036,7.81486676016831
"exact","method","complete_four_years","connectivity_comp_project","(Intercept)",7.82719539405495,0.27392266237321,0.278067940098954,2033,7.82584269662922
"exact","method","complete_four_years","connectivity_comp_project","female_res_2005",0.00430716243572436,0.374566514897693,0.364996396659623,2033,7.82584269662922
"exact","method","complete_four_years","connectivity_comp_project","female_res_2010",0.290049730058744,0.353843816794233,0.353814325199187,2033,7.82584269662922
"exact","common","current_na_rm","connectivity_comp_project","(Intercept)",7.76658688502341,0.288867379936067,0.291817104769389,1861,7.78071539657853
"exact","common","current_na_rm","connectivity_comp_project","female_res_2005",-0.116477632878499,0.39145422919773,0.380781886082679,1861,7.78071539657853
"exact","common","current_na_rm","connectivity_comp_project","female_res_2010",0.437674921031371,0.371377061174254,0.371608299240798,1861,7.78071539657853
"exact","common","complete_four_years","connectivity_comp_project","(Intercept)",7.77117375063674,0.288876319730917,0.291838942714456,1859,7.78071539657853
"exact","common","complete_four_years","connectivity_comp_project","female_res_2005",-0.130368456186932,0.391559865770948,0.380913319465903,1859,7.78071539657853
"exact","common","complete_four_years","connectivity_comp_project","female_res_2010",0.456253578693027,0.371586801806305,0.371826274901906,1859,7.78071539657853
"exact","method","current_na_rm","sanitation_comp_project","(Intercept)",17.8020372312073,1.52137801871812,1.65921030258932,2036,19.1458625525946
"exact","method","current_na_rm","sanitation_comp_project","female_res_2005",-2.15916672495976,2.08090555611964,1.99642526803948,2036,19.1458625525946
"exact","method","current_na_rm","sanitation_comp_project","female_res_2010",0.911588086781893,1.96501890869479,1.95436707309659,2036,19.1458625525946
"exact","method","complete_four_years","sanitation_comp_project","(Intercept)",17.8323581343928,1.52328519651025,1.66117263335877,2033,19.1727528089888
"exact","method","complete_four_years","sanitation_comp_project","female_res_2005",-2.20049473813604,2.08296612740536,1.9977655816443,2033,19.1727528089888
"exact","method","complete_four_years","sanitation_comp_project","female_res_2010",0.933830941095223,1.96772710709479,1.95689436432889,2033,19.1727528089888
"exact","common","current_na_rm","sanitation_comp_project","(Intercept)",18.5168556369461,1.63585381495723,1.80149282186499,1861,19.7636080870918
"exact","common","current_na_rm","sanitation_comp_project","female_res_2005",-2.11413694469476,2.2168023760799,2.11728002053969,1861,19.7636080870918
"exact","common","current_na_rm","sanitation_comp_project","female_res_2010",0.249288145976132,2.1031055235242,2.08798728241343,1861,19.7636080870918
"exact","common","complete_four_years","sanitation_comp_project","(Intercept)",18.5273474741945,1.63668144679993,1.80168433529155,1859,19.7636080870918
"exact","common","complete_four_years","sanitation_comp_project","female_res_2005",-2.14591033194553,2.21845379439799,2.11810027634343,1859,19.7636080870918
"exact","common","complete_four_years","sanitation_comp_project","female_res_2010",0.291784322867405,2.10529275974784,2.08974509105323,1859,19.7636080870918
"exact","method","current_na_rm","water_conserve_comp_project","(Intercept)",5.80874532830071,0.290900862214029,0.283582503261847,2036,5.72510518934082
"exact","method","current_na_rm","water_conserve_comp_project","female_res_2005",0.189407523215511,0.397887450070569,0.394084764553317,2036,5.72510518934082
"exact","method","current_na_rm","water_conserve_comp_project","female_res_2010",-0.0823207474259754,0.375728903515923,0.376666521017836,2036,5.72510518934082
"exact","method","complete_four_years","water_conserve_comp_project","(Intercept)",5.8184504115612,0.291203303985679,0.283863826770446,2033,5.73314606741573
"exact","method","complete_four_years","water_conserve_comp_project","female_res_2005",0.176501062184126,0.39819635862037,0.394344760210729,2033,5.73314606741573
"exact","method","complete_four_years","water_conserve_comp_project","female_res_2010",-0.0758514944231118,0.37616635167263,0.377129345888212,2033,5.73314606741573
"exact","common","current_na_rm","water_conserve_comp_project","(Intercept)",5.98711177896258,0.311081219101781,0.304544532271479,1861,5.93468118195956
"exact","common","current_na_rm","water_conserve_comp_project","female_res_2005",0.0926583350028766,0.421556974928527,0.41426412240556,1861,5.93468118195956
"exact","common","current_na_rm","water_conserve_comp_project","female_res_2010",-0.115264221283259,0.399935877017656,0.401077512324797,1861,5.93468118195956
"exact","common","complete_four_years","water_conserve_comp_project","(Intercept)",5.99039463076401,0.311189431685886,0.304579458428286,1859,5.93468118195956
"exact","common","complete_four_years","water_conserve_comp_project","female_res_2005",0.0827165756044137,0.42180436324363,0.414503912287844,1859,5.93468118195956
"exact","common","complete_four_years","water_conserve_comp_project","female_res_2010",-0.101967346050055,0.400288558729185,0.401483772701985,1859,5.93468118195956
"exact","method","current_na_rm","water_trad_comp_project","(Intercept)",2.64258124250945,0.157257226205685,0.158847803284461,2036,2.59467040673212
"exact","method","current_na_rm","water_trad_comp_project","female_res_2005",0.40346403101011,0.215092785438754,0.215785437567328,2036,2.59467040673212
"exact","method","current_na_rm","water_trad_comp_project","female_res_2010",-0.188002466667192,0.203114163095004,0.202900925287459,2036,2.59467040673212
"exact","method","complete_four_years","water_trad_comp_project","(Intercept)",2.64692165297585,0.157439238871855,0.159019657320757,2033,2.59831460674157
"exact","method","complete_four_years","water_trad_comp_project","female_res_2005",0.397821902492827,0.215285097265992,0.215920424516259,2033,2.59831460674157
"exact","method","complete_four_years","water_trad_comp_project","female_res_2010",-0.185371991911423,0.203374560954343,0.203161453733634,2033,2.59831460674157
"exact","common","current_na_rm","water_trad_comp_project","(Intercept)",2.59588621596852,0.162779257217148,0.162818436460595,1861,2.59875583203732
"exact","common","current_na_rm","water_trad_comp_project","female_res_2005",0.290060670883944,0.220587830572703,0.221256647699274,1861,2.59875583203732
"exact","common","current_na_rm","water_trad_comp_project","female_res_2010",-0.0489819910418916,0.209274173424538,0.209209249060883,1861,2.59875583203732
"exact","common","complete_four_years","water_trad_comp_project","(Intercept)",2.59731014754043,0.162848648642589,0.162834278938359,1859,2.59875583203732
"exact","common","complete_four_years","water_trad_comp_project","female_res_2005",0.285748449088937,0.220734586562403,0.221356428005781,1859,2.59875583203732
"exact","common","complete_four_years","water_trad_comp_project","female_res_2010",-0.0432144932693234,0.209475143493744,0.209416275184311,1859,2.59875583203732
"exact","method","current_na_rm","drinking_water_comp_project","(Intercept)",0,0,0,2036,0
"exact","method","current_na_rm","drinking_water_comp_project","female_res_2005",0,0,0,2036,0
"exact","method","current_na_rm","drinking_water_comp_project","female_res_2010",0,0,0,2036,0
"exact","method","complete_four_years","drinking_water_comp_project","(Intercept)",0,0,0,2033,0
"exact","method","complete_four_years","drinking_water_comp_project","female_res_2005",0,0,0,2033,0
"exact","method","complete_four_years","drinking_water_comp_project","female_res_2010",0,0,0,2033,0
"exact","common","current_na_rm","drinking_water_comp_project","(Intercept)",0,0,0,1861,0
"exact","common","current_na_rm","drinking_water_comp_project","female_res_2005",0,0,0,1861,0
"exact","common","current_na_rm","drinking_water_comp_project","female_res_2010",0,0,0,1861,0
"exact","common","complete_four_years","drinking_water_comp_project","(Intercept)",0,0,0,1859,0
"exact","common","complete_four_years","drinking_water_comp_project","female_res_2005",0,0,0,1859,0
"exact","common","complete_four_years","drinking_water_comp_project","female_res_2010",0,0,0,1859,0
"exact","method","current_na_rm","total_comp_expenditure","(Intercept)",64.4374056563338,2.57695436945922,2.64594415968244,2036,65.537237026648
"exact","method","current_na_rm","total_comp_expenditure","female_res_2005",1.40541343388074,3.5246983979647,3.55223261772356,2036,65.537237026648
"exact","method","current_na_rm","total_comp_expenditure","female_res_2010",-4.09296676687307,3.32840622155015,3.31948388519237,2036,65.537237026648
"exact","method","complete_four_years","total_comp_expenditure","(Intercept)",64.5434872930494,2.57922189859202,2.64808973157613,2033,65.6292837078652
"exact","method","complete_four_years","total_comp_expenditure","female_res_2005",1.26708551901087,3.52687196208381,3.55378275367259,2033,65.6292837078652
"exact","method","complete_four_years","total_comp_expenditure","female_res_2010",-4.02780440656698,3.33174960059941,3.32269277776849,2033,65.6292837078652
"exact","common","current_na_rm","total_comp_expenditure","(Intercept)",62.5542255950904,2.69271453329114,2.74844770922847,1861,64.0498911353033
"exact","common","current_na_rm","total_comp_expenditure","female_res_2005",1.3211149170764,3.64899107788598,3.67320650579688,1861,64.0498911353033
"exact","common","current_na_rm","total_comp_expenditure","female_res_2010",-2.35739379001858,3.46183916708142,3.45368119761955,1861,64.0498911353033
"exact","common","complete_four_years","total_comp_expenditure","(Intercept)",62.5878806373554,2.69337938224915,2.74861375546207,1859,64.0498911353033
"exact","common","complete_four_years","total_comp_expenditure","female_res_2005",1.21919428434928,3.65076400296872,3.67424601916507,1859,64.0498911353033
"exact","common","complete_four_years","total_comp_expenditure","female_res_2010",-2.22107728076274,3.46454230527879,3.45616688419227,1859,64.0498911353033
"exact","method","current_na_rm","connectivity_comp_expenditure","(Intercept)",24.524052663018,1.18114664854124,1.18071533561313,2036,24.8867040673212
"exact","method","current_na_rm","connectivity_comp_expenditure","female_res_2005",0.561210276715173,1.6155449817873,1.69649380958646,2036,24.8867040673212
"exact","method","current_na_rm","connectivity_comp_expenditure","female_res_2010",-1.38802392272482,1.52557449218349,1.52083951671457,2036,24.8867040673212
"exact","method","complete_four_years","connectivity_comp_expenditure","(Intercept)",24.5645102240446,1.18236615496424,1.18179872647678,2033,24.9216573033708
"exact","method","complete_four_years","connectivity_comp_expenditure","female_res_2005",0.508305823863126,1.61678762231998,1.6972574350264,2033,24.9216573033708
"exact","method","complete_four_years","connectivity_comp_expenditure","female_res_2010",-1.36287159829415,1.52733968593971,1.52255056687804,2033,24.9216573033708
"exact","common","current_na_rm","connectivity_comp_expenditure","(Intercept)",23.4178132716771,1.19917507712664,1.20304312654391,1861,24.1237791601866
"exact","common","current_na_rm","connectivity_comp_expenditure","female_res_2005",-0.106816217066242,1.62504383704948,1.67490188168308,1861,24.1237791601866
"exact","common","current_na_rm","connectivity_comp_expenditure","female_res_2010",-0.108060156219713,1.5416974947994,1.53838380974045,1861,24.1237791601866
"exact","common","complete_four_years","connectivity_comp_expenditure","(Intercept)",23.4308453649412,1.19957403664374,1.2031091589901,1859,24.1237791601866
"exact","common","complete_four_years","connectivity_comp_expenditure","female_res_2005",-0.146282493197393,1.62597283573834,1.67541131015705,1859,24.1237791601866
"exact","common","complete_four_years","connectivity_comp_expenditure","female_res_2010",-0.0552749168469443,1.54303364229207,1.53964476157402,1859,24.1237791601866
"exact","method","current_na_rm","sanitation_comp_expenditure","(Intercept)",1.27001428646189,0.106439421493282,0.113660275835577,2036,1.35921458625526
"exact","method","current_na_rm","sanitation_comp_expenditure","female_res_2005",-0.0595787813669236,0.145585371190096,0.142426873053963,2036,1.35921458625526
"exact","method","current_na_rm","sanitation_comp_expenditure","female_res_2010",0.0983187567665536,0.137477650716332,0.136892630170038,2036,1.35921458625526
"exact","method","complete_four_years","sanitation_comp_expenditure","(Intercept)",1.27219393212162,0.10657181732889,0.113793199338673,2033,1.36112359550562
"exact","method","complete_four_years","sanitation_comp_expenditure","female_res_2005",-0.062577884652416,0.145728118503786,0.142516157129615,2033,1.36112359550562
"exact","method","complete_four_years","sanitation_comp_expenditure","female_res_2010",0.0999746933930815,0.137665785954482,0.1370710360962,2033,1.36112359550562
"exact","common","current_na_rm","sanitation_comp_expenditure","(Intercept)",1.29631072602663,0.114235451828836,0.122935323475049,1861,1.38200622083981
"exact","common","current_na_rm","sanitation_comp_expenditure","female_res_2005",-0.0305624510585633,0.154804432236719,0.151271636319459,1861,1.38200622083981
"exact","common","current_na_rm","sanitation_comp_expenditure","female_res_2010",0.0648422811172335,0.146864718306012,0.145985886549363,1861,1.38200622083981
"exact","common","complete_four_years","sanitation_comp_expenditure","(Intercept)",1.29707172391657,0.114292413643647,0.122947279945313,1859,1.38200622083981
"exact","common","complete_four_years","sanitation_comp_expenditure","female_res_2005",-0.0328670503467111,0.154918624644034,0.151326531136488,1859,1.38200622083981
"exact","common","complete_four_years","sanitation_comp_expenditure","female_res_2010",0.0679246298212,0.147016385753341,0.146113616085462,1859,1.38200622083981
"exact","method","current_na_rm","water_conserve_comp_expenditure","(Intercept)",15.5637731695595,0.916951649780208,1.00839071820674,2036,15.8325105189341
"exact","method","current_na_rm","water_conserve_comp_expenditure","female_res_2005",0.0701213946964105,1.25418519213812,1.2240603910033,2036,15.8325105189341
"exact","method","current_na_rm","water_conserve_comp_expenditure","female_res_2010",-1.93380474260617,1.18433900582787,1.17446250154419,2036,15.8325105189341
"exact","method","complete_four_years","water_conserve_comp_expenditure","(Intercept)",15.5889261791628,0.918023545433664,1.00949321086226,2033,15.8547471910112
"exact","method","complete_four_years","water_conserve_comp_expenditure","female_res_2005",0.0381510314072945,1.25532103487886,1.22485855887828,2033,15.8547471910112
"exact","method","complete_four_years","water_conserve_comp_expenditure","female_res_2010",-1.92002842848134,1.18587104991205,1.17584341513104,2033,15.8547471910112
"exact","common","current_na_rm","water_conserve_comp_expenditure","(Intercept)",15.7540625427311,0.977067104271978,1.06855408219886,1861,16.0496423017107
"exact","common","current_na_rm","water_conserve_comp_expenditure","female_res_2005",0.382555075641119,1.32405760131828,1.29972508379338,1861,16.0496423017107
"exact","common","current_na_rm","water_conserve_comp_expenditure","female_res_2010",-2.24271128196951,1.25614844374216,1.2467114470258,1861,16.0496423017107
"exact","common","complete_four_years","water_conserve_comp_expenditure","(Intercept)",15.7616165133322,0.977520450908758,1.06865346168076,1859,16.0496423017107
"exact","common","complete_four_years","water_conserve_comp_expenditure","female_res_2005",0.359678697795259,1.32498841338993,1.30030829237271,1859,16.0496423017107
"exact","common","complete_four_years","water_conserve_comp_expenditure","female_res_2010",-2.21211465115079,1.25740212417476,1.24767670034379,1859,16.0496423017107
"exact","method","current_na_rm","water_trad_comp_expenditure","(Intercept)",5.42542108418553,0.410012096054148,0.379537994606768,2036,5.21130434782609
"exact","method","current_na_rm","water_trad_comp_expenditure","female_res_2005",0.475581145394967,0.560805032186688,0.598498209453996,2036,5.21130434782609
"exact","method","current_na_rm","water_trad_comp_expenditure","female_res_2010",-0.258108363039581,0.529573525861006,0.530788820597551,2036,5.21130434782609
"exact","method","complete_four_years","water_trad_comp_expenditure","(Intercept)",5.43439575851239,0.410519725190886,0.379961002960953,2033,5.21862359550562
"exact","method","complete_four_years","water_trad_comp_expenditure","female_res_2005",0.463802555264305,0.561351665573425,0.598831885353899,2033,5.21862359550562
"exact","method","complete_four_years","water_trad_comp_expenditure","female_res_2010",-0.252442289857382,0.53029517591703,0.531547568075447,2033,5.21862359550562
"exact","common","current_na_rm","water_trad_comp_expenditure","(Intercept)",5.2608021477291,0.427132309172105,0.396553577323141,1861,5.17791601866252
"exact","common","current_na_rm","water_trad_comp_expenditure","female_res_2005",0.219905167760457,0.57882184166803,0.610353111141884,1861,5.17791601866252
"exact","common","current_na_rm","water_trad_comp_expenditure","female_res_2010",0.0106630649814132,0.549134837405375,0.550715933740287,1861,5.17791601866252
"exact","common","complete_four_years","water_trad_comp_expenditure","(Intercept)",5.26374933579885,0.427342185954265,0.39658561188296,1859,5.17791601866252
"exact","common","complete_four_years","water_trad_comp_expenditure","female_res_2005",0.210979929441976,0.579244602418017,0.610640524515716,1859,5.17791601866252
"exact","common","complete_four_years","water_trad_comp_expenditure","female_res_2010",0.022600366578743,0.549697934062491,0.551358476170896,1859,5.17791601866252
"exact","method","current_na_rm","drinking_water_comp_expenditure","(Intercept)",0.000176979903302139,0.00011420432756857,0.000176965511780721,2036,0.000210378681626929
"exact","method","current_na_rm","drinking_water_comp_expenditure","female_res_2005",-0.000107755109855697,0.00015620602956429,0.000107780755204416,2036,0.000210378681626929
"exact","method","current_na_rm","drinking_water_comp_expenditure","female_res_2010",-0.000139887490614328,0.000147506839435014,0.000139889323592866,2036,0.000210378681626929
"exact","method","complete_four_years","drinking_water_comp_expenditure","(Intercept)",0.000177207397838689,0.000114362028245441,0.000177192957280109,2033,0.00021067415730337
"exact","method","complete_four_years","drinking_water_comp_expenditure","female_res_2005",-0.000107938988714118,0.000156380585620052,0.000107964602169359,2033,0.00021067415730337
"exact","method","complete_four_years","drinking_water_comp_expenditure","female_res_2010",-0.000139975627934223,0.000147728910854272,0.000139977499058784,2033,0.00021067415730337
"exact","common","current_na_rm","drinking_water_comp_expenditure","(Intercept)",0.000195370007094907,0.000125507219834789,0.000195352020650228,1861,0.000233281493001554
"exact","common","current_na_rm","drinking_water_comp_expenditure","female_res_2005",-0.000118470683946715,0.000170079196931309,0.000118500474301523,1861,0.000233281493001554
"exact","common","current_na_rm","drinking_water_comp_expenditure","female_res_2010",-0.000153556824525476,0.000161356060586388,0.000153558940461126,1861,0.000233281493001554
"exact","common","complete_four_years","drinking_water_comp_expenditure","(Intercept)",0.000195393384146228,0.000125582326873389,0.000195375400590981,1859,0.000233281493001554
"exact","common","complete_four_years","drinking_water_comp_expenditure","female_res_2005",-0.000118541478802461,0.000170221633602752,0.000118571219401946,1859,0.000233281493001554
"exact","common","complete_four_years","drinking_water_comp_expenditure","female_res_2010",-0.000153462138029229,0.000161538804045081,0.000153464332984357,1859,0.000233281493001554
"exact","method","current_na_rm","total_ongoing_project","(Intercept)",215.238251517095,6.63392337814755,7.059905935356,2036,215.917251051893
"exact","method","current_na_rm","total_ongoing_project","female_res_2005",8.39874461171645,9.0737264812664,8.98772714859906,2036,215.917251051893
"exact","method","current_na_rm","total_ongoing_project","female_res_2010",-5.83618505555113,8.56840621890677,8.52468200403957,2036,215.917251051893
"exact","method","complete_four_years","total_ongoing_project","(Intercept)",215.596482380953,6.6372015081008,7.06391069313728,2033,216.220505617978
"exact","method","complete_four_years","total_ongoing_project","female_res_2005",7.92475176079487,9.0758224092311,8.98990880506434,2033,216.220505617978
"exact","method","complete_four_years","total_ongoing_project","female_res_2010",-5.60225652976348,8.57370724317448,8.52904808536391,2033,216.220505617978
"exact","common","current_na_rm","total_ongoing_project","(Intercept)",211.462805979652,6.89152749063839,7.31207833831732,1861,212.970451010886
"exact","common","current_na_rm","total_ongoing_project","female_res_2005",7.01484624458859,9.33894849061837,9.27582611259718,1861,212.970451010886
"exact","common","current_na_rm","total_ongoing_project","female_res_2010",-3.0041168628691,8.8599662137044,8.81268523831651,1861,212.970451010886
"exact","common","complete_four_years","total_ongoing_project","(Intercept)",211.579351747632,6.89121531479995,7.31236022544217,1859,212.970451010886
"exact","common","complete_four_years","total_ongoing_project","female_res_2005",6.66190007026086,9.34075643920971,9.27657660636047,1859,212.970451010886
"exact","common","complete_four_years","total_ongoing_project","female_res_2010",-2.53205944768051,8.8642941095704,8.81520823989825,1859,212.970451010886
"exact","method","current_na_rm","connectivity_ongoing_project","(Intercept)",50.0508297877663,1.42981829338284,1.48768949013173,2036,49.9523141654979
"exact","method","current_na_rm","connectivity_ongoing_project","female_res_2005",0.9135840532881,1.9556722881068,1.96333352824369,2036,49.9523141654979
"exact","method","current_na_rm","connectivity_ongoing_project","female_res_2010",-1.36429028414843,1.84675994258306,1.83814500920693,2036,49.9523141654979
"exact","method","complete_four_years","connectivity_ongoing_project","(Intercept)",50.1341281169582,1.43031687168164,1.48831791090005,2033,50.0224719101123
"exact","method","complete_four_years","connectivity_ongoing_project","female_res_2005",0.803374152592571,1.95583965628672,1.9638015848096,2033,50.0224719101123
"exact","method","complete_four_years","connectivity_ongoing_project","female_res_2010",-1.30990814707469,1.84763384203482,1.83885757699479,2033,50.0224719101123
"exact","common","current_na_rm","connectivity_ongoing_project","(Intercept)",49.4818034979738,1.47838166696242,1.55808392380861,1861,49.5847589424572
"exact","common","current_na_rm","connectivity_ongoing_project","female_res_2005",0.130815905189528,2.0034063937192,1.98542790569789,1861,49.5847589424572
"exact","common","current_na_rm","connectivity_ongoing_project","female_res_2010",-1.15727459436693,1.90065433795921,1.89274767884928,1861,49.5847589424572
"exact","common","complete_four_years","connectivity_ongoing_project","(Intercept)",49.5088209341733,1.4781549676164,1.55814007262629,1859,49.5847589424572
"exact","common","complete_four_years","connectivity_ongoing_project","female_res_2005",0.0489965400434301,2.00357772920836,1.98579205255505,1859,49.5847589424572
"exact","common","complete_four_years","connectivity_ongoing_project","female_res_2010",-1.0478430695835,1.90137730050809,1.89313152397622,1859,49.5847589424572
"exact","method","current_na_rm","sanitation_ongoing_project","(Intercept)",21.3595025553625,2.4169000962044,2.32949972976644,2036,22.5511921458626
"exact","method","current_na_rm","sanitation_ongoing_project","female_res_2005",2.18897034587755,3.30577987646716,3.45255959168625,2036,22.5511921458626
"exact","method","current_na_rm","sanitation_ongoing_project","female_res_2010",1.37830846960104,3.12167937950723,3.12542136349133,2036,22.5511921458626
"exact","method","complete_four_years","sanitation_ongoing_project","(Intercept)",21.3960238871183,2.42005972605561,2.33227109113586,2033,22.5828651685394
"exact","method","complete_four_years","sanitation_ongoing_project","female_res_2005",2.13894992791563,3.30923089597413,3.45452418258853,2033,22.5828651685394
"exact","method","complete_four_years","sanitation_ongoing_project","female_res_2010",1.40558703846238,3.12614941355533,3.13001116262155,2033,22.5828651685394
"exact","common","current_na_rm","sanitation_ongoing_project","(Intercept)",21.7138108223891,2.59807942201176,2.52036364262463,1861,22.9720062208398
"exact","common","current_na_rm","sanitation_ongoing_project","female_res_2005",1.50076217825417,3.52074774854534,3.6297736926111,1861,22.9720062208398
"exact","common","current_na_rm","sanitation_ongoing_project","female_res_2010",1.65328976286643,3.34017326794593,3.34205586509837,1861,22.9720062208398
"exact","common","complete_four_years","sanitation_ongoing_project","(Intercept)",21.7268749776647,2.59948655421003,2.5205912378173,1859,22.9720062208398
"exact","common","complete_four_years","sanitation_ongoing_project","female_res_2005",1.46119880581036,3.52349617022251,3.63131351826268,1859,22.9720062208398
"exact","common","complete_four_years","sanitation_ongoing_project","female_res_2010",1.70620486633123,3.34376627311351,3.34589225746503,1859,22.9720062208398
"exact","method","current_na_rm","water_conserve_ongoing_project","(Intercept)",33.10416895963,1.43450212185815,1.44947984789243,2036,32.5722300140252
"exact","method","current_na_rm","water_conserve_ongoing_project","female_res_2005",2.05492270253214,1.96207872002462,1.9676583979682,2036,32.5722300140252
"exact","method","current_na_rm","water_conserve_ongoing_project","female_res_2010",-1.23543448644649,1.85280959717635,1.85078169312237,2036,32.5722300140252
"exact","method","complete_four_years","water_conserve_ongoing_project","(Intercept)",33.1590980424102,1.43584894801778,1.45078686382448,2033,32.6179775280899
"exact","method","complete_four_years","water_conserve_ongoing_project","female_res_2005",1.98253624190311,1.96340431170961,1.96868060040006,2033,32.6179775280899
"exact","method","complete_four_years","water_conserve_ongoing_project","female_res_2010",-1.20015711459187,1.85477998682115,1.85273501379294,2033,32.6179775280899
"exact","common","current_na_rm","water_conserve_ongoing_project","(Intercept)",34.0410501982426,1.53275958749069,1.55567456976586,1861,33.755832037325
"exact","common","current_na_rm","water_conserve_ongoing_project","female_res_2005",1.74634640279856,2.07709580430783,2.06781619058736,1861,33.755832037325
"exact","common","current_na_rm","water_conserve_ongoing_project","female_res_2010",-1.89936113729911,1.97056431645186,1.96837441192023,1861,33.755832037325
"exact","common","complete_four_years","water_conserve_ongoing_project","(Intercept)",34.0590200792377,1.53320278156509,1.55581248403362,1859,33.755832037325
"exact","common","complete_four_years","water_conserve_ongoing_project","female_res_2005",1.69192657391753,2.07819275705422,2.06865780175574,1859,33.755832037325
"exact","common","complete_four_years","water_conserve_ongoing_project","female_res_2010",-1.82657586400494,1.97218629291935,1.96996495321445,1859,33.755832037325
"exact","method","current_na_rm","water_trad_ongoing_project","(Intercept)",16.1351168967945,0.944942388169823,0.917561325676227,2036,15.2931276297335
"exact","method","current_na_rm","water_trad_ongoing_project","female_res_2005",0.494713488628589,1.29247027468711,1.24675857063203,2036,15.2931276297335
"exact","method","current_na_rm","water_trad_ongoing_project","female_res_2010",-1.08579968092912,1.22049197341857,1.22528038596259,2036,15.2931276297335
"exact","method","complete_four_years","water_trad_ongoing_project","(Intercept)",16.1616494801991,0.946028042260456,0.918583283777635,2033,15.314606741573
"exact","method","complete_four_years","water_trad_ongoing_project","female_res_2005",0.460169037528175,1.29361486090624,1.24780894111803,2033,15.314606741573
"exact","method","complete_four_years","water_trad_ongoing_project","female_res_2010",-1.0696095269207,1.22204628988213,1.22696163664956,2033,15.314606741573
"exact","common","current_na_rm","water_trad_ongoing_project","(Intercept)",15.9658011254825,0.991200535277711,0.963559972627839,1861,15.4059097978227
"exact","common","current_na_rm","water_trad_ongoing_project","female_res_2005",-0.451637477801832,1.34321030503129,1.27481842108475,1861,15.4059097978227
"exact","common","current_na_rm","water_trad_ongoing_project","female_res_2010",-0.281427409676722,1.27431883069405,1.28106207816489,1861,15.4059097978227
"exact","common","complete_four_years","water_trad_ongoing_project","(Intercept)",15.9745699966087,0.99161918604817,0.963712100362452,1859,15.4059097978227
"exact","common","complete_four_years","water_trad_ongoing_project","female_res_2005",-0.478193049666841,1.34409866390776,1.27581014534976,1859,15.4059097978227
"exact","common","complete_four_years","water_trad_ongoing_project","female_res_2010",-0.245909941220479,1.27553758056956,1.28257530404208,1859,15.4059097978227
"exact","method","current_na_rm","drinking_water_ongoing_project","(Intercept)",0.000708781374228377,0.00107676951771382,0.00127054611731189,2036,0.00140252454417951
"exact","method","current_na_rm","drinking_water_ongoing_project","female_res_2005",0.000729122347211054,0.00147278036392223,0.00161634540809143,2036,0.00140252454417951
"exact","method","current_na_rm","drinking_water_ongoing_project","female_res_2010",6.16841712158272e-05,0.00139076050566093,0.00136352541739371,2036,0.00140252454417951
"exact","method","complete_four_years","drinking_water_ongoing_project","(Intercept)",0.000710001193526909,0.00107825675181487,0.00127206477531554,2033,0.00140449438202248
"exact","method","complete_four_years","drinking_water_ongoing_project","female_res_2005",0.000727438196615053,0.00147442665091335,0.00161648121170036,2033,0.00140449438202248
"exact","method","complete_four_years","drinking_water_ongoing_project","female_res_2010",6.26224786744456e-05,0.00139285476141619,0.00136504156936001,2033,0.00140449438202248
"exact","common","current_na_rm","drinking_water_ongoing_project","(Intercept)",0.000791416704784108,0.00118335658496842,0.00139927129890603,1861,0.00155520995334371
"exact","common","current_na_rm","drinking_water_ongoing_project","female_res_2005",0.000757854774155409,0.00160360764838658,0.0017380188451114,1861,0.00155520995334371
"exact","common","current_na_rm","drinking_water_ongoing_project","female_res_2010",5.09830530611322e-05,0.0015213607398109,0.00148464845867154,1861,0.00155520995334371
"exact","common","complete_four_years","drinking_water_ongoing_project","(Intercept)",0.000791887676405122,0.00118406440928867,0.00139930106596879,1859,0.00155520995334371
"exact","common","complete_four_years","drinking_water_ongoing_project","female_res_2005",0.000756428487858268,0.00160495017936081,0.00173738437995458,1859,0.00155520995334371
"exact","common","complete_four_years","drinking_water_ongoing_project","female_res_2010",5.28906782790598e-05,0.00152308332988347,0.00148513894430332,1859,0.00155520995334371
"exact","method","current_na_rm","total_ongoing_expenditure","(Intercept)",63.984672009511,1.96606046364075,2.17436049663493,2036,64.8916269284712
"exact","method","current_na_rm","total_ongoing_expenditure","female_res_2005",1.34689443589195,2.68913188709296,2.66269506953537,2036,64.8916269284712
"exact","method","current_na_rm","total_ongoing_expenditure","female_res_2010",-6.2710289297313,2.53937281803671,2.51419580400737,2036,64.8916269284712
"exact","method","complete_four_years","total_ongoing_expenditure","(Intercept)",64.0889128054268,1.96718270672219,2.17566570297366,2033,64.9827668539326
"exact","method","complete_four_years","total_ongoing_expenditure","female_res_2005",1.21290138799239,2.68995914481884,2.6634774224904,2033,64.9827668539326
"exact","method","complete_four_years","total_ongoing_expenditure","female_res_2010",-6.21090642646373,2.54113855074105,2.51551112883125,2033,64.9827668539326
"exact","common","current_na_rm","total_ongoing_expenditure","(Intercept)",62.2760575137174,2.02993620046702,2.23852603957148,1861,63.696967340591
"exact","common","current_na_rm","total_ongoing_expenditure","female_res_2005",1.45200248211739,2.75083711719287,2.73876664509975,1861,63.696967340591
"exact","common","current_na_rm","total_ongoing_expenditure","female_res_2010",-5.41433363948132,2.60975033133725,2.58586916751173,1861,63.696967340591
"exact","common","complete_four_years","total_ongoing_expenditure","(Intercept)",62.3078479528963,2.03003044663117,2.23860064472713,1859,63.696967340591
"exact","common","complete_four_years","total_ongoing_expenditure","female_res_2005",1.35572859690717,2.75162204342069,2.73916534095907,1859,63.696967340591
"exact","common","complete_four_years","total_ongoing_expenditure","female_res_2010",-5.28556952555105,2.61126464756871,2.58650337242047,1859,63.696967340591
"exact","method","current_na_rm","connectivity_ongoing_expenditure","(Intercept)",24.1154831683077,1.0388427708179,1.13129280504228,2036,24.7806311360449
"exact","method","current_na_rm","connectivity_ongoing_expenditure","female_res_2005",-1.12638287471295,1.42090503946621,1.38669936702977,2036,24.7806311360449
"exact","method","current_na_rm","connectivity_ongoing_expenditure","female_res_2010",-2.11577833809508,1.34177414337698,1.3320360897037,2036,24.7806311360449
"exact","method","complete_four_years","connectivity_ongoing_expenditure","(Intercept)",24.1548939544163,1.03984350832937,1.13233174188862,2033,24.8154353932584
"exact","method","complete_four_years","connectivity_ongoing_expenditure","female_res_2005",-1.17726167402212,1.42189972738821,1.38745509546902,2033,24.8154353932584
"exact","method","complete_four_years","connectivity_ongoing_expenditure","female_res_2010",-2.09260410370424,1.34323386268297,1.33334222981664,2033,24.8154353932584
"exact","common","current_na_rm","connectivity_ongoing_expenditure","(Intercept)",22.9828697898216,1.0461314731396,1.13006437829099,1861,23.8834836702955
"exact","common","current_na_rm","connectivity_ongoing_expenditure","female_res_2005",-0.685031540154,1.41764912863467,1.4075586840283,1861,23.8834836702955
"exact","common","current_na_rm","connectivity_ongoing_expenditure","female_res_2010",-1.9295512218204,1.34493978580227,1.33565760044087,1861,23.8834836702955
"exact","common","complete_four_years","connectivity_ongoing_expenditure","(Intercept)",22.9946403482545,1.04645951664149,1.13013704748786,1859,23.8834836702955
"exact","common","complete_four_years","connectivity_ongoing_expenditure","female_res_2005",-0.720677395344617,1.41843245667401,1.40800633693142,1859,23.8834836702955
"exact","common","complete_four_years","connectivity_ongoing_expenditure","female_res_2010",-1.88187570785453,1.34607968341188,1.33649809782184,1859,23.8834836702955
"exact","method","current_na_rm","sanitation_ongoing_expenditure","(Intercept)",0.025627514729042,0.00622862597782355,0.00697220951893881,2036,0.0229312762973352
"exact","method","current_na_rm","sanitation_ongoing_expenditure","female_res_2005",0.00648754921919263,0.00851937010051254,0.00859891229507024,2036,0.0229312762973352
"exact","method","current_na_rm","sanitation_ongoing_expenditure","female_res_2010",-0.0132948324888661,0.00804492221592864,0.00792484484939143,2036,0.0229312762973352
"exact","method","complete_four_years","sanitation_ongoing_expenditure","(Intercept)",0.0256639128648633,0.00623718668189693,0.00698095338352789,2033,0.0229634831460674
"exact","method","complete_four_years","sanitation_ongoing_expenditure","female_res_2005",0.00645031399623358,0.00852883532148716,0.00860602785733408,2033,0.0229634831460674
"exact","method","complete_four_years","sanitation_ongoing_expenditure","female_res_2010",-0.0132931409270235,0.00805698193227116,0.00793536142209355,2033,0.0229634831460674
"exact","common","current_na_rm","sanitation_ongoing_expenditure","(Intercept)",0.0190732070711032,0.00471731579727288,0.00540444312837202,1861,0.0175738724727838
"exact","common","current_na_rm","sanitation_ongoing_expenditure","female_res_2005",0.0083902877341987,0.0063925986371754,0.0068467217748798,1861,0.0175738724727838
"exact","common","current_na_rm","sanitation_ongoing_expenditure","female_res_2010",-0.0116016327087004,0.00606473073494771,0.00596379605009056,1861,0.0175738724727838
"exact","common","complete_four_years","sanitation_ongoing_expenditure","(Intercept)",0.0190773843034162,0.00472013081551619,0.00540470619559729,1859,0.0175738724727838
"exact","common","complete_four_years","sanitation_ongoing_expenditure","female_res_2005",0.00837763744075885,0.00639794147982226,0.00685069418952367,1859,0.0175738724727838
"exact","common","complete_four_years","sanitation_ongoing_expenditure","female_res_2010",-0.0115847132312933,0.00607158909902622,0.00596716276595243,1859,0.0175738724727838
"exact","method","current_na_rm","water_conserve_ongoing_expenditure","(Intercept)",12.9400960562774,0.687901772847295,0.691833017538289,2036,12.7524544179523
"exact","method","current_na_rm","water_conserve_ongoing_expenditure","female_res_2005",1.30258275731043,0.940896084714437,0.974323725044287,2036,12.7524544179523
"exact","method","current_na_rm","water_conserve_ongoing_expenditure","female_res_2010",-0.991199620336225,0.888497121910933,0.885720373004379,2036,12.7524544179523
"exact","method","complete_four_years","water_conserve_ongoing_expenditure","(Intercept)",12.9613149754464,0.688660356443116,0.692530771921421,2033,12.7703651685393
"exact","method","complete_four_years","water_conserve_ongoing_expenditure","female_res_2005",1.27506216839716,0.941685902970868,0.974857264824404,2033,12.7703651685393
"exact","method","complete_four_years","water_conserve_ongoing_expenditure","female_res_2010",-0.978465385630448,0.889587618956135,0.8867856341826,2033,12.7703651685393
"exact","common","current_na_rm","water_conserve_ongoing_expenditure","(Intercept)",13.2701552979413,0.731473323061548,0.736415995204022,1861,13.1796423017107
"exact","common","current_na_rm","water_conserve_ongoing_expenditure","female_res_2005",1.3334098232693,0.991244930186072,1.02785522156623,1861,13.1796423017107
"exact","common","current_na_rm","water_conserve_ongoing_expenditure","female_res_2010",-1.27032657851803,0.940405292927454,0.938105265608476,1861,13.1796423017107
"exact","common","complete_four_years","water_conserve_ongoing_expenditure","(Intercept)",13.2768642015599,0.731772630817678,0.736468814229799,1859,13.1796423017107
"exact","common","complete_four_years","water_conserve_ongoing_expenditure","female_res_2005",1.31309263880918,0.991887439457561,1.02833247851505,1859,13.1796423017107
"exact","common","complete_four_years","water_conserve_ongoing_expenditure","female_res_2010",-1.24315281017094,0.94129228656822,0.938936180178823,1859,13.1796423017107
"exact","method","current_na_rm","water_trad_ongoing_expenditure","(Intercept)",6.67688267788806,0.492821851949921,0.496152044523484,2036,6.37754558204769
"exact","method","current_na_rm","water_trad_ongoing_expenditure","female_res_2005",0.292543632186964,0.674070295010466,0.705561092868575,2036,6.37754558204769
"exact","method","current_na_rm","water_trad_ongoing_expenditure","female_res_2010",-1.20195643074508,0.636530990841802,0.63355728470043,2036,6.37754558204769
"exact","method","complete_four_years","water_trad_ongoing_expenditure","(Intercept)",6.68748851384519,0.493440965848531,0.496715730535435,2033,6.38650280898876
"exact","method","complete_four_years","water_trad_ongoing_expenditure","female_res_2005",0.279395724940206,0.674739582641089,0.706012912246342,2033,6.38650280898876
"exact","method","complete_four_years","water_trad_ongoing_expenditure","female_res_2010",-1.19681948549799,0.637409965301043,0.634413649346867,2033,6.38650280898876
"exact","common","current_na_rm","water_trad_ongoing_expenditure","(Intercept)",6.46484200757798,0.504344654200077,0.509551410174255,1861,6.31793157076205
"exact","common","current_na_rm","water_trad_ongoing_expenditure","female_res_2005",-0.131855922002606,0.683454974748559,0.700525624656301,1861,6.31793157076205
"exact","common","current_na_rm","water_trad_ongoing_expenditure","female_res_2010",-0.768792969623683,0.648401475920279,0.647123571377876,1861,6.31793157076205
"exact","common","complete_four_years","water_trad_ongoing_expenditure","(Intercept)",6.46802657336603,0.504601254821734,0.509598851998786,1859,6.31793157076205
"exact","common","complete_four_years","water_trad_ongoing_expenditure","female_res_2005",-0.141500032906629,0.683966064750109,0.700933274454202,1859,6.31793157076205
"exact","common","complete_four_years","water_trad_ongoing_expenditure","female_res_2010",-0.755894192426883,0.649077662860397,0.647778904664295,1859,6.31793157076205
"exact","method","current_na_rm","drinking_water_ongoing_expenditure","(Intercept)",0.00274908783129316,0.00177397388823184,0.0027488642829939,2036,0.00326788218793828
"exact","method","current_na_rm","drinking_water_ongoing_expenditure","female_res_2005",-0.00167379603975841,0.00242640032589872,0.00167419439750862,2036,0.00326788218793828
"exact","method","current_na_rm","drinking_water_ongoing_expenditure","female_res_2010",-0.00217291902087582,0.00229127290589062,0.00217294749314254,2036,0.00326788218793828
"exact","method","complete_four_years","drinking_water_ongoing_expenditure","(Intercept)",0.00275262157976101,0.00177642350541256,0.00275239726975109,2033,0.00327247191011236
"exact","method","complete_four_years","drinking_water_ongoing_expenditure","female_res_2005",-0.00167665229135934,0.0024291117632982,0.00167705015369741,2033,0.00327247191011236
"exact","method","complete_four_years","drinking_water_ongoing_expenditure","female_res_2010",-0.00217428808724499,0.00229472241526974,0.0021743171520465,2033,0.00327247191011236
"exact","common","current_na_rm","drinking_water_ongoing_expenditure","(Intercept)",0.00303474744354095,0.00194954548143378,0.00303446805410027,1861,0.00362363919129084
"exact","common","current_na_rm","drinking_water_ongoing_expenditure","female_res_2005",-0.00184024462397238,0.00264189685899974,0.00184070736748369,1861,0.00362363919129084
"exact","common","current_na_rm","drinking_water_ongoing_expenditure","female_res_2010",-0.00238524934096248,0.00250639747444196,0.00238528220849621,1861,0.00362363919129084
"exact","common","complete_four_years","drinking_water_ongoing_expenditure","(Intercept)",0.00303511056707137,0.00195071214409991,0.0030348312225132,1859,0.00362363919129084
"exact","common","complete_four_years","drinking_water_ongoing_expenditure","female_res_2005",-0.00184134430406469,0.00264410937529599,0.0018418062747102,1859,0.00362363919129084
"exact","common","complete_four_years","drinking_water_ongoing_expenditure","female_res_2010",-0.00238377854405409,0.00250923608950017,0.00238381263902365,1859,0.00362363919129084
