"female_res_2005","female_res_2010","n","all_missing","partial_missing","method","outcome"
0,0,1509,8,0,"fuzzy","total_comp_project"
0,1,1374,15,0,"fuzzy","total_comp_project"
1,0,766,9,0,"fuzzy","total_comp_project"
1,1,706,7,0,"fuzzy","total_comp_project"
0,0,1509,8,0,"fuzzy","connectivity_comp_project"
0,1,1374,15,0,"fuzzy","connectivity_comp_project"
1,0,766,9,0,"fuzzy","connectivity_comp_project"
1,1,706,7,0,"fuzzy","connectivity_comp_project"
0,0,1509,8,0,"fuzzy","sanitation_comp_project"
0,1,1374,15,0,"fuzzy","sanitation_comp_project"
1,0,766,9,0,"fuzzy","sanitation_comp_project"
1,1,706,7,0,"fuzzy","sanitation_comp_project"
0,0,1509,8,0,"fuzzy","water_conserve_comp_project"
0,1,1374,15,0,"fuzzy","water_conserve_comp_project"
1,0,766,9,0,"fuzzy","water_conserve_comp_project"
1,1,706,7,0,"fuzzy","water_conserve_comp_project"
0,0,1509,8,0,"fuzzy","water_trad_comp_project"
0,1,1374,15,0,"fuzzy","water_trad_comp_project"
1,0,766,9,0,"fuzzy","water_trad_comp_project"
1,1,706,7,0,"fuzzy","water_trad_comp_project"
0,0,1509,8,0,"fuzzy","drinking_water_comp_project"
0,1,1374,15,0,"fuzzy","drinking_water_comp_project"
1,0,766,9,0,"fuzzy","drinking_water_comp_project"
1,1,706,7,0,"fuzzy","drinking_water_comp_project"
0,0,1509,8,0,"fuzzy","total_comp_expenditure"
0,1,1374,15,0,"fuzzy","total_comp_expenditure"
1,0,766,9,0,"fuzzy","total_comp_expenditure"
1,1,706,7,0,"fuzzy","total_comp_expenditure"
0,0,1509,8,0,"fuzzy","connectivity_comp_expenditure"
0,1,1374,15,0,"fuzzy","connectivity_comp_expenditure"
1,0,766,9,0,"fuzzy","connectivity_comp_expenditure"
1,1,706,7,0,"fuzzy","connectivity_comp_expenditure"
0,0,1509,8,0,"fuzzy","sanitation_comp_expenditure"
0,1,1374,15,0,"fuzzy","sanitation_comp_expenditure"
1,0,766,9,0,"fuzzy","sanitation_comp_expenditure"
1,1,706,7,0,"fuzzy","sanitation_comp_expenditure"
0,0,1509,8,0,"fuzzy","water_conserve_comp_expenditure"
0,1,1374,15,0,"fuzzy","water_conserve_comp_expenditure"
1,0,766,9,0,"fuzzy","water_conserve_comp_expenditure"
1,1,706,7,0,"fuzzy","water_conserve_comp_expenditure"
0,0,1509,8,0,"fuzzy","water_trad_comp_expenditure"
0,1,1374,15,0,"fuzzy","water_trad_comp_expenditure"
1,0,766,9,0,"fuzzy","water_trad_comp_expenditure"
1,1,706,7,0,"fuzzy","water_trad_comp_expenditure"
0,0,1509,8,0,"fuzzy","drinking_water_comp_expenditure"
0,1,1374,15,0,"fuzzy","drinking_water_comp_expenditure"
1,0,766,9,0,"fuzzy","drinking_water_comp_expenditure"
1,1,706,7,0,"fuzzy","drinking_water_comp_expenditure"
0,0,1509,8,0,"fuzzy","total_ongoing_project"
0,1,1374,15,0,"fuzzy","total_ongoing_project"
1,0,766,9,0,"fuzzy","total_ongoing_project"
1,1,706,7,0,"fuzzy","total_ongoing_project"
0,0,1509,8,0,"fuzzy","connectivity_ongoing_project"
0,1,1374,15,0,"fuzzy","connectivity_ongoing_project"
1,0,766,9,0,"fuzzy","connectivity_ongoing_project"
1,1,706,7,0,"fuzzy","connectivity_ongoing_project"
0,0,1509,8,0,"fuzzy","sanitation_ongoing_project"
0,1,1374,15,0,"fuzzy","sanitation_ongoing_project"
1,0,766,9,0,"fuzzy","sanitation_ongoing_project"
1,1,706,7,0,"fuzzy","sanitation_ongoing_project"
0,0,1509,8,0,"fuzzy","water_conserve_ongoing_project"
0,1,1374,15,0,"fuzzy","water_conserve_ongoing_project"
1,0,766,9,0,"fuzzy","water_conserve_ongoing_project"
1,1,706,7,0,"fuzzy","water_conserve_ongoing_project"
0,0,1509,8,0,"fuzzy","water_trad_ongoing_project"
0,1,1374,15,0,"fuzzy","water_trad_ongoing_project"
1,0,766,9,0,"fuzzy","water_trad_ongoing_project"
1,1,706,7,0,"fuzzy","water_trad_ongoing_project"
0,0,1509,8,0,"fuzzy","drinking_water_ongoing_project"
0,1,1374,15,0,"fuzzy","drinking_water_ongoing_project"
1,0,766,9,0,"fuzzy","drinking_water_ongoing_project"
1,1,706,7,0,"fuzzy","drinking_water_ongoing_project"
0,0,1509,8,0,"fuzzy","total_ongoing_expenditure"
0,1,1374,15,0,"fuzzy","total_ongoing_expenditure"
1,0,766,9,0,"fuzzy","total_ongoing_expenditure"
1,1,706,7,0,"fuzzy","total_ongoing_expenditure"
0,0,1509,8,0,"fuzzy","connectivity_ongoing_expenditure"
0,1,1374,15,0,"fuzzy","connectivity_ongoing_expenditure"
1,0,766,9,0,"fuzzy","connectivity_ongoing_expenditure"
1,1,706,7,0,"fuzzy","connectivity_ongoing_expenditure"
0,0,1509,8,0,"fuzzy","sanitation_ongoing_expenditure"
0,1,1374,15,0,"fuzzy","sanitation_ongoing_expenditure"
1,0,766,9,0,"fuzzy","sanitation_ongoing_expenditure"
1,1,706,7,0,"fuzzy","sanitation_ongoing_expenditure"
0,0,1509,8,0,"fuzzy","water_conserve_ongoing_expenditure"
0,1,1374,15,0,"fuzzy","water_conserve_ongoing_expenditure"
1,0,766,9,0,"fuzzy","water_conserve_ongoing_expenditure"
1,1,706,7,0,"fuzzy","water_conserve_ongoing_expenditure"
0,0,1509,8,0,"fuzzy","water_trad_ongoing_expenditure"
0,1,1374,15,0,"fuzzy","water_trad_ongoing_expenditure"
1,0,766,9,0,"fuzzy","water_trad_ongoing_expenditure"
1,1,706,7,0,"fuzzy","water_trad_ongoing_expenditure"
0,0,1509,8,0,"fuzzy","drinking_water_ongoing_expenditure"
0,1,1374,15,0,"fuzzy","drinking_water_ongoing_expenditure"
1,0,766,9,0,"fuzzy","drinking_water_ongoing_expenditure"
1,1,706,7,0,"fuzzy","drinking_water_ongoing_expenditure"
0,0,713,1,0,"exact","total_comp_project"
0,1,642,2,0,"exact","total_comp_project"
1,0,344,0,0,"exact","total_comp_project"
1,1,337,0,0,"exact","total_comp_project"
0,0,713,1,0,"exact","connectivity_comp_project"
0,1,642,2,0,"exact","connectivity_comp_project"
1,0,344,0,0,"exact","connectivity_comp_project"
1,1,337,0,0,"exact","connectivity_comp_project"
0,0,713,1,0,"exact","sanitation_comp_project"
0,1,642,2,0,"exact","sanitation_comp_project"
1,0,344,0,0,"exact","sanitation_comp_project"
1,1,337,0,0,"exact","sanitation_comp_project"
0,0,713,1,0,"exact","water_conserve_comp_project"
0,1,642,2,0,"exact","water_conserve_comp_project"
1,0,344,0,0,"exact","water_conserve_comp_project"
1,1,337,0,0,"exact","water_conserve_comp_project"
0,0,713,1,0,"exact","water_trad_comp_project"
0,1,642,2,0,"exact","water_trad_comp_project"
1,0,344,0,0,"exact","water_trad_comp_project"
1,1,337,0,0,"exact","water_trad_comp_project"
0,0,713,1,0,"exact","drinking_water_comp_project"
0,1,642,2,0,"exact","drinking_water_comp_project"
1,0,344,0,0,"exact","drinking_water_comp_project"
1,1,337,0,0,"exact","drinking_water_comp_project"
0,0,713,1,0,"exact","total_comp_expenditure"
0,1,642,2,0,"exact","total_comp_expenditure"
1,0,344,0,0,"exact","total_comp_expenditure"
1,1,337,0,0,"exact","total_comp_expenditure"
0,0,713,1,0,"exact","connectivity_comp_expenditure"
0,1,642,2,0,"exact","connectivity_comp_expenditure"
1,0,344,0,0,"exact","connectivity_comp_expenditure"
1,1,337,0,0,"exact","connectivity_comp_expenditure"
0,0,713,1,0,"exact","sanitation_comp_expenditure"
0,1,642,2,0,"exact","sanitation_comp_expenditure"
1,0,344,0,0,"exact","sanitation_comp_expenditure"
1,1,337,0,0,"exact","sanitation_comp_expenditure"
0,0,713,1,0,"exact","water_conserve_comp_expenditure"
0,1,642,2,0,"exact","water_conserve_comp_expenditure"
1,0,344,0,0,"exact","water_conserve_comp_expenditure"
1,1,337,0,0,"exact","water_conserve_comp_expenditure"
0,0,713,1,0,"exact","water_trad_comp_expenditure"
0,1,642,2,0,"exact","water_trad_comp_expenditure"
1,0,344,0,0,"exact","water_trad_comp_expenditure"
1,1,337,0,0,"exact","water_trad_comp_expenditure"
0,0,713,1,0,"exact","drinking_water_comp_expenditure"
0,1,642,2,0,"exact","drinking_water_comp_expenditure"
1,0,344,0,0,"exact","drinking_water_comp_expenditure"
1,1,337,0,0,"exact","drinking_water_comp_expenditure"
0,0,713,1,0,"exact","total_ongoing_project"
0,1,642,2,0,"exact","total_ongoing_project"
1,0,344,0,0,"exact","total_ongoing_project"
1,1,337,0,0,"exact","total_ongoing_project"
0,0,713,1,0,"exact","connectivity_ongoing_project"
0,1,642,2,0,"exact","connectivity_ongoing_project"
1,0,344,0,0,"exact","connectivity_ongoing_project"
1,1,337,0,0,"exact","connectivity_ongoing_project"
0,0,713,1,0,"exact","sanitation_ongoing_project"
0,1,642,2,0,"exact","sanitation_ongoing_project"
1,0,344,0,0,"exact","sanitation_ongoing_project"
1,1,337,0,0,"exact","sanitation_ongoing_project"
0,0,713,1,0,"exact","water_conserve_ongoing_project"
0,1,642,2,0,"exact","water_conserve_ongoing_project"
1,0,344,0,0,"exact","water_conserve_ongoing_project"
1,1,337,0,0,"exact","water_conserve_ongoing_project"
0,0,713,1,0,"exact","water_trad_ongoing_project"
0,1,642,2,0,"exact","water_trad_ongoing_project"
1,0,344,0,0,"exact","water_trad_ongoing_project"
1,1,337,0,0,"exact","water_trad_ongoing_project"
0,0,713,1,0,"exact","drinking_water_ongoing_project"
0,1,642,2,0,"exact","drinking_water_ongoing_project"
1,0,344,0,0,"exact","drinking_water_ongoing_project"
1,1,337,0,0,"exact","drinking_water_ongoing_project"
0,0,713,1,0,"exact","total_ongoing_expenditure"
0,1,642,2,0,"exact","total_ongoing_expenditure"
1,0,344,0,0,"exact","total_ongoing_expenditure"
1,1,337,0,0,"exact","total_ongoing_expenditure"
0,0,713,1,0,"exact","connectivity_ongoing_expenditure"
0,1,642,2,0,"exact","connectivity_ongoing_expenditure"
1,0,344,0,0,"exact","connectivity_ongoing_expenditure"
1,1,337,0,0,"exact","connectivity_ongoing_expenditure"
0,0,713,1,0,"exact","sanitation_ongoing_expenditure"
0,1,642,2,0,"exact","sanitation_ongoing_expenditure"
1,0,344,0,0,"exact","sanitation_ongoing_expenditure"
1,1,337,0,0,"exact","sanitation_ongoing_expenditure"
0,0,713,1,0,"exact","water_conserve_ongoing_expenditure"
0,1,642,2,0,"exact","water_conserve_ongoing_expenditure"
1,0,344,0,0,"exact","water_conserve_ongoing_expenditure"
1,1,337,0,0,"exact","water_conserve_ongoing_expenditure"
0,0,713,1,0,"exact","water_trad_ongoing_expenditure"
0,1,642,2,0,"exact","water_trad_ongoing_expenditure"
1,0,344,0,0,"exact","water_trad_ongoing_expenditure"
1,1,337,0,0,"exact","water_trad_ongoing_expenditure"
0,0,713,1,0,"exact","drinking_water_ongoing_expenditure"
0,1,642,2,0,"exact","drinking_water_ongoing_expenditure"
1,0,344,0,0,"exact","drinking_water_ongoing_expenditure"
1,1,337,0,0,"exact","drinking_water_ongoing_expenditure"
