"method","outcome","n","all_four_missing","partial_missing","complete","zero_totals","mean_total"
"fuzzy","total_comp_project",4355,39,0,4316,81,51.1526980482206
"fuzzy","connectivity_comp_project",4355,39,0,4316,457,8.04523536165324
"fuzzy","sanitation_comp_project",4355,39,0,4316,2369,17.4592422502871
"fuzzy","water_conserve_comp_project",4355,39,0,4316,1028,5.76004592422503
"fuzzy","water_trad_comp_project",4355,39,0,4316,1865,2.72721010332949
"fuzzy","drinking_water_comp_project",4355,39,0,4316,4351,0.000918484500574036
"fuzzy","total_comp_expenditure",4355,39,0,4316,74,60.8271641791045
"fuzzy","connectivity_comp_expenditure",4355,39,0,4316,533,23.0358300803674
"fuzzy","sanitation_comp_expenditure",4355,39,0,4316,2188,1.28675545350172
"fuzzy","water_conserve_comp_expenditure",4355,39,0,4316,1067,13.9260619977037
"fuzzy","water_trad_comp_expenditure",4355,39,0,4316,2226,5.54853731343281
"fuzzy","drinking_water_comp_expenditure",4355,39,0,4316,4350,0.00215843857634897
"fuzzy","total_ongoing_project",4355,39,0,4316,64,209.719632606201
"fuzzy","connectivity_ongoing_project",4355,39,0,4316,151,49.0149253731344
"fuzzy","sanitation_ongoing_project",4355,39,0,4316,2299,23.0884041331799
"fuzzy","water_conserve_ongoing_project",4355,39,0,4316,554,32.4034443168771
"fuzzy","water_trad_ongoing_project",4355,39,0,4316,1264,15.4948335246843
"fuzzy","drinking_water_ongoing_project",4355,39,0,4316,4345,0.00688863375430538
"fuzzy","total_ongoing_expenditure",4355,39,0,4316,83,58.2959471871412
"fuzzy","connectivity_ongoing_expenditure",4355,39,0,4316,579,21.233579793341
"fuzzy","sanitation_ongoing_expenditure",4355,39,0,4316,4079,0.0206590126291621
"fuzzy","water_conserve_ongoing_expenditure",4355,39,0,4316,1323,12.2275729047072
"fuzzy","water_trad_ongoing_expenditure",4355,39,0,4316,2369,5.97563260619978
"fuzzy","drinking_water_ongoing_expenditure",4355,39,0,4316,4350,0.00282433983926509
"exact","total_comp_project",2036,3,0,2033,6,51.4454813359528
"exact","connectivity_comp_project",2036,3,0,2033,187,7.95628683693516
"exact","sanitation_comp_project",2036,3,0,2033,1109,17.5181728880157
"exact","water_conserve_comp_project",2036,3,0,2033,436,5.83251473477405
"exact","water_trad_comp_project",2036,3,0,2033,890,2.68713163064833
"exact","drinking_water_comp_project",2036,3,0,2033,2036,0
"exact","total_comp_expenditure",2036,3,0,2033,5,62.939405697446
"exact","connectivity_comp_expenditure",2036,3,0,2033,229,24.0443418467583
"exact","sanitation_comp_expenditure",2036,3,0,2033,1014,1.29736247544204
"exact","water_conserve_comp_expenditure",2036,3,0,2033,451,14.6573673870334
"exact","water_trad_comp_expenditure",2036,3,0,2033,1037,5.46038310412574
"exact","drinking_water_comp_expenditure",2036,3,0,2033,2035,7.3673870333989e-05
"exact","total_ongoing_project",2036,3,0,2033,3,215.24115913556
"exact","connectivity_ongoing_project",2036,3,0,2033,32,49.7003929273085
"exact","sanitation_ongoing_project",2036,3,0,2033,1080,22.75442043222
"exact","water_conserve_ongoing_project",2036,3,0,2033,219,33.197445972495
"exact","water_trad_ongoing_project",2036,3,0,2033,595,15.7784872298625
"exact","drinking_water_ongoing_project",2036,3,0,2033,2034,0.000982318271119843
"exact","total_ongoing_expenditure",2036,3,0,2033,6,61.4197888015717
"exact","connectivity_ongoing_expenditure",2036,3,0,2033,230,22.7213703339882
"exact","sanitation_ongoing_expenditure",2036,3,0,2033,1909,0.0214047151277013
"exact","water_conserve_ongoing_expenditure",2036,3,0,2033,559,12.8991699410609
"exact","water_trad_ongoing_expenditure",2036,3,0,2033,1081,6.19677799607072
"exact","drinking_water_ongoing_expenditure",2036,3,0,2033,2035,0.00114440078585462
