"path","bytes","sha256"
"data/raj/mnrega_elex_raj_05_10.parquet",12463078,"d624700150f78be474c8e22754ead4d0b9ff4008c70b4bf064a0fa90774de1ca"
"data/raj/mnrega_elex_raj_05_10_strict.parquet",6887315,"203b9d9d3654ac03e8746a833cc5e59872b880d6533111ac09ebdf99c53e7ef9"
"data/raj/elex_raj_05_10.parquet",824894,"048af0ae3567c30c7c0514be7069b38669ff7e8b0a96b8015de35604bcd3bd58"
"data/raj/elex_mnrega_ps_block_crosswalk.csv",5334,"1f6f2632113d701cf44ef9bf4ce9895ae5ad35a45760eb32e9f8969e0ec38a46"
"data/mnrega/mnrega_r6.parquet",62389096,"0f60ff4b71aec2196271e57598e41bbd4eb3909456a9f3bb2ccfaf40e546913a"
"data/mnrega/mnrega_r1.parquet",20996909,"76557bc34e496a08b9a026e2dee28851b36dad6da7bdc894e374c306739afd64"
"data/mnrega/mnrega_r3.parquet",5967906,"988266638e2ab37d0177248780010d1902616871d9152f3ccaad8349a668b37e"
"data/mnrega/mnrega_r5.parquet",22612054,"9582a8632615a634ed5a0d2e24910694f18f0049241ae6b94691a6fd562a0f36"
"data/mnrega/raj_mnrega_transliteration.csv",1617246,"86593d1f73da3228f76b15df814f567a80c5f945653f49dae211d7828f7cb02c"
"data/raj/lgd_election_links.parquet",549424,"54f6835d87d5e4fb8ecd12a773eeee1c87dcbfd4731181fcb74aaee56ae4e25b"
"data/up/lgd_election_links.parquet",2788547,"fd4ad7af2c5a2ed10e45412fc89f841f5a3c6fc56b5153d6150b02aa1ed90e4e"
"scripts/00_linkage.R",3232,"745783252001dda1834eba7649fb5002661ef282dbab2e52399f5679638c78d8"
"scripts/03a_raj_elex_mnrega_join.R",7403,"145af405745dc18256cb5e519eecf690eb7e61b65900868a936fde6e1eefff48"
"scripts/03b_up_elex_mnrega_join.R",3434,"3f898f402842c34c0a1b45a418d0c336c7a91b1034759cd59ec4c9b4dbab6a1c"
"scripts/04_lgd_shrug_elex_join.R",7336,"63c434eba295d86d1eb7f50854902e5562e813011645fdb7aac82d354d12a9d1"
"scripts/07a_raj_main_mnrega_outcomes.R",29177,"e85547bb0495123737499585013fbb832b2d5dba91482401655c2be30a0a28be"
"scripts/00_utils.R",8892,"2fe93f1febff5bccb916b60a8a201cad0b520edba91d869cf0916c1745750501"
"ms/ms.tex",68833,"ccc8b80750e8658b3ad4a40f78f9b2ac57a22ca989b3a467a66ac610d21e3403"
"tabs/mnrega_raj_05_10_main.tex",1730,"37f193a2b6387696d4d8ec55ba42e235ecb37a0c45c04216aac0c84028adc389"
