"method","budget","p_min","p_max","lower","upper"
"rate_only",0,0.0285714285714286,0.0285714285714286,1,1
"rate_only",1,0.0285714285714286,0.0285714285714286,1,1
"rate_only",2,0.0285714285714286,0.485714285714286,0.5,1
"rate_only",3,0.0285714285714286,0.485714285714286,0.5,1
"rate_only",4,0.0285714285714286,1,0,1
"rate_only",5,0.0285714285714286,1,0,1
"rate_only",6,0.0285714285714286,1,-0.5,1
"rate_only",7,0.0285714285714286,1,-0.5,1
"rate_only",8,0.0285714285714286,1,-1,1
"near",0,0.0285714285714286,0.0285714285714286,1,1
"near",1,0.0285714285714286,0.0285714285714286,1,1
"near",2,0.0285714285714286,0.0285714285714286,1,1
"near",3,0.0285714285714286,0.0285714285714286,1,1
"near",4,0.0285714285714286,0.0285714285714286,1,1
"near",5,0.0285714285714286,0.0285714285714286,1,1
"near",6,0.0285714285714286,0.0285714285714286,1,1
"near",7,0.0285714285714286,0.0285714285714286,1,1
"near",8,0.0285714285714286,0.0285714285714286,1,1
"far",0,0.0285714285714286,0.0285714285714286,1,1
"far",1,0.0285714285714286,0.0285714285714286,1,1
"far",2,0.0285714285714286,0.485714285714286,0.5,1
"far",3,0.0285714285714286,0.485714285714286,0.5,1
"far",4,0.0285714285714286,1,0,1
"far",5,0.0285714285714286,1,0,1
"far",6,0.0285714285714286,1,0,1
"far",7,0.0285714285714286,1,0,1
"far",8,0.0285714285714286,1,0,1
