"year","error_budget","error_fraction","p_min_lower","p_min_upper","p_max_lower","p_max_upper"
2005,0,0,0.977964986914771,0.984182121470142,0.977964986914771,0.984182121470142
2005,4,0.000918484500574053,0,0.597409599453145,0.999633725497118,1
2005,21,0.00482204362801378,0,0.0560321035485842,0.999633725497118,1
2005,43,0.00987370838117107,0,0.00220959067419358,0.999633725497118,1
2005,217,0.0498277841561424,0,0.000366274502882244,0.999633725497118,1
2005,435,0.0998851894374282,0,0.000366274502882244,0.999633725497118,1
2010,0,0,0.201969804545788,0.220560439446259,0.201969804545788,0.220560439446259
2010,4,0.000918484500574053,0,0.0711507191492312,0.42525505285622,1
2010,21,0.00482204362801378,0,0.00220959067419358,0.997593810892136,1
2010,43,0.00987370838117107,0,0.000366274502882244,0.999633725497118,1
2010,217,0.0498277841561424,0,0.000366274502882244,0.999633725497118,1
2010,435,0.0998851894374282,0,0.000366274502882244,0.999633725497118,1
