"year","stratum","n","treated","informative"
2005,"AJMER|ARAI|GEN|0",9,3,TRUE
2005,"AJMER|ARAI|GEN|1",4,2,TRUE
2005,"AJMER|ARAI|OBC|0",1,0,FALSE
2005,"AJMER|ARAI|OBC|1",1,0,FALSE
2005,"AJMER|ARAI|SC|0",3,0,FALSE
2005,"AJMER|ARAI|SC|1",2,1,TRUE
2005,"AJMER|ARAI|ST|0",1,0,FALSE
2005,"AJMER|BHINAY|GEN|0",9,2,TRUE
2005,"AJMER|BHINAY|GEN|1",4,1,TRUE
2005,"AJMER|BHINAY|OBC|0",1,1,FALSE
2005,"AJMER|BHINAY|OBC|1",2,0,FALSE
2005,"AJMER|BHINAY|SC|1",1,0,FALSE
2005,"AJMER|JAWAJA|GEN|0",13,4,TRUE
2005,"AJMER|JAWAJA|GEN|1",9,4,TRUE
2005,"AJMER|JAWAJA|OBC|0",3,1,TRUE
2005,"AJMER|JAWAJA|OBC|1",3,1,TRUE
2005,"AJMER|JAWAJA|SC|0",3,1,TRUE
2005,"AJMER|JAWAJA|SC|1",1,0,FALSE
2005,"AJMER|KEKRI|GEN|0",9,2,TRUE
2005,"AJMER|KEKRI|GEN|1",5,3,TRUE
2005,"AJMER|KEKRI|OBC|1",1,1,FALSE
2005,"AJMER|KEKRI|SC|0",2,1,TRUE
2005,"AJMER|KEKRI|SC|1",3,0,FALSE
2005,"AJMER|KEKRI|ST|0",2,0,FALSE
2005,"AJMER|KEKRI|ST|1",2,1,TRUE
2005,"AJMER|MASUDA|GEN|0",10,2,TRUE
2005,"AJMER|MASUDA|GEN|1",4,3,TRUE
2005,"AJMER|MASUDA|OBC|0",4,1,TRUE
2005,"AJMER|MASUDA|OBC|1",2,1,TRUE
2005,"AJMER|MASUDA|SC|0",1,1,FALSE
2005,"AJMER|MASUDA|SC|1",3,1,TRUE
2005,"AJMER|PEESANGAN|GEN|0",12,3,TRUE
2005,"AJMER|PEESANGAN|GEN|1",12,7,TRUE
2005,"AJMER|PEESANGAN|OBC|0",4,2,TRUE
2005,"AJMER|PEESANGAN|OBC|1",5,1,TRUE
2005,"AJMER|PEESANGAN|SC|0",3,1,TRUE
2005,"AJMER|PEESANGAN|SC|1",1,1,FALSE
2005,"ALWAR|BANSUR|GEN|0",7,2,TRUE
2005,"ALWAR|BANSUR|GEN|1",11,3,TRUE
2005,"ALWAR|BANSUR|OBC|0",5,2,TRUE
2005,"ALWAR|BANSUR|OBC|1",1,0,FALSE
2005,"ALWAR|BANSUR|SC|0",2,0,FALSE
2005,"ALWAR|BANSUR|SC|1",3,2,TRUE
2005,"ALWAR|BANSUR|ST|0",1,1,FALSE
2005,"ALWAR|KATHUMAR|GEN|0",10,2,TRUE
2005,"ALWAR|KATHUMAR|GEN|1",8,3,TRUE
2005,"ALWAR|KATHUMAR|OBC|0",3,1,TRUE
2005,"ALWAR|KATHUMAR|OBC|1",2,1,TRUE
2005,"ALWAR|KATHUMAR|SC|0",3,1,TRUE
2005,"ALWAR|KATHUMAR|SC|1",4,1,TRUE
2005,"ALWAR|KATHUMAR|ST|0",1,0,FALSE
2005,"ALWAR|KATHUMAR|ST|1",2,0,FALSE
2005,"ALWAR|NEEMRANA|GEN|0",11,4,TRUE
2005,"ALWAR|NEEMRANA|GEN|1",7,3,TRUE
2005,"ALWAR|NEEMRANA|OBC|0",3,1,TRUE
2005,"ALWAR|NEEMRANA|OBC|1",4,1,TRUE
2005,"ALWAR|NEEMRANA|SC|0",2,1,TRUE
2005,"ALWAR|NEEMRANA|SC|1",3,1,TRUE
2005,"ALWAR|RAJGARH|GEN|0",6,1,TRUE
2005,"ALWAR|RAJGARH|GEN|1",3,1,TRUE
2005,"ALWAR|RAJGARH|SC|0",3,2,TRUE
2005,"ALWAR|RAJGARH|SC|1",2,0,FALSE
2005,"ALWAR|RAJGARH|ST|0",3,2,TRUE
2005,"ALWAR|RAJGARH|ST|1",4,0,FALSE
2005,"ALWAR|RAMGARH|GEN|0",9,3,TRUE
2005,"ALWAR|RAMGARH|GEN|1",8,3,TRUE
2005,"ALWAR|RAMGARH|OBC|0",4,3,TRUE
2005,"ALWAR|RAMGARH|OBC|1",3,0,FALSE
2005,"ALWAR|RAMGARH|SC|0",2,0,FALSE
2005,"ALWAR|RAMGARH|SC|1",3,1,TRUE
2005,"ALWAR|RAMGARH|ST|0",1,0,FALSE
2005,"ALWAR|RENI|GEN|0",2,1,TRUE
2005,"ALWAR|RENI|GEN|1",6,1,TRUE
2005,"ALWAR|RENI|OBC|0",1,0,FALSE
2005,"ALWAR|RENI|SC|0",2,1,TRUE
2005,"ALWAR|RENI|SC|1",1,0,FALSE
2005,"ALWAR|RENI|ST|0",3,2,TRUE
2005,"ALWAR|RENI|ST|1",5,0,FALSE
2005,"ALWAR|TIJARA|GEN|0",10,4,TRUE
2005,"ALWAR|TIJARA|GEN|1",8,3,TRUE
2005,"ALWAR|TIJARA|OBC|0",4,1,TRUE
2005,"ALWAR|TIJARA|OBC|1",2,1,TRUE
2005,"ALWAR|TIJARA|SC|0",2,0,FALSE
2005,"ALWAR|TIJARA|SC|1",4,2,TRUE
2005,"BANSWARA|ANANDPURI|ST|0",12,4,TRUE
2005,"BANSWARA|ANANDPURI|ST|1",12,4,TRUE
2005,"BANSWARA|GARHI|ST|0",9,3,TRUE
2005,"BANSWARA|GARHI|ST|1",14,2,TRUE
2005,"BANSWARA|GHATOL|ST|0",26,8,TRUE
2005,"BANSWARA|GHATOL|ST|1",22,7,TRUE
2005,"BANSWARA|KUSHALGARH|ST|0",15,5,TRUE
2005,"BANSWARA|KUSHALGARH|ST|1",11,3,TRUE
2005,"BANSWARA|SAJJANGARH|ST|0",11,3,TRUE
2005,"BANSWARA|SAJJANGARH|ST|1",11,4,TRUE
2005,"BARMER|BARMER|GEN|0",6,4,TRUE
2005,"BARMER|BARMER|GEN|1",6,1,TRUE
2005,"BARMER|BARMER|OBC|0",4,1,TRUE
2005,"BARMER|BARMER|OBC|1",1,0,FALSE
2005,"BARMER|BARMER|SC|0",1,0,FALSE
2005,"BARMER|BARMER|SC|1",2,0,FALSE
2005,"BARMER|SHEO|GEN|0",8,3,TRUE
2005,"BARMER|SHEO|GEN|1",2,0,FALSE
2005,"BARMER|SHEO|OBC|0",1,0,FALSE
2005,"BARMER|SHEO|OBC|1",6,2,TRUE
2005,"BARMER|SHEO|SC|0",2,0,FALSE
2005,"BARMER|SHEO|SC|1",2,1,TRUE
2005,"BARMER|SHEO|ST|0",1,0,FALSE
2005,"BARMER|SINDHARI|GEN|0",13,6,TRUE
2005,"BARMER|SINDHARI|GEN|1",10,4,TRUE
2005,"BARMER|SINDHARI|OBC|0",3,0,FALSE
2005,"BARMER|SINDHARI|OBC|1",4,2,TRUE
2005,"BARMER|SINDHARI|SC|0",4,1,TRUE
2005,"BARMER|SINDHARI|SC|1",1,1,FALSE
2005,"BARMER|SIWANA|GEN|0",2,1,TRUE
2005,"BARMER|SIWANA|GEN|1",5,1,TRUE
2005,"BARMER|SIWANA|OBC|0",1,0,FALSE
2005,"BARMER|SIWANA|OBC|1",3,2,TRUE
2005,"BARMER|SIWANA|SC|0",3,1,TRUE
2005,"BARMER|SIWANA|ST|0",1,0,FALSE
2005,"BARMER|SIWANA|ST|1",1,0,FALSE
2005,"BHARATPUR|BAYANA|GEN|0",9,3,TRUE
2005,"BHARATPUR|BAYANA|GEN|1",11,4,TRUE
2005,"BHARATPUR|BAYANA|OBC|0",1,0,FALSE
2005,"BHARATPUR|BAYANA|OBC|1",5,2,TRUE
2005,"BHARATPUR|BAYANA|SC|0",5,0,FALSE
2005,"BHARATPUR|BAYANA|SC|1",3,1,TRUE
2005,"BHARATPUR|BAYANA|ST|0",1,0,FALSE
2005,"BHARATPUR|DEEG|GEN|0",12,3,TRUE
2005,"BHARATPUR|DEEG|GEN|1",9,4,TRUE
2005,"BHARATPUR|DEEG|OBC|0",2,0,FALSE
2005,"BHARATPUR|DEEG|OBC|1",3,2,TRUE
2005,"BHARATPUR|DEEG|SC|0",2,0,FALSE
2005,"BHARATPUR|DEEG|SC|1",4,1,TRUE
2005,"BHARATPUR|KAMAN|GEN|0",5,4,TRUE
2005,"BHARATPUR|KAMAN|GEN|1",5,2,TRUE
2005,"BHARATPUR|KAMAN|OBC|0",2,1,TRUE
2005,"BHARATPUR|KAMAN|OBC|1",2,0,FALSE
2005,"BHARATPUR|KAMAN|SC|0",1,1,FALSE
2005,"BHARATPUR|KAMAN|SC|1",2,0,FALSE
2005,"BHARATPUR|NADBAI|GEN|0",10,5,TRUE
2005,"BHARATPUR|NADBAI|GEN|1",5,1,TRUE
2005,"BHARATPUR|NADBAI|OBC|0",2,0,FALSE
2005,"BHARATPUR|NADBAI|OBC|1",2,1,TRUE
2005,"BHARATPUR|NADBAI|SC|0",3,0,FALSE
2005,"BHARATPUR|NADBAI|SC|1",3,2,TRUE
2005,"BHARATPUR|NADBAI|ST|0",1,0,FALSE
2005,"BHARATPUR|NAGAR|GEN|0",14,3,TRUE
2005,"BHARATPUR|NAGAR|GEN|1",6,3,TRUE
2005,"BHARATPUR|NAGAR|OBC|1",3,2,TRUE
2005,"BHARATPUR|NAGAR|SC|0",1,0,FALSE
2005,"BHARATPUR|NAGAR|SC|1",2,1,TRUE
2005,"BHARATPUR|SEWAR|GEN|0",8,2,TRUE
2005,"BHARATPUR|SEWAR|GEN|1",4,2,TRUE
2005,"BHARATPUR|SEWAR|OBC|0",2,1,TRUE
2005,"BHARATPUR|SEWAR|OBC|1",3,1,TRUE
2005,"BHARATPUR|SEWAR|SC|0",3,2,TRUE
2005,"BHARATPUR|SEWAR|SC|1",3,1,TRUE
2005,"BHARATPUR|SEWAR|ST|1",1,0,FALSE
2005,"BHILWARA|ASIND|GEN|0",12,4,TRUE
2005,"BHILWARA|ASIND|GEN|1",11,5,TRUE
2005,"BHILWARA|ASIND|OBC|0",3,1,TRUE
2005,"BHILWARA|ASIND|OBC|1",4,1,TRUE
2005,"BHILWARA|ASIND|SC|0",4,0,FALSE
2005,"BHILWARA|ASIND|SC|1",2,2,FALSE
2005,"BHILWARA|ASIND|ST|0",2,0,FALSE
2005,"BHILWARA|ASIND|ST|1",1,1,FALSE
2005,"BHILWARA|HURDA|GEN|0",4,1,TRUE
2005,"BHILWARA|HURDA|GEN|1",6,3,TRUE
2005,"BHILWARA|HURDA|OBC|0",3,1,TRUE
2005,"BHILWARA|HURDA|OBC|1",1,0,FALSE
2005,"BHILWARA|HURDA|SC|0",2,1,TRUE
2005,"BHILWARA|HURDA|ST|1",1,0,FALSE
2005,"BHILWARA|KOTRI|GEN|0",7,1,TRUE
2005,"BHILWARA|KOTRI|GEN|1",9,3,TRUE
2005,"BHILWARA|KOTRI|OBC|0",5,1,TRUE
2005,"BHILWARA|KOTRI|OBC|1",1,0,FALSE
2005,"BHILWARA|KOTRI|SC|0",3,1,TRUE
2005,"BHILWARA|KOTRI|SC|1",3,1,TRUE
2005,"BHILWARA|KOTRI|ST|1",2,1,TRUE
2005,"BHILWARA|MANDAL|GEN|0",16,7,TRUE
2005,"BHILWARA|MANDAL|GEN|1",11,2,TRUE
2005,"BHILWARA|MANDAL|OBC|0",4,3,TRUE
2005,"BHILWARA|MANDAL|OBC|1",6,0,FALSE
2005,"BHILWARA|MANDAL|SC|0",2,0,FALSE
2005,"BHILWARA|MANDAL|SC|1",3,1,TRUE
2005,"BHILWARA|MANDAL|ST|1",1,0,FALSE
2005,"BHILWARA|RAIPUR|GEN|0",5,3,TRUE
2005,"BHILWARA|RAIPUR|GEN|1",7,1,TRUE
2005,"BHILWARA|RAIPUR|OBC|0",3,1,TRUE
2005,"BHILWARA|RAIPUR|OBC|1",1,0,FALSE
2005,"BHILWARA|RAIPUR|SC|0",1,0,FALSE
2005,"BHILWARA|RAIPUR|SC|1",1,0,FALSE
2005,"BHILWARA|RAIPUR|ST|0",1,0,FALSE
2005,"BHILWARA|SHAHPURA|GEN|0",7,4,TRUE
2005,"BHILWARA|SHAHPURA|GEN|1",8,1,TRUE
2005,"BHILWARA|SHAHPURA|OBC|0",2,1,TRUE
2005,"BHILWARA|SHAHPURA|OBC|1",5,2,TRUE
2005,"BHILWARA|SHAHPURA|SC|0",3,1,TRUE
2005,"BHILWARA|SHAHPURA|SC|1",4,2,TRUE
2005,"BHILWARA|SHAHPURA|ST|0",4,1,TRUE
2005,"BHILWARA|SUWANA|GEN|0",7,3,TRUE
2005,"BHILWARA|SUWANA|GEN|1",9,3,TRUE
2005,"BHILWARA|SUWANA|OBC|0",4,2,TRUE
2005,"BHILWARA|SUWANA|OBC|1",2,0,FALSE
2005,"BHILWARA|SUWANA|SC|0",3,1,TRUE
2005,"BHILWARA|SUWANA|SC|1",3,1,TRUE
2005,"BHILWARA|SUWANA|ST|1",1,0,FALSE
2005,"BIKANER|BIKANER|GEN|0",6,1,TRUE
2005,"BIKANER|BIKANER|GEN|1",8,3,TRUE
2005,"BIKANER|BIKANER|OBC|0",2,0,FALSE
2005,"BIKANER|BIKANER|OBC|1",3,2,TRUE
2005,"BIKANER|BIKANER|SC|0",7,2,TRUE
2005,"BIKANER|BIKANER|SC|1",2,1,TRUE
2005,"BIKANER|DUNGARGARH|GEN|0",8,4,TRUE
2005,"BIKANER|DUNGARGARH|GEN|1",3,0,FALSE
2005,"BIKANER|DUNGARGARH|OBC|0",3,1,TRUE
2005,"BIKANER|DUNGARGARH|OBC|1",2,1,TRUE
2005,"BIKANER|DUNGARGARH|SC|0",1,1,FALSE
2005,"BIKANER|DUNGARGARH|SC|1",4,1,TRUE
2005,"BIKANER|KOLAYAT|GEN|0",7,1,TRUE
2005,"BIKANER|KOLAYAT|GEN|1",3,1,TRUE
2005,"BIKANER|KOLAYAT|OBC|0",3,2,TRUE
2005,"BIKANER|KOLAYAT|OBC|1",3,1,TRUE
2005,"BIKANER|KOLAYAT|SC|0",4,2,TRUE
2005,"BIKANER|KOLAYAT|SC|1",4,1,TRUE
2005,"BIKANER|LUNKARANSAR|GEN|0",15,6,TRUE
2005,"BIKANER|LUNKARANSAR|GEN|1",5,1,TRUE
2005,"BIKANER|LUNKARANSAR|OBC|0",5,1,TRUE
2005,"BIKANER|LUNKARANSAR|OBC|1",1,1,FALSE
2005,"BIKANER|LUNKARANSAR|SC|0",5,1,TRUE
2005,"BIKANER|LUNKARANSAR|SC|1",1,0,FALSE
2005,"BIKANER|NOKHA|GEN|0",5,1,TRUE
2005,"BIKANER|NOKHA|GEN|1",6,1,TRUE
2005,"BIKANER|NOKHA|OBC|0",4,1,TRUE
2005,"BIKANER|NOKHA|OBC|1",1,0,FALSE
2005,"BIKANER|NOKHA|SC|1",5,3,TRUE
2005,"BUNDI|HINDOLI|GEN|0",9,3,TRUE
2005,"BUNDI|HINDOLI|GEN|1",10,4,TRUE
2005,"BUNDI|HINDOLI|OBC|0",2,1,TRUE
2005,"BUNDI|HINDOLI|OBC|1",2,1,TRUE
2005,"BUNDI|HINDOLI|SC|0",4,0,FALSE
2005,"BUNDI|HINDOLI|SC|1",3,2,TRUE
2005,"BUNDI|HINDOLI|ST|0",4,2,TRUE
2005,"BUNDI|HINDOLI|ST|1",3,0,FALSE
2005,"CHITTORGARH|BEGUN|GEN|0",8,3,TRUE
2005,"CHITTORGARH|BEGUN|GEN|1",8,3,TRUE
2005,"CHITTORGARH|BEGUN|OBC|0",4,2,TRUE
2005,"CHITTORGARH|BEGUN|OBC|1",2,0,FALSE
2005,"CHITTORGARH|BEGUN|SC|0",1,1,FALSE
2005,"CHITTORGARH|BEGUN|SC|1",2,1,TRUE
2005,"CHITTORGARH|BEGUN|ST|0",1,0,FALSE
2005,"CHITTORGARH|BEGUN|ST|1",2,1,TRUE
2005,"CHITTORGARH|BHADESAR|GEN|0",6,1,TRUE
2005,"CHITTORGARH|BHADESAR|GEN|1",7,3,TRUE
2005,"CHITTORGARH|BHADESAR|OBC|0",2,1,TRUE
2005,"CHITTORGARH|BHADESAR|OBC|1",2,1,TRUE
2005,"CHITTORGARH|BHADESAR|SC|0",4,1,TRUE
2005,"CHITTORGARH|BHADESAR|ST|0",1,1,FALSE
2005,"CHITTORGARH|BHADESAR|ST|1",1,0,FALSE
2005,"CHITTORGARH|CHHITORGARH|GEN|0",10,2,TRUE
2005,"CHITTORGARH|CHHITORGARH|GEN|1",7,3,TRUE
2005,"CHITTORGARH|CHHITORGARH|OBC|0",4,2,TRUE
2005,"CHITTORGARH|CHHITORGARH|OBC|1",4,1,TRUE
2005,"CHITTORGARH|CHHITORGARH|SC|0",3,1,TRUE
2005,"CHITTORGARH|CHHITORGARH|SC|1",3,0,FALSE
2005,"CHITTORGARH|CHHITORGARH|ST|0",1,1,FALSE
2005,"CHITTORGARH|CHHITORGARH|ST|1",2,1,TRUE
2005,"CHITTORGARH|GANGRAR|GEN|0",6,4,TRUE
2005,"CHITTORGARH|GANGRAR|GEN|1",5,1,TRUE
2005,"CHITTORGARH|GANGRAR|OBC|0",2,0,FALSE
2005,"CHITTORGARH|GANGRAR|OBC|1",2,1,TRUE
2005,"CHITTORGARH|GANGRAR|SC|0",2,0,FALSE
2005,"CHITTORGARH|GANGRAR|SC|1",2,1,TRUE
2005,"CHITTORGARH|GANGRAR|ST|1",1,0,FALSE
2005,"CHITTORGARH|KAPASAN|GEN|0",6,2,TRUE
2005,"CHITTORGARH|KAPASAN|GEN|1",6,2,TRUE
2005,"CHITTORGARH|KAPASAN|OBC|0",1,1,FALSE
2005,"CHITTORGARH|KAPASAN|OBC|1",4,1,TRUE
2005,"CHITTORGARH|KAPASAN|SC|0",4,1,TRUE
2005,"CHITTORGARH|KAPASAN|ST|0",1,0,FALSE
2005,"CHITTORGARH|KAPASAN|ST|1",1,1,FALSE
2005,"CHITTORGARH|RASHMI|GEN|0",7,3,TRUE
2005,"CHITTORGARH|RASHMI|GEN|1",4,1,TRUE
2005,"CHITTORGARH|RASHMI|OBC|0",2,0,FALSE
2005,"CHITTORGARH|RASHMI|OBC|1",2,1,TRUE
2005,"CHITTORGARH|RASHMI|SC|0",3,2,TRUE
2005,"CHITTORGARH|RASHMI|SC|1",1,0,FALSE
2005,"CHITTORGARH|RASHMI|ST|1",1,0,FALSE
2005,"CHURU|CHURU|GEN|0",12,5,TRUE
2005,"CHURU|CHURU|GEN|1",5,0,FALSE
2005,"CHURU|CHURU|OBC|0",3,0,FALSE
2005,"CHURU|CHURU|OBC|1",4,2,TRUE
2005,"CHURU|CHURU|SC|0",2,0,FALSE
2005,"CHURU|CHURU|SC|1",5,2,TRUE
2005,"CHURU|RAJGARH|GEN|0",19,6,TRUE
2005,"CHURU|RAJGARH|GEN|1",11,4,TRUE
2005,"CHURU|RAJGARH|OBC|0",4,0,FALSE
2005,"CHURU|RAJGARH|OBC|1",6,3,TRUE
2005,"CHURU|RAJGARH|SC|0",5,1,TRUE
2005,"CHURU|RAJGARH|SC|1",7,3,TRUE
2005,"CHURU|RAJGARH|ST|1",1,0,FALSE
2005,"CHURU|RATANGARH|GEN|0",7,3,TRUE
2005,"CHURU|RATANGARH|GEN|1",7,4,TRUE
2005,"CHURU|RATANGARH|OBC|0",5,1,TRUE
2005,"CHURU|RATANGARH|OBC|1",1,1,FALSE
2005,"CHURU|RATANGARH|SC|0",4,0,FALSE
2005,"CHURU|RATANGARH|SC|1",2,2,FALSE
2005,"CHURU|SUJANGARH|GEN|0",7,1,TRUE
2005,"CHURU|SUJANGARH|GEN|1",5,3,TRUE
2005,"CHURU|SUJANGARH|OBC|0",1,0,FALSE
2005,"CHURU|SUJANGARH|OBC|1",2,0,FALSE
2005,"CHURU|SUJANGARH|SC|0",8,5,TRUE
2005,"CHURU|SUJANGARH|SC|1",2,0,FALSE
2005,"CHURU|TARANAGAR|GEN|0",4,1,TRUE
2005,"CHURU|TARANAGAR|GEN|1",9,2,TRUE
2005,"CHURU|TARANAGAR|OBC|0",4,2,TRUE
2005,"CHURU|TARANAGAR|OBC|1",2,0,FALSE
2005,"CHURU|TARANAGAR|SC|0",4,1,TRUE
2005,"CHURU|TARANAGAR|SC|1",2,1,TRUE
2005,"DAUSA|BANDIKUI|GEN|0",9,1,TRUE
2005,"DAUSA|BANDIKUI|GEN|1",9,5,TRUE
2005,"DAUSA|BANDIKUI|OBC|0",3,0,FALSE
2005,"DAUSA|BANDIKUI|OBC|1",1,1,FALSE
2005,"DAUSA|BANDIKUI|SC|0",4,1,TRUE
2005,"DAUSA|BANDIKUI|SC|1",4,2,TRUE
2005,"DAUSA|BANDIKUI|ST|0",3,1,TRUE
2005,"DAUSA|BANDIKUI|ST|1",5,2,TRUE
2005,"DAUSA|DAUSA|GEN|0",8,2,TRUE
2005,"DAUSA|DAUSA|GEN|1",10,3,TRUE
2005,"DAUSA|DAUSA|OBC|0",1,0,FALSE
2005,"DAUSA|DAUSA|SC|0",6,3,TRUE
2005,"DAUSA|DAUSA|SC|1",4,0,FALSE
2005,"DAUSA|DAUSA|ST|0",5,0,FALSE
2005,"DAUSA|DAUSA|ST|1",5,3,TRUE
2005,"DAUSA|LALSOT|GEN|0",5,2,TRUE
2005,"DAUSA|LALSOT|GEN|1",8,2,TRUE
2005,"DAUSA|LALSOT|OBC|1",1,0,FALSE
2005,"DAUSA|LALSOT|SC|0",5,2,TRUE
2005,"DAUSA|LALSOT|SC|1",4,1,TRUE
2005,"DAUSA|LALSOT|ST|0",12,4,TRUE
2005,"DAUSA|LALSOT|ST|1",7,2,TRUE
2005,"DAUSA|SIKRAI|GEN|0",11,4,TRUE
2005,"DAUSA|SIKRAI|GEN|1",9,4,TRUE
2005,"DAUSA|SIKRAI|OBC|0",1,0,FALSE
2005,"DAUSA|SIKRAI|SC|0",4,2,TRUE
2005,"DAUSA|SIKRAI|SC|1",4,1,TRUE
2005,"DAUSA|SIKRAI|ST|0",4,1,TRUE
2005,"DAUSA|SIKRAI|ST|1",5,1,TRUE
2005,"DHOLPUR|BARI|GEN|0",12,3,TRUE
2005,"DHOLPUR|BARI|GEN|1",4,2,TRUE
2005,"DHOLPUR|BARI|OBC|0",1,1,FALSE
2005,"DHOLPUR|BARI|OBC|1",4,1,TRUE
2005,"DHOLPUR|BARI|SC|0",2,1,TRUE
2005,"DHOLPUR|BARI|SC|1",5,1,TRUE
2005,"DHOLPUR|BARI|ST|0",1,1,FALSE
2005,"DHOLPUR|BARI|ST|1",2,0,FALSE
2005,"DUNGARPUR|ASPUR|ST|0",7,2,TRUE
2005,"DUNGARPUR|ASPUR|ST|1",8,4,TRUE
2005,"DUNGARPUR|BICHHIWARA|ST|0",11,3,TRUE
2005,"DUNGARPUR|BICHHIWARA|ST|1",11,5,TRUE
2005,"DUNGARPUR|DUNGARPUR|ST|0",7,3,TRUE
2005,"DUNGARPUR|DUNGARPUR|ST|1",6,1,TRUE
2005,"DUNGARPUR|SAGWARA|ST|0",12,4,TRUE
2005,"DUNGARPUR|SAGWARA|ST|1",18,7,TRUE
2005,"GANGANAGAR|ANUPGARH|GEN|0",1,0,FALSE
2005,"GANGANAGAR|ANUPGARH|GEN|1",3,1,TRUE
2005,"GANGANAGAR|ANUPGARH|SC|0",1,0,FALSE
2005,"GANGANAGAR|ANUPGARH|SC|1",3,1,TRUE
2005,"GANGANAGAR|GANGANAGAR|GEN|0",9,3,TRUE
2005,"GANGANAGAR|GANGANAGAR|GEN|1",4,0,FALSE
2005,"GANGANAGAR|GANGANAGAR|OBC|1",3,0,FALSE
2005,"GANGANAGAR|GANGANAGAR|SC|0",3,1,TRUE
2005,"GANGANAGAR|GANGANAGAR|SC|1",5,0,FALSE
2005,"GANGANAGAR|KARANPUR|GEN|0",4,0,FALSE
2005,"GANGANAGAR|KARANPUR|GEN|1",5,2,TRUE
2005,"GANGANAGAR|KARANPUR|OBC|1",1,0,FALSE
2005,"GANGANAGAR|KARANPUR|SC|0",5,1,TRUE
2005,"GANGANAGAR|KARANPUR|SC|1",2,2,FALSE
2005,"GANGANAGAR|PADAMPUR|GEN|1",5,1,TRUE
2005,"GANGANAGAR|PADAMPUR|OBC|0",2,1,TRUE
2005,"GANGANAGAR|RAISINGHNAGAR|GEN|0",6,2,TRUE
2005,"GANGANAGAR|RAISINGHNAGAR|GEN|1",3,0,FALSE
2005,"GANGANAGAR|RAISINGHNAGAR|OBC|0",1,0,FALSE
2005,"GANGANAGAR|RAISINGHNAGAR|OBC|1",1,0,FALSE
2005,"GANGANAGAR|RAISINGHNAGAR|SC|0",4,0,FALSE
2005,"GANGANAGAR|SADULSHAHAR|GEN|0",5,2,TRUE
2005,"GANGANAGAR|SADULSHAHAR|GEN|1",7,2,TRUE
2005,"GANGANAGAR|SADULSHAHAR|OBC|0",2,0,FALSE
2005,"GANGANAGAR|SADULSHAHAR|OBC|1",1,1,FALSE
2005,"GANGANAGAR|SADULSHAHAR|SC|0",3,1,TRUE
2005,"GANGANAGAR|SADULSHAHAR|SC|1",3,1,TRUE
2005,"GANGANAGAR|SURATGARH|GEN|0",6,3,TRUE
2005,"GANGANAGAR|SURATGARH|GEN|1",9,5,TRUE
2005,"GANGANAGAR|SURATGARH|OBC|0",3,0,FALSE
2005,"GANGANAGAR|SURATGARH|OBC|1",2,2,FALSE
2005,"GANGANAGAR|SURATGARH|SC|0",5,3,TRUE
2005,"GANGANAGAR|SURATGARH|SC|1",3,1,TRUE
2005,"HANUMANGARH|BHADRA|GEN|0",16,6,TRUE
2005,"HANUMANGARH|BHADRA|GEN|1",11,5,TRUE
2005,"HANUMANGARH|BHADRA|OBC|0",4,1,TRUE
2005,"HANUMANGARH|BHADRA|OBC|1",5,0,FALSE
2005,"HANUMANGARH|BHADRA|SC|0",2,0,FALSE
2005,"HANUMANGARH|BHADRA|SC|1",6,4,TRUE
2005,"HANUMANGARH|HANUMANGARH|GEN|0",10,3,TRUE
2005,"HANUMANGARH|HANUMANGARH|GEN|1",4,1,TRUE
2005,"HANUMANGARH|HANUMANGARH|OBC|0",1,0,FALSE
2005,"HANUMANGARH|HANUMANGARH|OBC|1",2,1,TRUE
2005,"HANUMANGARH|HANUMANGARH|SC|0",1,0,FALSE
2005,"HANUMANGARH|HANUMANGARH|SC|1",8,4,TRUE
2005,"HANUMANGARH|NOHAR|GEN|0",17,9,TRUE
2005,"HANUMANGARH|NOHAR|GEN|1",8,3,TRUE
2005,"HANUMANGARH|NOHAR|OBC|0",2,0,FALSE
2005,"HANUMANGARH|NOHAR|OBC|1",5,1,TRUE
2005,"HANUMANGARH|NOHAR|SC|0",4,1,TRUE
2005,"HANUMANGARH|NOHAR|SC|1",8,2,TRUE
2005,"JAIPUR|BASSI|GEN|0",6,2,TRUE
2005,"JAIPUR|BASSI|GEN|1",9,4,TRUE
2005,"JAIPUR|BASSI|OBC|1",1,0,FALSE
2005,"JAIPUR|BASSI|SC|0",2,0,FALSE
2005,"JAIPUR|BASSI|SC|1",4,3,TRUE
2005,"JAIPUR|BASSI|ST|0",7,2,TRUE
2005,"JAIPUR|BASSI|ST|1",3,1,TRUE
2005,"JAIPUR|CHAKSU|GEN|0",6,2,TRUE
2005,"JAIPUR|CHAKSU|GEN|1",5,2,TRUE
2005,"JAIPUR|CHAKSU|OBC|0",1,0,FALSE
2005,"JAIPUR|CHAKSU|SC|0",3,0,FALSE
2005,"JAIPUR|CHAKSU|SC|1",2,2,FALSE
2005,"JAIPUR|CHAKSU|ST|0",2,1,TRUE
2005,"JAIPUR|CHAKSU|ST|1",4,2,TRUE
2005,"JAIPUR|DUDU|GEN|0",10,2,TRUE
2005,"JAIPUR|DUDU|GEN|1",13,7,TRUE
2005,"JAIPUR|DUDU|OBC|0",3,1,TRUE
2005,"JAIPUR|DUDU|OBC|1",4,2,TRUE
2005,"JAIPUR|DUDU|SC|0",3,1,TRUE
2005,"JAIPUR|DUDU|SC|1",6,2,TRUE
2005,"JAIPUR|GOVINDGARH|GEN|0",11,4,TRUE
2005,"JAIPUR|GOVINDGARH|GEN|1",13,4,TRUE
2005,"JAIPUR|GOVINDGARH|OBC|0",3,1,TRUE
2005,"JAIPUR|GOVINDGARH|OBC|1",5,2,TRUE
2005,"JAIPUR|GOVINDGARH|SC|0",4,1,TRUE
2005,"JAIPUR|GOVINDGARH|SC|1",1,1,FALSE
2005,"JAIPUR|GOVINDGARH|ST|0",1,1,FALSE
2005,"JAIPUR|JAMWA RAMGARH|GEN|0",11,5,TRUE
2005,"JAIPUR|JAMWA RAMGARH|GEN|1",9,2,TRUE
2005,"JAIPUR|JAMWA RAMGARH|SC|0",3,1,TRUE
2005,"JAIPUR|JAMWA RAMGARH|SC|1",4,1,TRUE
2005,"JAIPUR|JAMWA RAMGARH|ST|0",5,1,TRUE
2005,"JAIPUR|JAMWA RAMGARH|ST|1",4,3,TRUE
2005,"JAIPUR|JHOTWARA|GEN|0",4,1,TRUE
2005,"JAIPUR|JHOTWARA|GEN|1",4,1,TRUE
2005,"JAIPUR|JHOTWARA|OBC|0",1,0,FALSE
2005,"JAIPUR|JHOTWARA|OBC|1",2,1,TRUE
2005,"JAIPUR|JHOTWARA|SC|0",1,0,FALSE
2005,"JAIPUR|JHOTWARA|SC|1",2,1,TRUE
2005,"JAIPUR|KOTPUTLI|GEN|0",4,3,TRUE
2005,"JAIPUR|KOTPUTLI|GEN|1",8,0,FALSE
2005,"JAIPUR|KOTPUTLI|OBC|0",2,0,FALSE
2005,"JAIPUR|KOTPUTLI|OBC|1",1,1,FALSE
2005,"JAIPUR|KOTPUTLI|SC|0",2,1,TRUE
2005,"JAIPUR|KOTPUTLI|SC|1",2,0,FALSE
2005,"JAIPUR|KOTPUTLI|ST|0",2,1,TRUE
2005,"JAIPUR|SANGANER|GEN|0",4,2,TRUE
2005,"JAIPUR|SANGANER|GEN|1",8,1,TRUE
2005,"JAIPUR|SANGANER|OBC|0",3,1,TRUE
2005,"JAIPUR|SANGANER|OBC|1",1,1,FALSE
2005,"JAIPUR|SANGANER|SC|0",4,1,TRUE
2005,"JAIPUR|SANGANER|SC|1",1,1,FALSE
2005,"JAIPUR|SANGANER|ST|0",2,1,TRUE
2005,"JAIPUR|SANGANER|ST|1",1,0,FALSE
2005,"JAIPUR|SHAHPURA|GEN|0",7,3,TRUE
2005,"JAIPUR|SHAHPURA|GEN|1",8,3,TRUE
2005,"JAIPUR|SHAHPURA|OBC|0",4,1,TRUE
2005,"JAIPUR|SHAHPURA|OBC|1",2,1,TRUE
2005,"JAIPUR|SHAHPURA|SC|0",3,1,TRUE
2005,"JAIPUR|SHAHPURA|SC|1",1,1,FALSE
2005,"JAIPUR|SHAHPURA|ST|0",1,0,FALSE
2005,"JAIPUR|VIRATNAGAR|GEN|0",5,1,TRUE
2005,"JAIPUR|VIRATNAGAR|GEN|1",4,1,TRUE
2005,"JAIPUR|VIRATNAGAR|OBC|0",1,0,FALSE
2005,"JAIPUR|VIRATNAGAR|OBC|1",2,1,TRUE
2005,"JAIPUR|VIRATNAGAR|SC|0",3,0,FALSE
2005,"JAIPUR|VIRATNAGAR|SC|1",2,1,TRUE
2005,"JAIPUR|VIRATNAGAR|ST|0",1,0,FALSE
2005,"JAISALMER|JAISALMER|GEN|0",8,2,TRUE
2005,"JAISALMER|JAISALMER|GEN|1",10,4,TRUE
2005,"JAISALMER|JAISALMER|OBC|0",4,2,TRUE
2005,"JAISALMER|JAISALMER|OBC|1",4,1,TRUE
2005,"JAISALMER|JAISALMER|SC|0",6,2,TRUE
2005,"JAISALMER|JAISALMER|SC|1",1,0,FALSE
2005,"JAISALMER|JAISALMER|ST|0",1,1,FALSE
2005,"JAISALMER|JAISALMER|ST|1",1,0,FALSE
2005,"JAISALMER|SAM|GEN|0",13,4,TRUE
2005,"JAISALMER|SAM|GEN|1",15,5,TRUE
2005,"JAISALMER|SAM|OBC|0",6,1,TRUE
2005,"JAISALMER|SAM|OBC|1",3,2,TRUE
2005,"JAISALMER|SAM|SC|0",3,0,FALSE
2005,"JAISALMER|SAM|SC|1",5,3,TRUE
2005,"JAISALMER|SAM|ST|1",1,0,FALSE
2005,"JAISALMER|SANKRA|GEN|0",10,3,TRUE
2005,"JAISALMER|SANKRA|GEN|1",11,3,TRUE
2005,"JAISALMER|SANKRA|OBC|0",3,1,TRUE
2005,"JAISALMER|SANKRA|OBC|1",4,2,TRUE
2005,"JAISALMER|SANKRA|SC|0",1,0,FALSE
2005,"JAISALMER|SANKRA|SC|1",2,1,TRUE
2005,"JAISALMER|SANKRA|ST|0",2,1,TRUE
2005,"JALORE|BHINMAL|GEN|0",10,4,TRUE
2005,"JALORE|BHINMAL|GEN|1",11,4,TRUE
2005,"JALORE|BHINMAL|OBC|0",2,1,TRUE
2005,"JALORE|BHINMAL|OBC|1",5,1,TRUE
2005,"JALORE|BHINMAL|SC|0",4,1,TRUE
2005,"JALORE|BHINMAL|ST|0",1,0,FALSE
2005,"JALORE|BHINMAL|ST|1",1,0,FALSE
2005,"JALORE|RANIWARA|GEN|0",10,5,TRUE
2005,"JALORE|RANIWARA|GEN|1",1,0,FALSE
2005,"JALORE|RANIWARA|OBC|0",4,2,TRUE
2005,"JALORE|RANIWARA|OBC|1",1,0,FALSE
2005,"JALORE|RANIWARA|SC|0",4,1,TRUE
2005,"JALORE|RANIWARA|SC|1",2,1,TRUE
2005,"JALORE|RANIWARA|ST|0",4,1,TRUE
2005,"JHALAWAR|BAKANI|GEN|0",3,1,TRUE
2005,"JHALAWAR|BAKANI|GEN|1",3,2,TRUE
2005,"JHALAWAR|BAKANI|OBC|0",2,0,FALSE
2005,"JHALAWAR|BAKANI|OBC|1",2,1,TRUE
2005,"JHALAWAR|BAKANI|SC|0",1,0,FALSE
2005,"JHALAWAR|BAKANI|ST|0",1,0,FALSE
2005,"JHALAWAR|BAKANI|ST|1",2,1,TRUE
2005,"JHALAWAR|JHALRAPATAN|GEN|0",1,0,FALSE
2005,"JHALAWAR|JHALRAPATAN|GEN|1",7,4,TRUE
2005,"JHALAWAR|JHALRAPATAN|OBC|0",1,0,FALSE
2005,"JHALAWAR|JHALRAPATAN|OBC|1",1,0,FALSE
2005,"JHALAWAR|JHALRAPATAN|SC|0",5,2,TRUE
2005,"JHALAWAR|JHALRAPATAN|ST|1",3,2,TRUE
2005,"JHALAWAR|KHANPUR|GEN|0",5,3,TRUE
2005,"JHALAWAR|KHANPUR|GEN|1",9,2,TRUE
2005,"JHALAWAR|KHANPUR|OBC|0",4,1,TRUE
2005,"JHALAWAR|KHANPUR|OBC|1",1,0,FALSE
2005,"JHALAWAR|KHANPUR|SC|0",2,1,TRUE
2005,"JHALAWAR|KHANPUR|SC|1",3,2,TRUE
2005,"JHALAWAR|KHANPUR|ST|0",3,2,TRUE
2005,"JHALAWAR|KHANPUR|ST|1",1,0,FALSE
2005,"JHUNJHUNU|ALSISAR|GEN|0",8,2,TRUE
2005,"JHUNJHUNU|ALSISAR|GEN|1",10,5,TRUE
2005,"JHUNJHUNU|ALSISAR|OBC|0",6,2,TRUE
2005,"JHUNJHUNU|ALSISAR|OBC|1",1,0,FALSE
2005,"JHUNJHUNU|ALSISAR|SC|0",3,1,TRUE
2005,"JHUNJHUNU|ALSISAR|ST|1",1,0,FALSE
2005,"JHUNJHUNU|BUHANA|GEN|0",15,5,TRUE
2005,"JHUNJHUNU|BUHANA|GEN|1",9,3,TRUE
2005,"JHUNJHUNU|BUHANA|OBC|0",4,1,TRUE
2005,"JHUNJHUNU|BUHANA|OBC|1",5,2,TRUE
2005,"JHUNJHUNU|BUHANA|SC|0",2,1,TRUE
2005,"JHUNJHUNU|BUHANA|SC|1",5,1,TRUE
2005,"JHUNJHUNU|CHIRAWA|GEN|0",9,4,TRUE
2005,"JHUNJHUNU|CHIRAWA|GEN|1",6,2,TRUE
2005,"JHUNJHUNU|CHIRAWA|OBC|0",2,0,FALSE
2005,"JHUNJHUNU|CHIRAWA|OBC|1",3,1,TRUE
2005,"JHUNJHUNU|CHIRAWA|SC|0",3,2,TRUE
2005,"JHUNJHUNU|CHIRAWA|SC|1",1,0,FALSE
2005,"JHUNJHUNU|JHUNJHUNU|GEN|0",10,4,TRUE
2005,"JHUNJHUNU|JHUNJHUNU|GEN|1",8,2,TRUE
2005,"JHUNJHUNU|JHUNJHUNU|OBC|0",4,0,FALSE
2005,"JHUNJHUNU|JHUNJHUNU|OBC|1",3,2,TRUE
2005,"JHUNJHUNU|JHUNJHUNU|SC|0",3,1,TRUE
2005,"JHUNJHUNU|JHUNJHUNU|SC|1",4,1,TRUE
2005,"JHUNJHUNU|JHUNJHUNU|ST|0",1,0,FALSE
2005,"JHUNJHUNU|KHETRI|GEN|0",9,2,TRUE
2005,"JHUNJHUNU|KHETRI|GEN|1",12,6,TRUE
2005,"JHUNJHUNU|KHETRI|OBC|0",6,3,TRUE
2005,"JHUNJHUNU|KHETRI|OBC|1",2,0,FALSE
2005,"JHUNJHUNU|KHETRI|SC|0",3,1,TRUE
2005,"JHUNJHUNU|KHETRI|SC|1",2,1,TRUE
2005,"JHUNJHUNU|KHETRI|ST|0",1,0,FALSE
2005,"JHUNJHUNU|NAWALGARH|GEN|0",8,4,TRUE
2005,"JHUNJHUNU|NAWALGARH|GEN|1",12,5,TRUE
2005,"JHUNJHUNU|NAWALGARH|OBC|0",4,1,TRUE
2005,"JHUNJHUNU|NAWALGARH|OBC|1",3,1,TRUE
2005,"JHUNJHUNU|NAWALGARH|SC|0",4,1,TRUE
2005,"JHUNJHUNU|NAWALGARH|ST|0",1,0,FALSE
2005,"JHUNJHUNU|SURAJGARH|GEN|0",11,2,TRUE
2005,"JHUNJHUNU|SURAJGARH|GEN|1",9,4,TRUE
2005,"JHUNJHUNU|SURAJGARH|OBC|0",3,0,FALSE
2005,"JHUNJHUNU|SURAJGARH|OBC|1",5,3,TRUE
2005,"JHUNJHUNU|SURAJGARH|SC|0",3,1,TRUE
2005,"JHUNJHUNU|SURAJGARH|SC|1",2,0,FALSE
2005,"JHUNJHUNU|UDAIPURWATI|GEN|0",12,4,TRUE
2005,"JHUNJHUNU|UDAIPURWATI|GEN|1",9,3,TRUE
2005,"JHUNJHUNU|UDAIPURWATI|OBC|0",2,0,FALSE
2005,"JHUNJHUNU|UDAIPURWATI|OBC|1",5,3,TRUE
2005,"JHUNJHUNU|UDAIPURWATI|SC|0",3,1,TRUE
2005,"JHUNJHUNU|UDAIPURWATI|SC|1",1,0,FALSE
2005,"JODHPUR|BALESAR|GEN|0",8,2,TRUE
2005,"JODHPUR|BALESAR|GEN|1",4,2,TRUE
2005,"JODHPUR|BALESAR|OBC|0",4,1,TRUE
2005,"JODHPUR|BALESAR|OBC|1",1,0,FALSE
2005,"JODHPUR|BALESAR|SC|0",1,0,FALSE
2005,"JODHPUR|BALESAR|SC|1",3,1,TRUE
2005,"JODHPUR|BAP|GEN|0",6,2,TRUE
2005,"JODHPUR|BAP|GEN|1",9,4,TRUE
2005,"JODHPUR|BAP|OBC|0",4,2,TRUE
2005,"JODHPUR|BAP|OBC|1",1,0,FALSE
2005,"JODHPUR|BAP|SC|0",3,2,TRUE
2005,"JODHPUR|BAP|SC|1",1,0,FALSE
2005,"JODHPUR|BAP|ST|0",1,0,FALSE
2005,"JODHPUR|BHOPALGARH|GEN|0",3,0,FALSE
2005,"JODHPUR|BHOPALGARH|GEN|1",3,2,TRUE
2005,"JODHPUR|BHOPALGARH|OBC|0",2,1,TRUE
2005,"JODHPUR|BHOPALGARH|OBC|1",2,0,FALSE
2005,"JODHPUR|BHOPALGARH|SC|0",2,0,FALSE
2005,"JODHPUR|BHOPALGARH|SC|1",3,1,TRUE
2005,"JODHPUR|LUNI|GEN|0",11,4,TRUE
2005,"JODHPUR|LUNI|GEN|1",13,4,TRUE
2005,"JODHPUR|LUNI|OBC|0",6,2,TRUE
2005,"JODHPUR|LUNI|OBC|1",1,1,FALSE
2005,"JODHPUR|LUNI|SC|0",3,2,TRUE
2005,"JODHPUR|LUNI|SC|1",2,0,FALSE
2005,"JODHPUR|LUNI|ST|1",1,0,FALSE
2005,"JODHPUR|MANDOR|GEN|0",7,3,TRUE
2005,"JODHPUR|MANDOR|GEN|1",6,1,TRUE
2005,"JODHPUR|MANDOR|OBC|0",3,1,TRUE
2005,"JODHPUR|MANDOR|OBC|1",1,0,FALSE
2005,"JODHPUR|MANDOR|SC|0",2,0,FALSE
2005,"JODHPUR|MANDOR|SC|1",2,1,TRUE
2005,"JODHPUR|MANDOR|ST|0",1,0,FALSE
2005,"JODHPUR|OSIAN|GEN|0",1,0,FALSE
2005,"JODHPUR|OSIAN|GEN|1",2,1,TRUE
2005,"JODHPUR|OSIAN|OBC|0",4,0,FALSE
2005,"JODHPUR|OSIAN|OBC|1",1,1,FALSE
2005,"JODHPUR|OSIAN|SC|0",1,0,FALSE
2005,"JODHPUR|OSIAN|ST|0",1,1,FALSE
2005,"JODHPUR|SHERGARH|GEN|0",4,3,TRUE
2005,"JODHPUR|SHERGARH|GEN|1",4,1,TRUE
2005,"JODHPUR|SHERGARH|OBC|0",1,0,FALSE
2005,"JODHPUR|SHERGARH|OBC|1",4,2,TRUE
2005,"JODHPUR|SHERGARH|SC|0",1,0,FALSE
2005,"JODHPUR|SHERGARH|ST|1",1,0,FALSE
2005,"KARAULI|HINDAUN|GEN|0",13,3,TRUE
2005,"KARAULI|HINDAUN|GEN|1",12,6,TRUE
2005,"KARAULI|HINDAUN|OBC|0",1,0,FALSE
2005,"KARAULI|HINDAUN|SC|0",6,2,TRUE
2005,"KARAULI|HINDAUN|SC|1",5,2,TRUE
2005,"KARAULI|HINDAUN|ST|0",4,2,TRUE
2005,"KARAULI|HINDAUN|ST|1",4,1,TRUE
2005,"KARAULI|KARAULI|GEN|0",14,6,TRUE
2005,"KARAULI|KARAULI|GEN|1",6,2,TRUE
2005,"KARAULI|KARAULI|OBC|0",2,1,TRUE
2005,"KARAULI|KARAULI|SC|0",5,0,FALSE
2005,"KARAULI|KARAULI|SC|1",4,2,TRUE
2005,"KARAULI|KARAULI|ST|0",2,1,TRUE
2005,"KARAULI|KARAULI|ST|1",4,1,TRUE
2005,"KARAULI|TODABHIM|GEN|0",6,4,TRUE
2005,"KARAULI|TODABHIM|GEN|1",9,2,TRUE
2005,"KARAULI|TODABHIM|OBC|0",1,0,FALSE
2005,"KARAULI|TODABHIM|SC|0",5,2,TRUE
2005,"KARAULI|TODABHIM|SC|1",4,1,TRUE
2005,"KARAULI|TODABHIM|ST|0",8,3,TRUE
2005,"KARAULI|TODABHIM|ST|1",6,1,TRUE
2005,"KOTA|ITAWA|GEN|0",3,1,TRUE
2005,"KOTA|ITAWA|GEN|1",8,2,TRUE
2005,"KOTA|ITAWA|SC|0",6,3,TRUE
2005,"KOTA|ITAWA|SC|1",1,0,FALSE
2005,"KOTA|ITAWA|ST|0",2,1,TRUE
2005,"KOTA|ITAWA|ST|1",2,1,TRUE
2005,"KOTA|LADPURA|GEN|0",5,3,TRUE
2005,"KOTA|LADPURA|GEN|1",4,1,TRUE
2005,"KOTA|LADPURA|OBC|0",2,1,TRUE
2005,"KOTA|LADPURA|OBC|1",2,0,FALSE
2005,"KOTA|LADPURA|SC|0",3,1,TRUE
2005,"KOTA|LADPURA|SC|1",1,0,FALSE
2005,"KOTA|LADPURA|ST|1",2,1,TRUE
2005,"KOTA|SANGOD|GEN|0",9,2,TRUE
2005,"KOTA|SANGOD|GEN|1",8,4,TRUE
2005,"KOTA|SANGOD|OBC|0",2,1,TRUE
2005,"KOTA|SANGOD|OBC|1",3,1,TRUE
2005,"KOTA|SANGOD|SC|0",4,1,TRUE
2005,"KOTA|SANGOD|SC|1",4,2,TRUE
2005,"KOTA|SANGOD|ST|0",2,1,TRUE
2005,"KOTA|SANGOD|ST|1",2,0,FALSE
2005,"KOTA|SULTANPUR|GEN|0",7,2,TRUE
2005,"KOTA|SULTANPUR|GEN|1",5,2,TRUE
2005,"KOTA|SULTANPUR|OBC|0",2,0,FALSE
2005,"KOTA|SULTANPUR|OBC|1",1,1,FALSE
2005,"KOTA|SULTANPUR|SC|0",2,1,TRUE
2005,"KOTA|SULTANPUR|SC|1",4,1,TRUE
2005,"KOTA|SULTANPUR|ST|0",1,0,FALSE
2005,"KOTA|SULTANPUR|ST|1",3,0,FALSE
2005,"NAGAUR|DEGANA|GEN|0",11,4,TRUE
2005,"NAGAUR|DEGANA|GEN|1",11,4,TRUE
2005,"NAGAUR|DEGANA|OBC|0",3,1,TRUE
2005,"NAGAUR|DEGANA|OBC|1",3,1,TRUE
2005,"NAGAUR|DEGANA|SC|0",4,1,TRUE
2005,"NAGAUR|DEGANA|SC|1",3,1,TRUE
2005,"NAGAUR|DIDWANA|GEN|0",9,1,TRUE
2005,"NAGAUR|DIDWANA|GEN|1",6,3,TRUE
2005,"NAGAUR|DIDWANA|OBC|0",1,1,FALSE
2005,"NAGAUR|DIDWANA|OBC|1",5,1,TRUE
2005,"NAGAUR|DIDWANA|SC|0",1,1,FALSE
2005,"NAGAUR|DIDWANA|SC|1",2,0,FALSE
2005,"NAGAUR|JAYAL|GEN|0",7,3,TRUE
2005,"NAGAUR|JAYAL|GEN|1",11,4,TRUE
2005,"NAGAUR|JAYAL|OBC|0",2,1,TRUE
2005,"NAGAUR|JAYAL|OBC|1",4,1,TRUE
2005,"NAGAUR|JAYAL|SC|0",5,3,TRUE
2005,"NAGAUR|JAYAL|SC|1",2,0,FALSE
2005,"NAGAUR|LADNU|GEN|0",8,2,TRUE
2005,"NAGAUR|LADNU|GEN|1",8,4,TRUE
2005,"NAGAUR|LADNU|OBC|0",3,2,TRUE
2005,"NAGAUR|LADNU|OBC|1",2,0,FALSE
2005,"NAGAUR|LADNU|SC|0",4,1,TRUE
2005,"NAGAUR|LADNU|SC|1",3,1,TRUE
2005,"NAGAUR|MAKRANA|GEN|0",9,2,TRUE
2005,"NAGAUR|MAKRANA|GEN|1",5,3,TRUE
2005,"NAGAUR|MAKRANA|OBC|0",3,1,TRUE
2005,"NAGAUR|MAKRANA|OBC|1",3,1,TRUE
2005,"NAGAUR|MAKRANA|SC|0",3,1,TRUE
2005,"NAGAUR|MAKRANA|SC|1",5,2,TRUE
2005,"NAGAUR|MERTA|GEN|0",8,2,TRUE
2005,"NAGAUR|MERTA|GEN|1",9,2,TRUE
2005,"NAGAUR|MERTA|OBC|0",2,1,TRUE
2005,"NAGAUR|MERTA|OBC|1",4,1,TRUE
2005,"NAGAUR|MERTA|SC|0",3,1,TRUE
2005,"NAGAUR|MERTA|SC|1",3,1,TRUE
2005,"NAGAUR|NAGAUR|GEN|0",5,4,TRUE
2005,"NAGAUR|NAGAUR|GEN|1",6,3,TRUE
2005,"NAGAUR|NAGAUR|OBC|0",4,1,TRUE
2005,"NAGAUR|NAGAUR|OBC|1",3,1,TRUE
2005,"NAGAUR|NAGAUR|SC|0",4,2,TRUE
2005,"NAGAUR|NAGAUR|SC|1",4,1,TRUE
2005,"NAGAUR|RIYAN|GEN|0",8,4,TRUE
2005,"NAGAUR|RIYAN|GEN|1",10,3,TRUE
2005,"NAGAUR|RIYAN|OBC|0",3,2,TRUE
2005,"NAGAUR|RIYAN|OBC|1",3,1,TRUE
2005,"NAGAUR|RIYAN|SC|0",3,1,TRUE
2005,"NAGAUR|RIYAN|SC|1",3,1,TRUE
2005,"PALI|BALI|GEN|0",9,5,TRUE
2005,"PALI|BALI|GEN|1",7,0,FALSE
2005,"PALI|BALI|OBC|0",1,1,FALSE
2005,"PALI|BALI|OBC|1",1,0,FALSE
2005,"PALI|BALI|SC|0",1,1,FALSE
2005,"PALI|BALI|SC|1",4,0,FALSE
2005,"PALI|BALI|ST|0",5,2,TRUE
2005,"PALI|BALI|ST|1",4,1,TRUE
2005,"PALI|DESURI|GEN|0",6,2,TRUE
2005,"PALI|DESURI|GEN|1",4,1,TRUE
2005,"PALI|DESURI|OBC|0",3,1,TRUE
2005,"PALI|DESURI|OBC|1",2,1,TRUE
2005,"PALI|DESURI|SC|0",1,0,FALSE
2005,"PALI|DESURI|SC|1",4,2,TRUE
2005,"PALI|DESURI|ST|0",1,0,FALSE
2005,"PALI|JAITARAN|GEN|0",10,4,TRUE
2005,"PALI|JAITARAN|GEN|1",7,2,TRUE
2005,"PALI|JAITARAN|OBC|0",3,1,TRUE
2005,"PALI|JAITARAN|OBC|1",4,1,TRUE
2005,"PALI|JAITARAN|SC|0",3,0,FALSE
2005,"PALI|JAITARAN|SC|1",4,2,TRUE
2005,"PALI|RAIPUR|GEN|0",10,4,TRUE
2005,"PALI|RAIPUR|GEN|1",11,4,TRUE
2005,"PALI|RAIPUR|OBC|0",2,0,FALSE
2005,"PALI|RAIPUR|OBC|1",4,2,TRUE
2005,"PALI|RAIPUR|SC|0",4,2,TRUE
2005,"PALI|RAIPUR|SC|1",1,0,FALSE
2005,"PALI|ROHAT|GEN|0",6,3,TRUE
2005,"PALI|ROHAT|GEN|1",6,1,TRUE
2005,"PALI|ROHAT|OBC|0",3,1,TRUE
2005,"PALI|ROHAT|OBC|1",2,1,TRUE
2005,"PALI|ROHAT|SC|0",2,2,FALSE
2005,"PALI|ROHAT|SC|1",2,0,FALSE
2005,"PALI|ROHAT|ST|0",1,0,FALSE
2005,"PALI|SOJAT|GEN|0",11,5,TRUE
2005,"PALI|SOJAT|GEN|1",7,2,TRUE
2005,"PALI|SOJAT|OBC|1",4,3,TRUE
2005,"PALI|SOJAT|SC|0",4,1,TRUE
2005,"PALI|SOJAT|SC|1",3,1,TRUE
2005,"PALI|SUMERPUR|GEN|0",3,0,FALSE
2005,"PALI|SUMERPUR|GEN|1",9,4,TRUE
2005,"PALI|SUMERPUR|OBC|0",2,1,TRUE
2005,"PALI|SUMERPUR|OBC|1",1,0,FALSE
2005,"PALI|SUMERPUR|SC|0",2,2,FALSE
2005,"PALI|SUMERPUR|SC|1",2,0,FALSE
2005,"PALI|SUMERPUR|ST|0",3,0,FALSE
2005,"Pratapgarh|ARNOD|ST|0",13,5,TRUE
2005,"Pratapgarh|ARNOD|ST|1",14,3,TRUE
2005,"Pratapgarh|PRATAPGARH|ST|0",18,8,TRUE
2005,"Pratapgarh|PRATAPGARH|ST|1",20,5,TRUE
2005,"RAJSAMAND|AMET|GEN|0",4,2,TRUE
2005,"RAJSAMAND|AMET|GEN|1",6,1,TRUE
2005,"RAJSAMAND|AMET|OBC|0",1,1,FALSE
2005,"RAJSAMAND|AMET|OBC|1",2,0,FALSE
2005,"RAJSAMAND|AMET|SC|0",2,0,FALSE
2005,"RAJSAMAND|AMET|SC|1",1,1,FALSE
2005,"RAJSAMAND|AMET|ST|0",1,0,FALSE
2005,"RAJSAMAND|AMET|ST|1",1,1,FALSE
2005,"RAJSAMAND|BHIM|GEN|0",8,4,TRUE
2005,"RAJSAMAND|BHIM|GEN|1",8,2,TRUE
2005,"RAJSAMAND|BHIM|OBC|0",1,0,FALSE
2005,"RAJSAMAND|BHIM|OBC|1",2,1,TRUE
2005,"RAJSAMAND|BHIM|SC|0",2,1,TRUE
2005,"RAJSAMAND|BHIM|SC|1",1,0,FALSE
2005,"RAJSAMAND|KHAMNOR|GEN|0",11,5,TRUE
2005,"RAJSAMAND|KHAMNOR|GEN|1",8,1,TRUE
2005,"RAJSAMAND|KHAMNOR|OBC|0",3,2,TRUE
2005,"RAJSAMAND|KHAMNOR|OBC|1",3,0,FALSE
2005,"RAJSAMAND|KHAMNOR|SC|0",2,1,TRUE
2005,"RAJSAMAND|KHAMNOR|SC|1",1,0,FALSE
2005,"RAJSAMAND|KHAMNOR|ST|0",5,1,TRUE
2005,"RAJSAMAND|KHAMNOR|ST|1",4,2,TRUE
2005,"RAJSAMAND|KUMBHALGARH|GEN|0",10,5,TRUE
2005,"RAJSAMAND|KUMBHALGARH|GEN|1",5,1,TRUE
2005,"RAJSAMAND|KUMBHALGARH|OBC|0",4,2,TRUE
2005,"RAJSAMAND|KUMBHALGARH|OBC|1",2,0,FALSE
2005,"RAJSAMAND|KUMBHALGARH|SC|0",1,0,FALSE
2005,"RAJSAMAND|KUMBHALGARH|SC|1",1,1,FALSE
2005,"RAJSAMAND|KUMBHALGARH|ST|0",4,1,TRUE
2005,"RAJSAMAND|KUMBHALGARH|ST|1",4,2,TRUE
2005,"RAJSAMAND|RAILMAGRA|GEN|0",9,3,TRUE
2005,"RAJSAMAND|RAILMAGRA|GEN|1",6,2,TRUE
2005,"RAJSAMAND|RAILMAGRA|OBC|0",2,0,FALSE
2005,"RAJSAMAND|RAILMAGRA|OBC|1",4,2,TRUE
2005,"RAJSAMAND|RAILMAGRA|SC|0",2,1,TRUE
2005,"RAJSAMAND|RAILMAGRA|SC|1",2,1,TRUE
2005,"RAJSAMAND|RAILMAGRA|ST|0",1,1,FALSE
2005,"RAJSAMAND|RAJSAMAND|GEN|0",8,4,TRUE
2005,"RAJSAMAND|RAJSAMAND|GEN|1",6,1,TRUE
2005,"RAJSAMAND|RAJSAMAND|OBC|0",3,1,TRUE
2005,"RAJSAMAND|RAJSAMAND|OBC|1",3,1,TRUE
2005,"RAJSAMAND|RAJSAMAND|SC|0",2,1,TRUE
2005,"RAJSAMAND|RAJSAMAND|SC|1",2,1,TRUE
2005,"RAJSAMAND|RAJSAMAND|ST|0",1,0,FALSE
2005,"RAJSAMAND|RAJSAMAND|ST|1",2,0,FALSE
2005,"SAWAIMADHOPUR|BAMANWAS|GEN|0",11,4,TRUE
2005,"SAWAIMADHOPUR|BAMANWAS|GEN|1",4,1,TRUE
2005,"SAWAIMADHOPUR|BAMANWAS|OBC|0",1,0,FALSE
2005,"SAWAIMADHOPUR|BAMANWAS|SC|0",2,1,TRUE
2005,"SAWAIMADHOPUR|BAMANWAS|SC|1",4,1,TRUE
2005,"SAWAIMADHOPUR|BAMANWAS|ST|0",3,1,TRUE
2005,"SAWAIMADHOPUR|BAMANWAS|ST|1",8,3,TRUE
2005,"SAWAIMADHOPUR|BONLI|GEN|0",9,3,TRUE
2005,"SAWAIMADHOPUR|BONLI|GEN|1",7,0,FALSE
2005,"SAWAIMADHOPUR|BONLI|OBC|0",1,0,FALSE
2005,"SAWAIMADHOPUR|BONLI|OBC|1",1,1,FALSE
2005,"SAWAIMADHOPUR|BONLI|SC|0",3,1,TRUE
2005,"SAWAIMADHOPUR|BONLI|SC|1",3,1,TRUE
2005,"SAWAIMADHOPUR|BONLI|ST|0",5,2,TRUE
2005,"SAWAIMADHOPUR|BONLI|ST|1",5,1,TRUE
2005,"SAWAIMADHOPUR|KHANDAR|GEN|0",5,3,TRUE
2005,"SAWAIMADHOPUR|KHANDAR|GEN|1",7,3,TRUE
2005,"SAWAIMADHOPUR|KHANDAR|OBC|0",1,1,FALSE
2005,"SAWAIMADHOPUR|KHANDAR|OBC|1",1,0,FALSE
2005,"SAWAIMADHOPUR|KHANDAR|SC|0",5,2,TRUE
2005,"SAWAIMADHOPUR|KHANDAR|SC|1",3,1,TRUE
2005,"SAWAIMADHOPUR|KHANDAR|ST|0",2,0,FALSE
2005,"SAWAIMADHOPUR|KHANDAR|ST|1",2,1,TRUE
2005,"SAWAIMADHOPUR|SAWAI MADHOPUR|GEN|0",7,4,TRUE
2005,"SAWAIMADHOPUR|SAWAI MADHOPUR|GEN|1",2,2,FALSE
2005,"SAWAIMADHOPUR|SAWAI MADHOPUR|SC|0",1,0,FALSE
2005,"SAWAIMADHOPUR|SAWAI MADHOPUR|SC|1",2,1,TRUE
2005,"SAWAIMADHOPUR|SAWAI MADHOPUR|ST|0",2,0,FALSE
2005,"SAWAIMADHOPUR|SAWAI MADHOPUR|ST|1",4,2,TRUE
2005,"SIKAR|FATEHPUR|GEN|0",7,3,TRUE
2005,"SIKAR|FATEHPUR|GEN|1",7,3,TRUE
2005,"SIKAR|FATEHPUR|OBC|0",3,0,FALSE
2005,"SIKAR|FATEHPUR|OBC|1",1,1,FALSE
2005,"SIKAR|FATEHPUR|SC|0",2,1,TRUE
2005,"SIKAR|FATEHPUR|SC|1",3,1,TRUE
2005,"SIKAR|KHANDELA|GEN|0",11,2,TRUE
2005,"SIKAR|KHANDELA|GEN|1",13,5,TRUE
2005,"SIKAR|KHANDELA|OBC|0",4,1,TRUE
2005,"SIKAR|KHANDELA|OBC|1",3,2,TRUE
2005,"SIKAR|KHANDELA|SC|0",2,1,TRUE
2005,"SIKAR|KHANDELA|SC|1",1,0,FALSE
2005,"SIKAR|KHANDELA|ST|1",1,0,FALSE
2005,"SIROHI|ABUROAD|ST|0",10,4,TRUE
2005,"SIROHI|ABUROAD|ST|1",7,2,TRUE
2005,"SIROHI|PINDWARA|GEN|0",8,5,TRUE
2005,"SIROHI|PINDWARA|GEN|1",7,2,TRUE
2005,"SIROHI|PINDWARA|OBC|1",1,0,FALSE
2005,"SIROHI|PINDWARA|SC|0",1,1,FALSE
2005,"SIROHI|PINDWARA|SC|1",2,0,FALSE
2005,"SIROHI|PINDWARA|ST|0",7,2,TRUE
2005,"SIROHI|PINDWARA|ST|1",4,1,TRUE
2005,"SIROHI|REODAR|GEN|0",9,3,TRUE
2005,"SIROHI|REODAR|GEN|1",8,4,TRUE
2005,"SIROHI|REODAR|OBC|1",1,1,FALSE
2005,"SIROHI|REODAR|SC|0",4,1,TRUE
2005,"SIROHI|REODAR|SC|1",6,3,TRUE
2005,"SIROHI|REODAR|ST|0",2,0,FALSE
2005,"SIROHI|REODAR|ST|1",2,1,TRUE
2005,"SIROHI|SIROHI|GEN|0",7,2,TRUE
2005,"SIROHI|SIROHI|GEN|1",7,3,TRUE
2005,"SIROHI|SIROHI|OBC|0",4,2,TRUE
2005,"SIROHI|SIROHI|OBC|1",2,0,FALSE
2005,"SIROHI|SIROHI|SC|0",1,0,FALSE
2005,"SIROHI|SIROHI|SC|1",5,1,TRUE
2005,"SIROHI|SIROHI|ST|0",2,1,TRUE
2005,"TONK|MALPURA|GEN|0",7,2,TRUE
2005,"TONK|MALPURA|GEN|1",11,3,TRUE
2005,"TONK|MALPURA|OBC|0",6,3,TRUE
2005,"TONK|MALPURA|OBC|1",2,0,FALSE
2005,"TONK|MALPURA|SC|0",5,2,TRUE
2005,"TONK|MALPURA|SC|1",3,1,TRUE
2005,"TONK|NIWAI|GEN|0",8,3,TRUE
2005,"TONK|NIWAI|GEN|1",6,1,TRUE
2005,"TONK|NIWAI|OBC|0",3,1,TRUE
2005,"TONK|NIWAI|OBC|1",1,0,FALSE
2005,"TONK|NIWAI|SC|0",5,2,TRUE
2005,"TONK|NIWAI|SC|1",4,1,TRUE
2005,"TONK|NIWAI|ST|0",2,0,FALSE
2005,"TONK|NIWAI|ST|1",3,1,TRUE
2005,"TONK|TODARAISINGH|GEN|0",13,5,TRUE
2005,"TONK|TODARAISINGH|GEN|1",2,1,TRUE
2005,"TONK|TODARAISINGH|OBC|0",2,0,FALSE
2005,"TONK|TODARAISINGH|OBC|1",5,2,TRUE
2005,"TONK|TODARAISINGH|SC|1",6,2,TRUE
2005,"TONK|TODARAISINGH|ST|0",1,1,FALSE
2005,"TONK|TODARAISINGH|ST|1",2,0,FALSE
2005,"TONK|TONK|GEN|0",11,3,TRUE
2005,"TONK|TONK|GEN|1",12,2,TRUE
2005,"TONK|TONK|OBC|0",5,2,TRUE
2005,"TONK|TONK|OBC|1",3,1,TRUE
2005,"TONK|TONK|SC|0",6,2,TRUE
2005,"TONK|TONK|SC|1",5,2,TRUE
2005,"TONK|TONK|ST|0",3,1,TRUE
2005,"TONK|TONK|ST|1",2,1,TRUE
2005,"TONK|UNIARA|GEN|0",7,1,TRUE
2005,"TONK|UNIARA|GEN|1",8,4,TRUE
2005,"TONK|UNIARA|OBC|0",1,0,FALSE
2005,"TONK|UNIARA|OBC|1",1,1,FALSE
2005,"TONK|UNIARA|SC|0",5,2,TRUE
2005,"TONK|UNIARA|SC|1",1,0,FALSE
2005,"TONK|UNIARA|ST|0",2,1,TRUE
2005,"TONK|UNIARA|ST|1",5,1,TRUE
2005,"UDAIPUR|BHINDAR|GEN|0",12,4,TRUE
2005,"UDAIPUR|BHINDAR|GEN|1",10,2,TRUE
2005,"UDAIPUR|BHINDAR|OBC|0",5,2,TRUE
2005,"UDAIPUR|BHINDAR|OBC|1",3,0,FALSE
2005,"UDAIPUR|BHINDAR|SC|0",2,0,FALSE
2005,"UDAIPUR|BHINDAR|SC|1",3,2,TRUE
2005,"UDAIPUR|BHINDAR|ST|0",4,4,FALSE
2005,"UDAIPUR|BHINDAR|ST|1",5,0,FALSE
2005,"UDAIPUR|GIRWA|GEN|0",4,0,FALSE
2005,"UDAIPUR|GIRWA|GEN|1",1,1,FALSE
2005,"UDAIPUR|GIRWA|ST|0",9,2,TRUE
2005,"UDAIPUR|GIRWA|ST|1",7,2,TRUE
2005,"UDAIPUR|GOGUNDA|GEN|0",1,0,FALSE
2005,"UDAIPUR|GOGUNDA|GEN|1",5,2,TRUE
2005,"UDAIPUR|GOGUNDA|SC|0",1,0,FALSE
2005,"UDAIPUR|GOGUNDA|ST|0",3,2,TRUE
2005,"UDAIPUR|GOGUNDA|ST|1",2,0,FALSE
2005,"UDAIPUR|JHADOL|ST|0",8,2,TRUE
2005,"UDAIPUR|JHADOL|ST|1",9,3,TRUE
2005,"UDAIPUR|KOTRA|ST|0",14,4,TRUE
2005,"UDAIPUR|KOTRA|ST|1",13,3,TRUE
2005,"UDAIPUR|MAVLI|GEN|0",8,2,TRUE
2005,"UDAIPUR|MAVLI|GEN|1",12,5,TRUE
2005,"UDAIPUR|MAVLI|OBC|0",6,2,TRUE
2005,"UDAIPUR|MAVLI|OBC|1",3,1,TRUE
2005,"UDAIPUR|MAVLI|SC|0",3,2,TRUE
2005,"UDAIPUR|MAVLI|SC|1",2,0,FALSE
2005,"UDAIPUR|MAVLI|ST|0",4,2,TRUE
2005,"UDAIPUR|MAVLI|ST|1",5,1,TRUE
2005,"UDAIPUR|SALUMBAR|ST|0",9,3,TRUE
2005,"UDAIPUR|SALUMBAR|ST|1",10,3,TRUE
2005,"UDAIPUR|SARADA|ST|0",8,2,TRUE
2005,"UDAIPUR|SARADA|ST|1",11,6,TRUE
2010,"ajmer|arai|GEN|0",10,3,TRUE
2010,"ajmer|arai|GEN|1",2,1,TRUE
2010,"ajmer|arai|OBC|0",2,0,FALSE
2010,"ajmer|arai|OBC|1",2,2,FALSE
2010,"ajmer|arai|SC|0",2,1,TRUE
2010,"ajmer|arai|SC|1",2,0,FALSE
2010,"ajmer|arai|ST|0",1,0,FALSE
2010,"ajmer|bhinay|GEN|0",6,2,TRUE
2010,"ajmer|bhinay|GEN|1",2,1,TRUE
2010,"ajmer|bhinay|OBC|0",3,2,TRUE
2010,"ajmer|bhinay|OBC|1",1,0,FALSE
2010,"ajmer|bhinay|SC|0",3,1,TRUE
2010,"ajmer|bhinay|SC|1",1,0,FALSE
2010,"ajmer|bhinay|ST|0",1,1,FALSE
2010,"ajmer|jawaja|GEN|0",14,6,TRUE
2010,"ajmer|jawaja|GEN|1",10,5,TRUE
2010,"ajmer|jawaja|OBC|0",6,2,TRUE
2010,"ajmer|jawaja|SC|0",1,0,FALSE
2010,"ajmer|jawaja|SC|1",1,0,FALSE
2010,"ajmer|kekri|GEN|0",9,4,TRUE
2010,"ajmer|kekri|GEN|1",4,3,TRUE
2010,"ajmer|kekri|OBC|0",1,1,FALSE
2010,"ajmer|kekri|OBC|1",2,0,FALSE
2010,"ajmer|kekri|SC|0",4,1,TRUE
2010,"ajmer|kekri|SC|1",1,1,FALSE
2010,"ajmer|kekri|ST|0",2,0,FALSE
2010,"ajmer|kekri|ST|1",1,1,FALSE
2010,"ajmer|masuda|GEN|0",9,3,TRUE
2010,"ajmer|masuda|GEN|1",6,4,TRUE
2010,"ajmer|masuda|OBC|0",4,1,TRUE
2010,"ajmer|masuda|OBC|1",2,1,TRUE
2010,"ajmer|masuda|SC|0",1,0,FALSE
2010,"ajmer|masuda|SC|1",1,0,FALSE
2010,"ajmer|masuda|ST|0",1,0,FALSE
2010,"ajmer|peesangan|GEN|0",14,5,TRUE
2010,"ajmer|peesangan|GEN|1",9,6,TRUE
2010,"ajmer|peesangan|OBC|0",5,2,TRUE
2010,"ajmer|peesangan|OBC|1",3,2,TRUE
2010,"ajmer|peesangan|SC|0",3,2,TRUE
2010,"ajmer|peesangan|SC|1",3,1,TRUE
2010,"alwar|bansur|GEN|0",12,5,TRUE
2010,"alwar|bansur|GEN|1",4,2,TRUE
2010,"alwar|bansur|OBC|0",4,2,TRUE
2010,"alwar|bansur|OBC|1",2,2,FALSE
2010,"alwar|bansur|SC|0",2,2,FALSE
2010,"alwar|bansur|SC|1",4,1,TRUE
2010,"alwar|bansur|ST|0",2,1,TRUE
2010,"alwar|kathumar|GEN|0",11,6,TRUE
2010,"alwar|kathumar|GEN|1",5,2,TRUE
2010,"alwar|kathumar|OBC|0",2,1,TRUE
2010,"alwar|kathumar|OBC|1",1,0,FALSE
2010,"alwar|kathumar|SC|0",7,3,TRUE
2010,"alwar|kathumar|SC|1",2,2,FALSE
2010,"alwar|kathumar|ST|0",4,1,TRUE
2010,"alwar|kathumar|ST|1",1,1,FALSE
2010,"alwar|neemrana|GEN|0",11,7,TRUE
2010,"alwar|neemrana|GEN|1",7,2,TRUE
2010,"alwar|neemrana|OBC|0",3,1,TRUE
2010,"alwar|neemrana|OBC|1",3,2,TRUE
2010,"alwar|neemrana|SC|0",4,1,TRUE
2010,"alwar|neemrana|SC|1",1,1,FALSE
2010,"alwar|neemrana|ST|0",1,0,FALSE
2010,"alwar|raini|GEN|0",5,5,FALSE
2010,"alwar|raini|GEN|1",2,0,FALSE
2010,"alwar|raini|SC|0",3,2,TRUE
2010,"alwar|raini|ST|0",7,4,TRUE
2010,"alwar|raini|ST|1",3,1,TRUE
2010,"alwar|rajgarh|GEN|0",10,6,TRUE
2010,"alwar|rajgarh|GEN|1",1,0,FALSE
2010,"alwar|rajgarh|OBC|0",1,0,FALSE
2010,"alwar|rajgarh|SC|1",2,1,TRUE
2010,"alwar|rajgarh|ST|0",4,2,TRUE
2010,"alwar|rajgarh|ST|1",3,0,FALSE
2010,"alwar|ramgarh|GEN|0",9,5,TRUE
2010,"alwar|ramgarh|GEN|1",7,3,TRUE
2010,"alwar|ramgarh|OBC|0",5,3,TRUE
2010,"alwar|ramgarh|OBC|1",3,1,TRUE
2010,"alwar|ramgarh|SC|0",6,2,TRUE
2010,"alwar|tijara|GEN|0",11,4,TRUE
2010,"alwar|tijara|GEN|1",8,6,TRUE
2010,"alwar|tijara|OBC|0",4,3,TRUE
2010,"alwar|tijara|OBC|1",3,0,FALSE
2010,"alwar|tijara|SC|0",4,1,TRUE
2010,"banswara|anandpuri|ST|0",16,8,TRUE
2010,"banswara|anandpuri|ST|1",8,4,TRUE
2010,"banswara|garhi|ST|0",18,12,TRUE
2010,"banswara|garhi|ST|1",5,2,TRUE
2010,"banswara|ghatol|ST|0",33,15,TRUE
2010,"banswara|ghatol|ST|1",15,7,TRUE
2010,"banswara|kushalgarh|ST|0",18,8,TRUE
2010,"banswara|kushalgarh|ST|1",8,3,TRUE
2010,"banswara|sajjangarh|ST|0",15,7,TRUE
2010,"banswara|sajjangarh|ST|1",7,4,TRUE
2010,"barmer|barmer|GEN|0",8,3,TRUE
2010,"barmer|barmer|GEN|1",3,1,TRUE
2010,"barmer|barmer|OBC|0",2,2,FALSE
2010,"barmer|barmer|OBC|1",2,0,FALSE
2010,"barmer|barmer|SC|0",4,3,TRUE
2010,"barmer|barmer|ST|1",1,0,FALSE
2010,"barmer|sheo|GEN|0",9,4,TRUE
2010,"barmer|sheo|GEN|1",2,1,TRUE
2010,"barmer|sheo|OBC|0",3,2,TRUE
2010,"barmer|sheo|OBC|1",2,1,TRUE
2010,"barmer|sheo|SC|0",2,0,FALSE
2010,"barmer|sheo|SC|1",2,1,TRUE
2010,"barmer|sheo|ST|0",2,1,TRUE
2010,"barmer|sindhari|GEN|0",11,3,TRUE
2010,"barmer|sindhari|GEN|1",8,5,TRUE
2010,"barmer|sindhari|OBC|0",7,4,TRUE
2010,"barmer|sindhari|OBC|1",3,1,TRUE
2010,"barmer|sindhari|SC|0",3,1,TRUE
2010,"barmer|sindhari|SC|1",2,1,TRUE
2010,"barmer|sindhari|ST|1",1,0,FALSE
2010,"barmer|siwana|GEN|0",6,4,TRUE
2010,"barmer|siwana|GEN|1",3,1,TRUE
2010,"barmer|siwana|OBC|0",2,1,TRUE
2010,"barmer|siwana|OBC|1",1,1,FALSE
2010,"barmer|siwana|SC|0",2,1,TRUE
2010,"barmer|siwana|SC|1",1,1,FALSE
2010,"barmer|siwana|ST|0",1,0,FALSE
2010,"bharatpur|bayana|GEN|0",14,7,TRUE
2010,"bharatpur|bayana|GEN|1",3,2,TRUE
2010,"bharatpur|bayana|OBC|0",5,2,TRUE
2010,"bharatpur|bayana|OBC|1",2,2,FALSE
2010,"bharatpur|bayana|SC|0",6,3,TRUE
2010,"bharatpur|bayana|SC|1",5,3,TRUE
2010,"bharatpur|deeg|GEN|0",11,5,TRUE
2010,"bharatpur|deeg|GEN|1",8,5,TRUE
2010,"bharatpur|deeg|OBC|0",6,3,TRUE
2010,"bharatpur|deeg|SC|0",5,1,TRUE
2010,"bharatpur|deeg|SC|1",2,2,FALSE
2010,"bharatpur|kaman|GEN|0",6,5,TRUE
2010,"bharatpur|kaman|GEN|1",7,2,TRUE
2010,"bharatpur|kaman|OBC|0",1,0,FALSE
2010,"bharatpur|kaman|OBC|1",1,0,FALSE
2010,"bharatpur|kaman|SC|0",2,2,FALSE
2010,"bharatpur|nadbai|GEN|0",7,3,TRUE
2010,"bharatpur|nadbai|GEN|1",6,3,TRUE
2010,"bharatpur|nadbai|OBC|0",4,1,TRUE
2010,"bharatpur|nadbai|OBC|1",2,1,TRUE
2010,"bharatpur|nadbai|SC|0",6,2,TRUE
2010,"bharatpur|nadbai|ST|1",1,0,FALSE
2010,"bharatpur|nagar|GEN|0",11,3,TRUE
2010,"bharatpur|nagar|GEN|1",5,4,TRUE
2010,"bharatpur|nagar|OBC|0",2,1,TRUE
2010,"bharatpur|nagar|OBC|1",3,1,TRUE
2010,"bharatpur|nagar|SC|0",3,1,TRUE
2010,"bharatpur|nagar|SC|1",1,1,FALSE
2010,"bharatpur|nagar|ST|0",1,0,FALSE
2010,"bharatpur|sewar|GEN|0",8,6,TRUE
2010,"bharatpur|sewar|GEN|1",5,1,TRUE
2010,"bharatpur|sewar|OBC|0",3,0,FALSE
2010,"bharatpur|sewar|OBC|1",3,2,TRUE
2010,"bharatpur|sewar|SC|0",3,1,TRUE
2010,"bharatpur|sewar|SC|1",1,1,FALSE
2010,"bharatpur|sewar|ST|0",1,0,FALSE
2010,"bhilwara|asind|GEN|0",17,7,TRUE
2010,"bhilwara|asind|GEN|1",6,4,TRUE
2010,"bhilwara|asind|OBC|0",4,1,TRUE
2010,"bhilwara|asind|OBC|1",5,3,TRUE
2010,"bhilwara|asind|SC|0",3,1,TRUE
2010,"bhilwara|asind|SC|1",2,1,TRUE
2010,"bhilwara|asind|ST|0",1,0,FALSE
2010,"bhilwara|asind|ST|1",1,1,FALSE
2010,"bhilwara|hurda|GEN|0",9,4,TRUE
2010,"bhilwara|hurda|GEN|1",1,1,FALSE
2010,"bhilwara|hurda|OBC|0",1,0,FALSE
2010,"bhilwara|hurda|OBC|1",3,2,TRUE
2010,"bhilwara|hurda|SC|1",1,0,FALSE
2010,"bhilwara|hurda|ST|0",1,1,FALSE
2010,"bhilwara|hurda|ST|1",1,0,FALSE
2010,"bhilwara|kotri|GEN|0",14,6,TRUE
2010,"bhilwara|kotri|GEN|1",3,2,TRUE
2010,"bhilwara|kotri|OBC|0",1,1,FALSE
2010,"bhilwara|kotri|OBC|1",4,2,TRUE
2010,"bhilwara|kotri|SC|0",5,2,TRUE
2010,"bhilwara|kotri|SC|1",1,1,FALSE
2010,"bhilwara|kotri|ST|0",2,1,TRUE
2010,"bhilwara|mandal|GEN|0",18,11,TRUE
2010,"bhilwara|mandal|GEN|1",7,1,TRUE
2010,"bhilwara|mandal|OBC|0",5,3,TRUE
2010,"bhilwara|mandal|OBC|1",4,2,TRUE
2010,"bhilwara|mandal|SC|0",5,3,TRUE
2010,"bhilwara|mandal|SC|1",2,0,FALSE
2010,"bhilwara|mandal|ST|0",2,1,TRUE
2010,"bhilwara|raipur|GEN|0",7,5,TRUE
2010,"bhilwara|raipur|GEN|1",4,1,TRUE
2010,"bhilwara|raipur|OBC|0",4,2,TRUE
2010,"bhilwara|raipur|OBC|1",1,0,FALSE
2010,"bhilwara|raipur|SC|0",2,1,TRUE
2010,"bhilwara|raipur|ST|0",1,0,FALSE
2010,"bhilwara|shahpura|GEN|0",13,7,TRUE
2010,"bhilwara|shahpura|GEN|1",4,2,TRUE
2010,"bhilwara|shahpura|OBC|1",7,3,TRUE
2010,"bhilwara|shahpura|SC|0",6,3,TRUE
2010,"bhilwara|shahpura|ST|0",2,2,FALSE
2010,"bhilwara|shahpura|ST|1",1,0,FALSE
2010,"bhilwara|suwana|GEN|0",11,7,TRUE
2010,"bhilwara|suwana|GEN|1",4,2,TRUE
2010,"bhilwara|suwana|OBC|0",4,3,TRUE
2010,"bhilwara|suwana|OBC|1",3,0,FALSE
2010,"bhilwara|suwana|SC|0",3,1,TRUE
2010,"bhilwara|suwana|SC|1",3,2,TRUE
2010,"bhilwara|suwana|ST|0",1,0,FALSE
2010,"bikaner|bikaner|GEN|0",9,4,TRUE
2010,"bikaner|bikaner|GEN|1",6,4,TRUE
2010,"bikaner|bikaner|OBC|0",5,2,TRUE
2010,"bikaner|bikaner|OBC|1",1,0,FALSE
2010,"bikaner|bikaner|SC|0",5,1,TRUE
2010,"bikaner|bikaner|SC|1",2,2,FALSE
2010,"bikaner|dungargarh|GEN|0",7,5,TRUE
2010,"bikaner|dungargarh|GEN|1",5,1,TRUE
2010,"bikaner|dungargarh|OBC|0",3,1,TRUE
2010,"bikaner|dungargarh|OBC|1",1,1,FALSE
2010,"bikaner|dungargarh|SC|0",3,1,TRUE
2010,"bikaner|dungargarh|SC|1",2,0,FALSE
2010,"bikaner|kolayat|GEN|0",10,6,TRUE
2010,"bikaner|kolayat|GEN|1",5,1,TRUE
2010,"bikaner|kolayat|OBC|0",2,0,FALSE
2010,"bikaner|kolayat|OBC|1",2,1,TRUE
2010,"bikaner|kolayat|SC|0",4,1,TRUE
2010,"bikaner|kolayat|SC|1",1,1,FALSE
2010,"bikaner|lunkaransar|GEN|0",9,2,TRUE
2010,"bikaner|lunkaransar|GEN|1",3,1,TRUE
2010,"bikaner|lunkaransar|OBC|0",8,2,TRUE
2010,"bikaner|lunkaransar|OBC|1",5,0,FALSE
2010,"bikaner|lunkaransar|SC|0",5,1,TRUE
2010,"bikaner|lunkaransar|SC|1",2,1,TRUE
2010,"bikaner|nokha|GEN|0",11,5,TRUE
2010,"bikaner|nokha|GEN|1",2,2,FALSE
2010,"bikaner|nokha|OBC|0",4,3,TRUE
2010,"bikaner|nokha|OBC|1",2,2,FALSE
2010,"bikaner|nokha|SC|1",2,0,FALSE
2010,"bundi|hindoli|GEN|0",14,7,TRUE
2010,"bundi|hindoli|GEN|1",7,4,TRUE
2010,"bundi|hindoli|OBC|0",2,1,TRUE
2010,"bundi|hindoli|OBC|1",2,1,TRUE
2010,"bundi|hindoli|SC|0",5,2,TRUE
2010,"bundi|hindoli|SC|1",1,1,FALSE
2010,"bundi|hindoli|ST|0",3,1,TRUE
2010,"bundi|hindoli|ST|1",3,1,TRUE
2010,"chittorgarh|begun|GEN|0",10,6,TRUE
2010,"chittorgarh|begun|GEN|1",5,2,TRUE
2010,"chittorgarh|begun|OBC|0",4,2,TRUE
2010,"chittorgarh|begun|OBC|1",1,0,FALSE
2010,"chittorgarh|begun|SC|0",1,0,FALSE
2010,"chittorgarh|begun|SC|1",4,2,TRUE
2010,"chittorgarh|begun|ST|0",2,1,TRUE
2010,"chittorgarh|begun|ST|1",1,1,FALSE
2010,"chittorgarh|bhadesar|GEN|0",8,3,TRUE
2010,"chittorgarh|bhadesar|GEN|1",5,3,TRUE
2010,"chittorgarh|bhadesar|OBC|0",3,1,TRUE
2010,"chittorgarh|bhadesar|OBC|1",1,0,FALSE
2010,"chittorgarh|bhadesar|SC|0",3,2,TRUE
2010,"chittorgarh|bhadesar|SC|1",1,0,FALSE
2010,"chittorgarh|bhadesar|ST|0",1,0,FALSE
2010,"chittorgarh|bhadesar|ST|1",1,1,FALSE
2010,"chittorgarh|chhitorgarh|GEN|0",10,5,TRUE
2010,"chittorgarh|chhitorgarh|GEN|1",8,4,TRUE
2010,"chittorgarh|chhitorgarh|OBC|0",3,2,TRUE
2010,"chittorgarh|chhitorgarh|OBC|1",2,1,TRUE
2010,"chittorgarh|chhitorgarh|SC|0",7,3,TRUE
2010,"chittorgarh|chhitorgarh|ST|0",3,1,TRUE
2010,"chittorgarh|chhitorgarh|ST|1",1,0,FALSE
2010,"chittorgarh|gangrar|GEN|0",8,4,TRUE
2010,"chittorgarh|gangrar|GEN|1",3,2,TRUE
2010,"chittorgarh|gangrar|OBC|0",4,2,TRUE
2010,"chittorgarh|gangrar|SC|0",1,1,FALSE
2010,"chittorgarh|gangrar|SC|1",3,1,TRUE
2010,"chittorgarh|gangrar|ST|1",1,0,FALSE
2010,"chittorgarh|kapasan|GEN|0",8,4,TRUE
2010,"chittorgarh|kapasan|GEN|1",4,2,TRUE
2010,"chittorgarh|kapasan|OBC|0",4,1,TRUE
2010,"chittorgarh|kapasan|OBC|1",1,1,FALSE
2010,"chittorgarh|kapasan|SC|0",2,1,TRUE
2010,"chittorgarh|kapasan|SC|1",2,1,TRUE
2010,"chittorgarh|kapasan|ST|0",1,1,FALSE
2010,"chittorgarh|kapasan|ST|1",1,0,FALSE
2010,"chittorgarh|rashmi|GEN|0",8,5,TRUE
2010,"chittorgarh|rashmi|GEN|1",2,0,FALSE
2010,"chittorgarh|rashmi|OBC|0",3,1,TRUE
2010,"chittorgarh|rashmi|OBC|1",2,0,FALSE
2010,"chittorgarh|rashmi|SC|0",2,0,FALSE
2010,"chittorgarh|rashmi|SC|1",2,2,FALSE
2010,"chittorgarh|rashmi|ST|1",1,0,FALSE
2010,"churu|churu|GEN|0",12,5,TRUE
2010,"churu|churu|GEN|1",6,3,TRUE
2010,"churu|churu|OBC|0",7,3,TRUE
2010,"churu|churu|SC|0",3,2,TRUE
2010,"churu|churu|SC|1",3,1,TRUE
2010,"churu|rajgarh|GEN|0",17,6,TRUE
2010,"churu|rajgarh|GEN|1",10,7,TRUE
2010,"churu|rajgarh|OBC|0",9,4,TRUE
2010,"churu|rajgarh|OBC|1",3,2,TRUE
2010,"churu|rajgarh|SC|0",10,5,TRUE
2010,"churu|rajgarh|SC|1",3,1,TRUE
2010,"churu|rajgarh|ST|1",1,0,FALSE
2010,"churu|ratangarh|GEN|0",9,2,TRUE
2010,"churu|ratangarh|GEN|1",7,5,TRUE
2010,"churu|ratangarh|OBC|0",2,0,FALSE
2010,"churu|ratangarh|OBC|1",4,2,TRUE
2010,"churu|ratangarh|SC|0",4,1,TRUE
2010,"churu|sujangarh|GEN|0",10,4,TRUE
2010,"churu|sujangarh|GEN|1",4,1,TRUE
2010,"churu|sujangarh|OBC|0",1,1,FALSE
2010,"churu|sujangarh|OBC|1",4,1,TRUE
2010,"churu|sujangarh|SC|0",5,1,TRUE
2010,"churu|sujangarh|SC|1",1,1,FALSE
2010,"churu|taranagar|GEN|0",9,5,TRUE
2010,"churu|taranagar|GEN|1",5,2,TRUE
2010,"churu|taranagar|OBC|0",4,2,TRUE
2010,"churu|taranagar|OBC|1",2,1,TRUE
2010,"churu|taranagar|SC|0",5,3,TRUE
2010,"dausa|bandikui|GEN|0",15,6,TRUE
2010,"dausa|bandikui|GEN|1",5,3,TRUE
2010,"dausa|bandikui|OBC|0",2,0,FALSE
2010,"dausa|bandikui|OBC|1",2,2,FALSE
2010,"dausa|bandikui|SC|0",3,1,TRUE
2010,"dausa|bandikui|SC|1",4,3,TRUE
2010,"dausa|bandikui|ST|0",5,2,TRUE
2010,"dausa|bandikui|ST|1",2,2,FALSE
2010,"dausa|dausa|GEN|0",12,6,TRUE
2010,"dausa|dausa|GEN|1",3,2,TRUE
2010,"dausa|dausa|OBC|0",1,0,FALSE
2010,"dausa|dausa|SC|0",6,2,TRUE
2010,"dausa|dausa|SC|1",4,3,TRUE
2010,"dausa|dausa|ST|0",9,5,TRUE
2010,"dausa|dausa|ST|1",4,1,TRUE
2010,"dausa|lalsot|GEN|0",12,5,TRUE
2010,"dausa|lalsot|GEN|1",5,3,TRUE
2010,"dausa|lalsot|OBC|1",1,0,FALSE
2010,"dausa|lalsot|SC|0",8,5,TRUE
2010,"dausa|lalsot|SC|1",1,0,FALSE
2010,"dausa|lalsot|ST|0",9,5,TRUE
2010,"dausa|lalsot|ST|1",6,2,TRUE
2010,"dausa|sikrai|GEN|0",12,7,TRUE
2010,"dausa|sikrai|GEN|1",8,3,TRUE
2010,"dausa|sikrai|OBC|0",1,0,FALSE
2010,"dausa|sikrai|SC|0",5,3,TRUE
2010,"dausa|sikrai|SC|1",3,1,TRUE
2010,"dausa|sikrai|ST|0",7,2,TRUE
2010,"dausa|sikrai|ST|1",2,2,FALSE
2010,"dholpur|bari|GEN|0",9,6,TRUE
2010,"dholpur|bari|GEN|1",7,3,TRUE
2010,"dholpur|bari|OBC|0",3,1,TRUE
2010,"dholpur|bari|OBC|1",2,1,TRUE
2010,"dholpur|bari|SC|0",6,3,TRUE
2010,"dholpur|bari|SC|1",1,0,FALSE
2010,"dholpur|bari|ST|0",3,1,TRUE
2010,"dungarpur|aspur|ST|0",9,4,TRUE
2010,"dungarpur|aspur|ST|1",6,4,TRUE
2010,"dungarpur|bichhiwara|ST|0",14,6,TRUE
2010,"dungarpur|bichhiwara|ST|1",8,5,TRUE
2010,"dungarpur|dungarpur|ST|0",9,5,TRUE
2010,"dungarpur|dungarpur|ST|1",4,1,TRUE
2010,"dungarpur|sagwara|ST|0",19,11,TRUE
2010,"dungarpur|sagwara|ST|1",11,7,TRUE
2010,"ganganagar|anupgarh|GEN|0",4,3,TRUE
2010,"ganganagar|anupgarh|GEN|1",1,1,FALSE
2010,"ganganagar|anupgarh|SC|0",2,1,TRUE
2010,"ganganagar|anupgarh|SC|1",1,1,FALSE
2010,"ganganagar|ganganagar|GEN|0",12,7,TRUE
2010,"ganganagar|ganganagar|GEN|1",2,0,FALSE
2010,"ganganagar|ganganagar|OBC|0",4,3,TRUE
2010,"ganganagar|ganganagar|SC|0",4,2,TRUE
2010,"ganganagar|ganganagar|SC|1",2,0,FALSE
2010,"ganganagar|karanpur|GEN|0",4,0,FALSE
2010,"ganganagar|karanpur|GEN|1",3,2,TRUE
2010,"ganganagar|karanpur|SC|0",8,4,TRUE
2010,"ganganagar|karanpur|SC|1",2,2,FALSE
2010,"ganganagar|padampur|GEN|0",1,1,FALSE
2010,"ganganagar|padampur|OBC|0",1,1,FALSE
2010,"ganganagar|padampur|SC|0",3,2,TRUE
2010,"ganganagar|padampur|SC|1",2,1,TRUE
2010,"ganganagar|raisinghnagar|GEN|0",6,1,TRUE
2010,"ganganagar|raisinghnagar|SC|0",7,3,TRUE
2010,"ganganagar|raisinghnagar|SC|1",2,0,FALSE
2010,"ganganagar|sadulshahar|GEN|0",7,3,TRUE
2010,"ganganagar|sadulshahar|GEN|1",3,2,TRUE
2010,"ganganagar|sadulshahar|OBC|0",4,3,TRUE
2010,"ganganagar|sadulshahar|OBC|1",1,0,FALSE
2010,"ganganagar|sadulshahar|SC|0",3,1,TRUE
2010,"ganganagar|sadulshahar|SC|1",3,2,TRUE
2010,"ganganagar|suratgarh|GEN|0",7,3,TRUE
2010,"ganganagar|suratgarh|GEN|1",7,4,TRUE
2010,"ganganagar|suratgarh|OBC|0",5,3,TRUE
2010,"ganganagar|suratgarh|OBC|1",2,0,FALSE
2010,"ganganagar|suratgarh|SC|0",2,0,FALSE
2010,"ganganagar|suratgarh|SC|1",5,4,TRUE
2010,"hanumangarh|bhadra|GEN|0",16,10,TRUE
2010,"hanumangarh|bhadra|GEN|1",10,7,TRUE
2010,"hanumangarh|bhadra|OBC|0",6,0,FALSE
2010,"hanumangarh|bhadra|OBC|1",2,1,TRUE
2010,"hanumangarh|bhadra|SC|0",6,3,TRUE
2010,"hanumangarh|bhadra|SC|1",4,1,TRUE
2010,"hanumangarh|hanumangarh|GEN|0",7,4,TRUE
2010,"hanumangarh|hanumangarh|GEN|1",6,5,TRUE
2010,"hanumangarh|hanumangarh|OBC|0",2,1,TRUE
2010,"hanumangarh|hanumangarh|OBC|1",2,1,TRUE
2010,"hanumangarh|hanumangarh|SC|0",8,3,TRUE
2010,"hanumangarh|hanumangarh|SC|1",1,0,FALSE
2010,"hanumangarh|nohar|GEN|0",16,8,TRUE
2010,"hanumangarh|nohar|GEN|1",9,2,TRUE
2010,"hanumangarh|nohar|OBC|0",6,2,TRUE
2010,"hanumangarh|nohar|OBC|1",3,1,TRUE
2010,"hanumangarh|nohar|SC|0",6,5,TRUE
2010,"hanumangarh|nohar|SC|1",4,3,TRUE
2010,"jaipur|bassi|GEN|0",10,6,TRUE
2010,"jaipur|bassi|GEN|1",5,4,TRUE
2010,"jaipur|bassi|OBC|0",1,0,FALSE
2010,"jaipur|bassi|SC|0",2,1,TRUE
2010,"jaipur|bassi|SC|1",4,1,TRUE
2010,"jaipur|bassi|ST|0",7,2,TRUE
2010,"jaipur|bassi|ST|1",3,3,FALSE
2010,"jaipur|chaksu|GEN|0",7,3,TRUE
2010,"jaipur|chaksu|GEN|1",4,3,TRUE
2010,"jaipur|chaksu|OBC|0",1,0,FALSE
2010,"jaipur|chaksu|OBC|1",1,1,FALSE
2010,"jaipur|chaksu|SC|0",3,1,TRUE
2010,"jaipur|chaksu|ST|0",3,1,TRUE
2010,"jaipur|chaksu|ST|1",4,2,TRUE
2010,"jaipur|dudu|GEN|0",14,7,TRUE
2010,"jaipur|dudu|GEN|1",9,8,TRUE
2010,"jaipur|dudu|OBC|0",6,3,TRUE
2010,"jaipur|dudu|OBC|1",4,2,TRUE
2010,"jaipur|dudu|SC|0",3,2,TRUE
2010,"jaipur|dudu|SC|1",2,1,TRUE
2010,"jaipur|dudu|ST|0",1,0,FALSE
2010,"jaipur|govindgarh|GEN|0",14,7,TRUE
2010,"jaipur|govindgarh|GEN|1",10,6,TRUE
2010,"jaipur|govindgarh|OBC|0",6,3,TRUE
2010,"jaipur|govindgarh|OBC|1",3,1,TRUE
2010,"jaipur|govindgarh|SC|0",3,2,TRUE
2010,"jaipur|govindgarh|SC|1",1,0,FALSE
2010,"jaipur|govindgarh|ST|0",1,0,FALSE
2010,"jaipur|jamwa ramgarh|GEN|0",11,6,TRUE
2010,"jaipur|jamwa ramgarh|GEN|1",6,3,TRUE
2010,"jaipur|jamwa ramgarh|OBC|0",1,0,FALSE
2010,"jaipur|jamwa ramgarh|SC|0",3,1,TRUE
2010,"jaipur|jamwa ramgarh|SC|1",4,2,TRUE
2010,"jaipur|jamwa ramgarh|ST|0",8,4,TRUE
2010,"jaipur|jamwa ramgarh|ST|1",3,1,TRUE
2010,"jaipur|jhotwara|GEN|0",5,3,TRUE
2010,"jaipur|jhotwara|GEN|1",4,3,TRUE
2010,"jaipur|jhotwara|OBC|0",2,1,TRUE
2010,"jaipur|jhotwara|SC|0",3,1,TRUE
2010,"jaipur|kotputli|GEN|0",11,6,TRUE
2010,"jaipur|kotputli|GEN|1",2,0,FALSE
2010,"jaipur|kotputli|OBC|0",2,2,FALSE
2010,"jaipur|kotputli|OBC|1",1,0,FALSE
2010,"jaipur|kotputli|SC|0",2,2,FALSE
2010,"jaipur|kotputli|SC|1",1,1,FALSE
2010,"jaipur|kotputli|ST|1",2,0,FALSE
2010,"jaipur|sanganer|GEN|0",8,4,TRUE
2010,"jaipur|sanganer|GEN|1",3,2,TRUE
2010,"jaipur|sanganer|OBC|0",3,1,TRUE
2010,"jaipur|sanganer|OBC|1",2,1,TRUE
2010,"jaipur|sanganer|SC|0",3,2,TRUE
2010,"jaipur|sanganer|SC|1",2,0,FALSE
2010,"jaipur|sanganer|ST|0",2,1,TRUE
2010,"jaipur|sanganer|ST|1",1,0,FALSE
2010,"jaipur|shahpura|GEN|0",7,3,TRUE
2010,"jaipur|shahpura|GEN|1",8,4,TRUE
2010,"jaipur|shahpura|OBC|0",4,1,TRUE
2010,"jaipur|shahpura|OBC|1",1,1,FALSE
2010,"jaipur|shahpura|SC|0",4,2,TRUE
2010,"jaipur|shahpura|SC|1",1,0,FALSE
2010,"jaipur|shahpura|ST|0",1,0,FALSE
2010,"jaipur|viratnagar|GEN|0",10,5,TRUE
2010,"jaipur|viratnagar|GEN|1",2,1,TRUE
2010,"jaipur|viratnagar|OBC|0",3,0,FALSE
2010,"jaipur|viratnagar|OBC|1",1,1,FALSE
2010,"jaipur|viratnagar|SC|0",1,0,FALSE
2010,"jaipur|viratnagar|SC|1",1,1,FALSE
2010,"jaisalmer|jaisalmer|GEN|0",15,7,TRUE
2010,"jaisalmer|jaisalmer|GEN|1",4,1,TRUE
2010,"jaisalmer|jaisalmer|OBC|0",4,3,TRUE
2010,"jaisalmer|jaisalmer|OBC|1",4,1,TRUE
2010,"jaisalmer|jaisalmer|SC|0",3,1,TRUE
2010,"jaisalmer|jaisalmer|SC|1",3,2,TRUE
2010,"jaisalmer|jaisalmer|ST|0",1,0,FALSE
2010,"jaisalmer|jaisalmer|ST|1",1,1,FALSE
2010,"jaisalmer|sam|GEN|0",20,9,TRUE
2010,"jaisalmer|sam|GEN|1",8,5,TRUE
2010,"jaisalmer|sam|OBC|0",6,3,TRUE
2010,"jaisalmer|sam|OBC|1",4,2,TRUE
2010,"jaisalmer|sam|SC|0",4,1,TRUE
2010,"jaisalmer|sam|SC|1",3,3,FALSE
2010,"jaisalmer|sam|ST|0",1,1,FALSE
2010,"jaisalmer|sankra|GEN|0",13,6,TRUE
2010,"jaisalmer|sankra|GEN|1",9,6,TRUE
2010,"jaisalmer|sankra|OBC|0",5,3,TRUE
2010,"jaisalmer|sankra|OBC|1",1,0,FALSE
2010,"jaisalmer|sankra|SC|0",3,1,TRUE
2010,"jaisalmer|sankra|SC|1",1,0,FALSE
2010,"jaisalmer|sankra|ST|0",1,1,FALSE
2010,"jalore|bhinmal|GEN|0",14,8,TRUE
2010,"jalore|bhinmal|GEN|1",6,2,TRUE
2010,"jalore|bhinmal|OBC|0",5,2,TRUE
2010,"jalore|bhinmal|OBC|1",1,1,FALSE
2010,"jalore|bhinmal|SC|0",1,1,FALSE
2010,"jalore|bhinmal|SC|1",3,1,TRUE
2010,"jalore|bhinmal|ST|0",3,1,TRUE
2010,"jalore|bhinmal|ST|1",1,1,FALSE
2010,"jalore|raniwara|GEN|0",7,1,TRUE
2010,"jalore|raniwara|GEN|1",4,1,TRUE
2010,"jalore|raniwara|OBC|0",3,0,FALSE
2010,"jalore|raniwara|OBC|1",3,0,FALSE
2010,"jalore|raniwara|SC|0",3,1,TRUE
2010,"jalore|raniwara|SC|1",1,0,FALSE
2010,"jalore|raniwara|ST|0",3,1,TRUE
2010,"jalore|raniwara|ST|1",2,0,FALSE
2010,"jhalawar|bakani|GEN|0",3,2,TRUE
2010,"jhalawar|bakani|GEN|1",4,3,TRUE
2010,"jhalawar|bakani|OBC|0",3,0,FALSE
2010,"jhalawar|bakani|OBC|1",1,1,FALSE
2010,"jhalawar|bakani|ST|0",3,1,TRUE
2010,"jhalawar|jhalrapatan|GEN|0",4,2,TRUE
2010,"jhalawar|jhalrapatan|GEN|1",3,3,FALSE
2010,"jhalawar|jhalrapatan|OBC|0",3,2,TRUE
2010,"jhalawar|jhalrapatan|OBC|1",1,0,FALSE
2010,"jhalawar|jhalrapatan|SC|1",2,2,FALSE
2010,"jhalawar|jhalrapatan|ST|0",3,1,TRUE
2010,"jhalawar|jhalrapatan|ST|1",2,1,TRUE
2010,"jhalawar|khanpur|GEN|0",7,5,TRUE
2010,"jhalawar|khanpur|GEN|1",6,2,TRUE
2010,"jhalawar|khanpur|OBC|0",2,1,TRUE
2010,"jhalawar|khanpur|OBC|1",2,1,TRUE
2010,"jhalawar|khanpur|SC|0",5,3,TRUE
2010,"jhalawar|khanpur|SC|1",2,0,FALSE
2010,"jhalawar|khanpur|ST|0",3,1,TRUE
2010,"jhalawar|khanpur|ST|1",1,1,FALSE
2010,"jhunjhunu|alsisar|GEN|0",13,5,TRUE
2010,"jhunjhunu|alsisar|GEN|1",5,3,TRUE
2010,"jhunjhunu|alsisar|OBC|0",1,1,FALSE
2010,"jhunjhunu|alsisar|OBC|1",3,1,TRUE
2010,"jhunjhunu|alsisar|SC|0",4,1,TRUE
2010,"jhunjhunu|alsisar|SC|1",2,1,TRUE
2010,"jhunjhunu|alsisar|ST|0",1,0,FALSE
2010,"jhunjhunu|buhana|GEN|0",17,8,TRUE
2010,"jhunjhunu|buhana|GEN|1",8,4,TRUE
2010,"jhunjhunu|buhana|OBC|0",4,2,TRUE
2010,"jhunjhunu|buhana|OBC|1",4,2,TRUE
2010,"jhunjhunu|buhana|SC|0",6,3,TRUE
2010,"jhunjhunu|buhana|SC|1",1,0,FALSE
2010,"jhunjhunu|chirawa|GEN|0",9,4,TRUE
2010,"jhunjhunu|chirawa|GEN|1",5,2,TRUE
2010,"jhunjhunu|chirawa|OBC|0",3,1,TRUE
2010,"jhunjhunu|chirawa|OBC|1",1,1,FALSE
2010,"jhunjhunu|chirawa|SC|0",3,2,TRUE
2010,"jhunjhunu|chirawa|SC|1",2,0,FALSE
2010,"jhunjhunu|chirawa|ST|1",1,0,FALSE
2010,"jhunjhunu|jhunjhunu|GEN|0",14,6,TRUE
2010,"jhunjhunu|jhunjhunu|GEN|1",6,4,TRUE
2010,"jhunjhunu|jhunjhunu|OBC|0",4,1,TRUE
2010,"jhunjhunu|jhunjhunu|OBC|1",2,1,TRUE
2010,"jhunjhunu|jhunjhunu|SC|0",4,3,TRUE
2010,"jhunjhunu|jhunjhunu|SC|1",2,0,FALSE
2010,"jhunjhunu|jhunjhunu|ST|0",1,0,FALSE
2010,"jhunjhunu|khetri|GEN|0",16,7,TRUE
2010,"jhunjhunu|khetri|GEN|1",7,4,TRUE
2010,"jhunjhunu|khetri|OBC|0",4,1,TRUE
2010,"jhunjhunu|khetri|OBC|1",3,2,TRUE
2010,"jhunjhunu|khetri|SC|0",2,1,TRUE
2010,"jhunjhunu|khetri|SC|1",2,1,TRUE
2010,"jhunjhunu|khetri|ST|1",1,0,FALSE
2010,"jhunjhunu|nawalgarh|GEN|0",15,7,TRUE
2010,"jhunjhunu|nawalgarh|GEN|1",7,4,TRUE
2010,"jhunjhunu|nawalgarh|OBC|0",2,1,TRUE
2010,"jhunjhunu|nawalgarh|OBC|1",2,1,TRUE
2010,"jhunjhunu|nawalgarh|SC|0",2,1,TRUE
2010,"jhunjhunu|nawalgarh|SC|1",3,1,TRUE
2010,"jhunjhunu|nawalgarh|ST|0",1,0,FALSE
2010,"jhunjhunu|surajgarh|GEN|0",15,6,TRUE
2010,"jhunjhunu|surajgarh|GEN|1",3,3,FALSE
2010,"jhunjhunu|surajgarh|OBC|0",5,3,TRUE
2010,"jhunjhunu|surajgarh|OBC|1",2,0,FALSE
2010,"jhunjhunu|surajgarh|SC|0",3,0,FALSE
2010,"jhunjhunu|surajgarh|SC|1",5,4,TRUE
2010,"jhunjhunu|udaipurwati|GEN|0",15,7,TRUE
2010,"jhunjhunu|udaipurwati|GEN|1",7,4,TRUE
2010,"jhunjhunu|udaipurwati|OBC|0",3,0,FALSE
2010,"jhunjhunu|udaipurwati|OBC|1",3,2,TRUE
2010,"jhunjhunu|udaipurwati|SC|0",2,2,FALSE
2010,"jhunjhunu|udaipurwati|SC|1",1,0,FALSE
2010,"jhunjhunu|udaipurwati|ST|0",1,0,FALSE
2010,"jodhpur|balesar|GEN|0",10,4,TRUE
2010,"jodhpur|balesar|GEN|1",3,1,TRUE
2010,"jodhpur|balesar|OBC|0",3,1,TRUE
2010,"jodhpur|balesar|OBC|1",1,1,FALSE
2010,"jodhpur|balesar|SC|0",2,0,FALSE
2010,"jodhpur|balesar|SC|1",1,1,FALSE
2010,"jodhpur|balesar|ST|1",1,0,FALSE
2010,"jodhpur|bap|GEN|0",8,3,TRUE
2010,"jodhpur|bap|GEN|1",5,2,TRUE
2010,"jodhpur|bap|OBC|0",5,4,TRUE
2010,"jodhpur|bap|OBC|1",2,0,FALSE
2010,"jodhpur|bap|SC|0",1,0,FALSE
2010,"jodhpur|bap|SC|1",3,2,TRUE
2010,"jodhpur|bap|ST|0",1,0,FALSE
2010,"jodhpur|bhopalgarh|GEN|0",6,3,TRUE
2010,"jodhpur|bhopalgarh|GEN|1",2,1,TRUE
2010,"jodhpur|bhopalgarh|OBC|0",4,2,TRUE
2010,"jodhpur|bhopalgarh|OBC|1",2,2,FALSE
2010,"jodhpur|bhopalgarh|SC|0",1,0,FALSE
2010,"jodhpur|luni|GEN|0",14,7,TRUE
2010,"jodhpur|luni|GEN|1",9,4,TRUE
2010,"jodhpur|luni|OBC|0",6,3,TRUE
2010,"jodhpur|luni|OBC|1",1,0,FALSE
2010,"jodhpur|luni|SC|0",3,1,TRUE
2010,"jodhpur|luni|SC|1",2,1,TRUE
2010,"jodhpur|luni|ST|0",1,1,FALSE
2010,"jodhpur|luni|ST|1",1,0,FALSE
2010,"jodhpur|mandor|GEN|0",10,5,TRUE
2010,"jodhpur|mandor|GEN|1",3,1,TRUE
2010,"jodhpur|mandor|OBC|0",3,1,TRUE
2010,"jodhpur|mandor|OBC|1",2,1,TRUE
2010,"jodhpur|mandor|SC|0",2,1,TRUE
2010,"jodhpur|mandor|SC|1",1,0,FALSE
2010,"jodhpur|mandor|ST|0",1,0,FALSE
2010,"jodhpur|osian|GEN|0",2,0,FALSE
2010,"jodhpur|osian|GEN|1",3,2,TRUE
2010,"jodhpur|osian|OBC|0",2,1,TRUE
2010,"jodhpur|osian|SC|0",3,0,FALSE
2010,"jodhpur|shergarh|GEN|0",5,3,TRUE
2010,"jodhpur|shergarh|GEN|1",5,3,TRUE
2010,"jodhpur|shergarh|OBC|0",1,1,FALSE
2010,"jodhpur|shergarh|SC|0",3,2,TRUE
2010,"jodhpur|shergarh|SC|1",1,0,FALSE
2010,"karauli|hindaun|GEN|0",14,6,TRUE
2010,"karauli|hindaun|GEN|1",7,4,TRUE
2010,"karauli|hindaun|OBC|0",1,0,FALSE
2010,"karauli|hindaun|SC|0",9,3,TRUE
2010,"karauli|hindaun|SC|1",6,4,TRUE
2010,"karauli|hindaun|ST|0",5,3,TRUE
2010,"karauli|hindaun|ST|1",3,1,TRUE
2010,"karauli|karauli|GEN|0",13,4,TRUE
2010,"karauli|karauli|GEN|1",5,2,TRUE
2010,"karauli|karauli|OBC|0",1,0,FALSE
2010,"karauli|karauli|OBC|1",2,1,TRUE
2010,"karauli|karauli|SC|0",5,3,TRUE
2010,"karauli|karauli|SC|1",4,1,TRUE
2010,"karauli|karauli|ST|0",5,2,TRUE
2010,"karauli|karauli|ST|1",2,1,TRUE
2010,"karauli|todabhim|GEN|0",12,8,TRUE
2010,"karauli|todabhim|GEN|1",5,1,TRUE
2010,"karauli|todabhim|OBC|0",1,0,FALSE
2010,"karauli|todabhim|SC|0",7,4,TRUE
2010,"karauli|todabhim|SC|1",2,0,FALSE
2010,"karauli|todabhim|ST|0",6,3,TRUE
2010,"karauli|todabhim|ST|1",6,3,TRUE
2010,"kota|itawa|GEN|0",9,6,TRUE
2010,"kota|itawa|GEN|1",5,2,TRUE
2010,"kota|itawa|OBC|0",1,0,FALSE
2010,"kota|itawa|SC|0",3,2,TRUE
2010,"kota|itawa|ST|0",1,0,FALSE
2010,"kota|itawa|ST|1",3,1,TRUE
2010,"kota|ladpura|GEN|0",7,4,TRUE
2010,"kota|ladpura|GEN|1",2,1,TRUE
2010,"kota|ladpura|OBC|0",2,1,TRUE
2010,"kota|ladpura|OBC|1",2,1,TRUE
2010,"kota|ladpura|SC|0",1,1,FALSE
2010,"kota|ladpura|SC|1",2,0,FALSE
2010,"kota|ladpura|ST|0",2,1,TRUE
2010,"kota|ladpura|ST|1",1,0,FALSE
2010,"kota|sangod|GEN|0",10,6,TRUE
2010,"kota|sangod|GEN|1",7,3,TRUE
2010,"kota|sangod|OBC|0",4,1,TRUE
2010,"kota|sangod|OBC|1",1,1,FALSE
2010,"kota|sangod|SC|0",5,1,TRUE
2010,"kota|sangod|SC|1",3,3,FALSE
2010,"kota|sangod|ST|0",3,2,TRUE
2010,"kota|sangod|ST|1",1,0,FALSE
2010,"kota|sultanpur|GEN|0",9,4,TRUE
2010,"kota|sultanpur|GEN|1",4,3,TRUE
2010,"kota|sultanpur|OBC|0",2,1,TRUE
2010,"kota|sultanpur|OBC|1",1,0,FALSE
2010,"kota|sultanpur|SC|0",3,1,TRUE
2010,"kota|sultanpur|SC|1",2,1,TRUE
2010,"kota|sultanpur|ST|0",4,3,TRUE
2010,"nagaur|degana|GEN|0",13,7,TRUE
2010,"nagaur|degana|GEN|1",5,3,TRUE
2010,"nagaur|degana|OBC|0",4,1,TRUE
2010,"nagaur|degana|OBC|1",5,3,TRUE
2010,"nagaur|degana|SC|0",6,3,TRUE
2010,"nagaur|degana|SC|1",2,0,FALSE
2010,"nagaur|didwana|GEN|0",12,9,TRUE
2010,"nagaur|didwana|GEN|1",4,1,TRUE
2010,"nagaur|didwana|OBC|0",3,0,FALSE
2010,"nagaur|didwana|OBC|1",1,1,FALSE
2010,"nagaur|didwana|SC|0",2,0,FALSE
2010,"nagaur|didwana|SC|1",2,2,FALSE
2010,"nagaur|jayal|GEN|0",11,8,TRUE
2010,"nagaur|jayal|GEN|1",7,2,TRUE
2010,"nagaur|jayal|OBC|0",4,2,TRUE
2010,"nagaur|jayal|OBC|1",2,1,TRUE
2010,"nagaur|jayal|SC|0",4,2,TRUE
2010,"nagaur|jayal|SC|1",3,2,TRUE
2010,"nagaur|ladnu|GEN|0",12,6,TRUE
2010,"nagaur|ladnu|GEN|1",3,2,TRUE
2010,"nagaur|ladnu|OBC|0",3,1,TRUE
2010,"nagaur|ladnu|OBC|1",3,1,TRUE
2010,"nagaur|ladnu|SC|0",3,1,TRUE
2010,"nagaur|ladnu|SC|1",4,2,TRUE
2010,"nagaur|makrana|GEN|0",10,5,TRUE
2010,"nagaur|makrana|GEN|1",5,3,TRUE
2010,"nagaur|makrana|OBC|0",5,2,TRUE
2010,"nagaur|makrana|OBC|1",1,0,FALSE
2010,"nagaur|makrana|SC|0",3,0,FALSE
2010,"nagaur|makrana|SC|1",4,3,TRUE
2010,"nagaur|merta|GEN|0",13,7,TRUE
2010,"nagaur|merta|GEN|1",4,2,TRUE
2010,"nagaur|merta|OBC|0",2,1,TRUE
2010,"nagaur|merta|OBC|1",2,2,FALSE
2010,"nagaur|merta|SC|0",6,4,TRUE
2010,"nagaur|merta|SC|1",2,0,FALSE
2010,"nagaur|nagaur|GEN|0",11,6,TRUE
2010,"nagaur|nagaur|GEN|1",5,2,TRUE
2010,"nagaur|nagaur|OBC|0",3,2,TRUE
2010,"nagaur|nagaur|OBC|1",3,1,TRUE
2010,"nagaur|nagaur|SC|1",4,2,TRUE
2010,"nagaur|riyan|GEN|0",10,6,TRUE
2010,"nagaur|riyan|GEN|1",6,3,TRUE
2010,"nagaur|riyan|OBC|0",5,2,TRUE
2010,"nagaur|riyan|OBC|1",3,2,TRUE
2010,"nagaur|riyan|SC|0",3,3,FALSE
2010,"nagaur|riyan|SC|1",3,0,FALSE
2010,"pali|bali|GEN|0",12,7,TRUE
2010,"pali|bali|GEN|1",5,1,TRUE
2010,"pali|bali|OBC|0",1,1,FALSE
2010,"pali|bali|OBC|1",1,0,FALSE
2010,"pali|bali|SC|0",4,3,TRUE
2010,"pali|bali|SC|1",2,0,FALSE
2010,"pali|bali|ST|0",5,4,TRUE
2010,"pali|bali|ST|1",2,0,FALSE
2010,"pali|desuri|GEN|0",10,5,TRUE
2010,"pali|desuri|GEN|1",2,1,TRUE
2010,"pali|desuri|OBC|0",1,0,FALSE
2010,"pali|desuri|OBC|1",2,1,TRUE
2010,"pali|desuri|SC|0",2,1,TRUE
2010,"pali|desuri|SC|1",3,2,TRUE
2010,"pali|desuri|ST|0",1,0,FALSE
2010,"pali|jaitaran|GEN|0",15,6,TRUE
2010,"pali|jaitaran|GEN|1",4,3,TRUE
2010,"pali|jaitaran|OBC|0",5,3,TRUE
2010,"pali|jaitaran|OBC|1",1,0,FALSE
2010,"pali|jaitaran|SC|0",1,1,FALSE
2010,"pali|jaitaran|SC|1",5,2,TRUE
2010,"pali|raipur|GEN|0",14,8,TRUE
2010,"pali|raipur|GEN|1",8,3,TRUE
2010,"pali|raipur|OBC|0",4,1,TRUE
2010,"pali|raipur|OBC|1",2,2,FALSE
2010,"pali|raipur|SC|0",2,1,TRUE
2010,"pali|raipur|SC|1",2,1,TRUE
2010,"pali|rohat|GEN|0",7,5,TRUE
2010,"pali|rohat|GEN|1",5,1,TRUE
2010,"pali|rohat|OBC|0",3,2,TRUE
2010,"pali|rohat|OBC|1",1,0,FALSE
2010,"pali|rohat|SC|0",3,1,TRUE
2010,"pali|rohat|SC|1",2,1,TRUE
2010,"pali|rohat|ST|0",1,0,FALSE
2010,"pali|sojat|GEN|0",8,4,TRUE
2010,"pali|sojat|GEN|1",9,5,TRUE
2010,"pali|sojat|OBC|0",4,2,TRUE
2010,"pali|sojat|OBC|1",2,0,FALSE
2010,"pali|sojat|SC|0",5,2,TRUE
2010,"pali|sojat|SC|1",1,1,FALSE
2010,"pali|sumerpur|GEN|0",8,5,TRUE
2010,"pali|sumerpur|GEN|1",3,1,TRUE
2010,"pali|sumerpur|OBC|0",4,2,TRUE
2010,"pali|sumerpur|SC|0",3,1,TRUE
2010,"pali|sumerpur|SC|1",1,1,FALSE
2010,"pali|sumerpur|ST|1",3,2,TRUE
2010,"pratapgarh|arnod|ST|0",19,11,TRUE
2010,"pratapgarh|arnod|ST|1",8,3,TRUE
2010,"pratapgarh|pratapgarh|ST|0",25,15,TRUE
2010,"pratapgarh|pratapgarh|ST|1",13,5,TRUE
2010,"rajsamand|amet|GEN|0",5,4,TRUE
2010,"rajsamand|amet|GEN|1",4,2,TRUE
2010,"rajsamand|amet|OBC|0",3,1,TRUE
2010,"rajsamand|amet|OBC|1",1,1,FALSE
2010,"rajsamand|amet|SC|0",2,1,TRUE
2010,"rajsamand|amet|SC|1",1,0,FALSE
2010,"rajsamand|amet|ST|0",2,1,TRUE
2010,"rajsamand|bhim|GEN|0",11,6,TRUE
2010,"rajsamand|bhim|GEN|1",3,2,TRUE
2010,"rajsamand|bhim|OBC|0",1,1,FALSE
2010,"rajsamand|bhim|OBC|1",4,1,TRUE
2010,"rajsamand|bhim|SC|0",2,1,TRUE
2010,"rajsamand|bhim|ST|1",1,0,FALSE
2010,"rajsamand|khamnor|GEN|0",9,5,TRUE
2010,"rajsamand|khamnor|GEN|1",8,1,TRUE
2010,"rajsamand|khamnor|OBC|0",4,1,TRUE
2010,"rajsamand|khamnor|OBC|1",2,2,FALSE
2010,"rajsamand|khamnor|SC|0",4,2,TRUE
2010,"rajsamand|khamnor|ST|0",8,5,TRUE
2010,"rajsamand|khamnor|ST|1",2,0,FALSE
2010,"rajsamand|kumbhalgarh|GEN|0",8,5,TRUE
2010,"rajsamand|kumbhalgarh|GEN|1",8,2,TRUE
2010,"rajsamand|kumbhalgarh|OBC|0",2,0,FALSE
2010,"rajsamand|kumbhalgarh|OBC|1",2,1,TRUE
2010,"rajsamand|kumbhalgarh|SC|0",3,1,TRUE
2010,"rajsamand|kumbhalgarh|ST|0",6,2,TRUE
2010,"rajsamand|kumbhalgarh|ST|1",2,1,TRUE
2010,"rajsamand|railmagra|GEN|0",7,3,TRUE
2010,"rajsamand|railmagra|GEN|1",6,2,TRUE
2010,"rajsamand|railmagra|OBC|0",3,1,TRUE
2010,"rajsamand|railmagra|OBC|1",2,2,FALSE
2010,"rajsamand|railmagra|SC|0",4,2,TRUE
2010,"rajsamand|railmagra|SC|1",1,1,FALSE
2010,"rajsamand|railmagra|ST|0",2,1,TRUE
2010,"rajsamand|railmagra|ST|1",1,0,FALSE
2010,"rajsamand|rajsamand|GEN|0",7,4,TRUE
2010,"rajsamand|rajsamand|GEN|1",6,2,TRUE
2010,"rajsamand|rajsamand|OBC|0",5,3,TRUE
2010,"rajsamand|rajsamand|OBC|1",1,0,FALSE
2010,"rajsamand|rajsamand|SC|0",3,2,TRUE
2010,"rajsamand|rajsamand|SC|1",1,0,FALSE
2010,"rajsamand|rajsamand|ST|0",3,1,TRUE
2010,"rajsamand|rajsamand|ST|1",1,1,FALSE
2010,"sawaimadhopur|bamanwas|GEN|0",11,5,TRUE
2010,"sawaimadhopur|bamanwas|GEN|1",6,4,TRUE
2010,"sawaimadhopur|bamanwas|SC|0",4,2,TRUE
2010,"sawaimadhopur|bamanwas|SC|1",2,1,TRUE
2010,"sawaimadhopur|bamanwas|ST|0",7,4,TRUE
2010,"sawaimadhopur|bamanwas|ST|1",3,0,FALSE
2010,"sawaimadhopur|bonli|GEN|0",11,7,TRUE
2010,"sawaimadhopur|bonli|GEN|1",4,1,TRUE
2010,"sawaimadhopur|bonli|OBC|1",2,0,FALSE
2010,"sawaimadhopur|bonli|SC|0",6,2,TRUE
2010,"sawaimadhopur|bonli|SC|1",1,1,FALSE
2010,"sawaimadhopur|bonli|ST|0",8,4,TRUE
2010,"sawaimadhopur|bonli|ST|1",2,1,TRUE
2010,"sawaimadhopur|khandar|GEN|0",7,3,TRUE
2010,"sawaimadhopur|khandar|GEN|1",6,4,TRUE
2010,"sawaimadhopur|khandar|OBC|0",1,1,FALSE
2010,"sawaimadhopur|khandar|OBC|1",2,0,FALSE
2010,"sawaimadhopur|khandar|SC|0",7,4,TRUE
2010,"sawaimadhopur|khandar|SC|1",1,1,FALSE
2010,"sawaimadhopur|khandar|ST|1",2,0,FALSE
2010,"sawaimadhopur|sawai madhopur|GEN|0",7,3,TRUE
2010,"sawaimadhopur|sawai madhopur|GEN|1",4,2,TRUE
2010,"sawaimadhopur|sawai madhopur|SC|0",1,0,FALSE
2010,"sawaimadhopur|sawai madhopur|SC|1",2,2,FALSE
2010,"sawaimadhopur|sawai madhopur|ST|0",1,0,FALSE
2010,"sawaimadhopur|sawai madhopur|ST|1",3,1,TRUE
2010,"sikar|fatehpur|GEN|0",8,4,TRUE
2010,"sikar|fatehpur|GEN|1",6,3,TRUE
2010,"sikar|fatehpur|OBC|0",2,0,FALSE
2010,"sikar|fatehpur|OBC|1",3,2,TRUE
2010,"sikar|fatehpur|SC|0",4,2,TRUE
2010,"sikar|khandela|GEN|0",12,5,TRUE
2010,"sikar|khandela|GEN|1",9,6,TRUE
2010,"sikar|khandela|OBC|0",6,4,TRUE
2010,"sikar|khandela|OBC|1",1,0,FALSE
2010,"sikar|khandela|SC|0",4,1,TRUE
2010,"sikar|khandela|SC|1",1,1,FALSE
2010,"sikar|khandela|ST|0",2,1,TRUE
2010,"sirohi|aburoad|ST|0",11,5,TRUE
2010,"sirohi|aburoad|ST|1",6,2,TRUE
2010,"sirohi|pindwara|GEN|0",9,5,TRUE
2010,"sirohi|pindwara|GEN|1",4,1,TRUE
2010,"sirohi|pindwara|OBC|0",1,0,FALSE
2010,"sirohi|pindwara|SC|0",1,1,FALSE
2010,"sirohi|pindwara|SC|1",3,1,TRUE
2010,"sirohi|pindwara|ST|0",8,5,TRUE
2010,"sirohi|pindwara|ST|1",4,1,TRUE
2010,"sirohi|reodar|GEN|0",10,4,TRUE
2010,"sirohi|reodar|GEN|1",6,5,TRUE
2010,"sirohi|reodar|OBC|0",1,1,FALSE
2010,"sirohi|reodar|OBC|1",1,0,FALSE
2010,"sirohi|reodar|SC|0",7,3,TRUE
2010,"sirohi|reodar|SC|1",4,2,TRUE
2010,"sirohi|reodar|ST|0",1,0,FALSE
2010,"sirohi|reodar|ST|1",2,2,FALSE
2010,"sirohi|sirohi|GEN|0",11,6,TRUE
2010,"sirohi|sirohi|GEN|1",4,1,TRUE
2010,"sirohi|sirohi|OBC|0",4,2,TRUE
2010,"sirohi|sirohi|OBC|1",1,1,FALSE
2010,"sirohi|sirohi|SC|0",2,1,TRUE
2010,"sirohi|sirohi|SC|1",4,2,TRUE
2010,"sirohi|sirohi|ST|0",2,1,TRUE
2010,"tonk|malpura|GEN|0",14,7,TRUE
2010,"tonk|malpura|GEN|1",5,2,TRUE
2010,"tonk|malpura|OBC|0",5,3,TRUE
2010,"tonk|malpura|OBC|1",3,1,TRUE
2010,"tonk|malpura|SC|0",4,2,TRUE
2010,"tonk|malpura|SC|1",2,1,TRUE
2010,"tonk|malpura|ST|1",1,0,FALSE
2010,"tonk|niwai|GEN|0",13,7,TRUE
2010,"tonk|niwai|GEN|1",4,1,TRUE
2010,"tonk|niwai|OBC|0",1,0,FALSE
2010,"tonk|niwai|OBC|1",1,1,FALSE
2010,"tonk|niwai|SC|0",4,2,TRUE
2010,"tonk|niwai|SC|1",3,1,TRUE
2010,"tonk|niwai|ST|0",5,2,TRUE
2010,"tonk|niwai|ST|1",1,0,FALSE
2010,"tonk|todaraisingh|GEN|0",11,6,TRUE
2010,"tonk|todaraisingh|GEN|1",5,2,TRUE
2010,"tonk|todaraisingh|OBC|0",5,3,TRUE
2010,"tonk|todaraisingh|OBC|1",1,0,FALSE
2010,"tonk|todaraisingh|SC|0",3,1,TRUE
2010,"tonk|todaraisingh|SC|1",3,2,TRUE
2010,"tonk|todaraisingh|ST|0",1,0,FALSE
2010,"tonk|todaraisingh|ST|1",2,1,TRUE
2010,"tonk|tonk|GEN|0",15,8,TRUE
2010,"tonk|tonk|GEN|1",9,4,TRUE
2010,"tonk|tonk|OBC|0",6,3,TRUE
2010,"tonk|tonk|OBC|1",2,1,TRUE
2010,"tonk|tonk|SC|0",8,4,TRUE
2010,"tonk|tonk|SC|1",2,0,FALSE
2010,"tonk|tonk|ST|0",4,1,TRUE
2010,"tonk|tonk|ST|1",1,1,FALSE
2010,"tonk|uniara|GEN|0",11,7,TRUE
2010,"tonk|uniara|GEN|1",4,1,TRUE
2010,"tonk|uniara|OBC|0",1,0,FALSE
2010,"tonk|uniara|SC|0",4,1,TRUE
2010,"tonk|uniara|SC|1",2,2,FALSE
2010,"tonk|uniara|ST|0",4,1,TRUE
2010,"tonk|uniara|ST|1",4,3,TRUE
2010,"udaipur|bhindar|GEN|0",16,10,TRUE
2010,"udaipur|bhindar|GEN|1",5,0,FALSE
2010,"udaipur|bhindar|OBC|0",6,2,TRUE
2010,"udaipur|bhindar|OBC|1",4,2,TRUE
2010,"udaipur|bhindar|SC|0",2,2,FALSE
2010,"udaipur|bhindar|SC|1",2,0,FALSE
2010,"udaipur|bhindar|ST|0",6,3,TRUE
2010,"udaipur|bhindar|ST|1",3,2,TRUE
2010,"udaipur|girwa|GEN|0",3,0,FALSE
2010,"udaipur|girwa|GEN|1",1,1,FALSE
2010,"udaipur|girwa|SC|0",1,0,FALSE
2010,"udaipur|girwa|ST|0",12,5,TRUE
2010,"udaipur|girwa|ST|1",4,2,TRUE
2010,"udaipur|gogunda|GEN|0",4,3,TRUE
2010,"udaipur|gogunda|GEN|1",2,0,FALSE
2010,"udaipur|gogunda|SC|0",1,1,FALSE
2010,"udaipur|gogunda|ST|0",3,1,TRUE
2010,"udaipur|gogunda|ST|1",2,2,FALSE
2010,"udaipur|jhadol|ST|0",12,6,TRUE
2010,"udaipur|jhadol|ST|1",5,3,TRUE
2010,"udaipur|kotra|ST|0",20,10,TRUE
2010,"udaipur|kotra|ST|1",7,3,TRUE
2010,"udaipur|mavli|GEN|0",14,8,TRUE
2010,"udaipur|mavli|GEN|1",9,4,TRUE
2010,"udaipur|mavli|OBC|0",6,3,TRUE
2010,"udaipur|mavli|OBC|1",1,0,FALSE
2010,"udaipur|mavli|SC|0",2,1,TRUE
2010,"udaipur|mavli|SC|1",2,1,TRUE
2010,"udaipur|mavli|ST|0",6,3,TRUE
2010,"udaipur|mavli|ST|1",3,2,TRUE
2010,"udaipur|salumbar|ST|0",13,7,TRUE
2010,"udaipur|salumbar|ST|1",6,3,TRUE
2010,"udaipur|sarada|ST|0",11,5,TRUE
2010,"udaipur|sarada|ST|1",8,6,TRUE
