"statistic","exceedances","draws","p_mc","p_lower","p_upper","null_sd_mc","year","seed","linkage","changed_links","error_budget","total_anchors","informative_anchors","denominator"
0.0358642024601937,19624,19999,0.98125,0.977964986914771,0.984182121470142,1.67962523125444,2005,80314031,"accepted",0,0,4355,3830,824.351386723856
-33.0302105762907,0,19999,5e-05,0,0.000366274502882244,1.8118731163878,2005,80314031,"minimum",1703,NA,4355,3830,824.351386723856
33.3402555586194,0,19999,5e-05,0,0.000366274502882244,1.77571427332739,2005,80314031,"maximum",1734,NA,4355,3830,824.351386723856
8.02235527250618e-06,19999,19999,1,0.999633725497118,1,1.74835793855161,2005,80314031,"near_zero",1730,NA,4355,3830,824.351386723856
-0.912760392092658,11724,19999,0.58625,0.574986631357249,0.597409599453145,1.67828230245335,2005,80314031,"budget_4_minimum",4,4,4355,3830,824.351386723856
0.796462183003209,12736,19999,0.63685,0.625834188839074,0.64773048075589,1.67082743919969,2005,80314031,"budget_4_maximum",4,4,4355,3830,824.351386723856
0.0358642024601937,19624,19999,0.98125,0.977964986914771,0.984182121470142,1.67962523125444,2005,80314031,"budget_4_near_zero",0,4,4355,3830,824.351386723856
-3.26831211709121,1017,19999,0.0509,0.0459992177781808,0.0560321035485842,1.68556278832817,2005,80314031,"budget_21_minimum",21,21,4355,3830,824.351386723856
3.08203687482794,1321,19999,0.0661,0.0605431941104472,0.0718783566063219,1.67217443349144,2005,80314031,"budget_21_maximum",21,21,4355,3830,824.351386723856
0.0358642024601937,19624,19999,0.98125,0.977964986914771,0.984182121470142,1.67962523125444,2005,80314031,"budget_21_near_zero",0,21,4355,3830,824.351386723856
-5.44906203707087,24,19999,0.00125,0.000564519521523005,0.00220959067419358,1.68506426370022,2005,80314031,"budget_43_minimum",43,43,4355,3830,824.351386723856
5.03782898054662,44,19999,0.00225,0.00128767960880203,0.00348251657101989,1.67468291999106,2005,80314031,"budget_43_maximum",43,43,4355,3830,824.351386723856
0.0358642024601937,19624,19999,0.98125,0.977964986914771,0.984182121470142,1.67962523125444,2005,80314031,"budget_43_near_zero",0,43,4355,3830,824.351386723856
-15.8433604743588,0,19999,5e-05,0,0.000366274502882244,1.73132378542765,2005,80314031,"budget_217_minimum",217,217,4355,3830,824.351386723856
15.0009014638727,0,19999,5e-05,0,0.000366274502882244,1.70964729040226,2005,80314031,"budget_217_maximum",217,217,4355,3830,824.351386723856
-0.00399397378152174,19949,19999,0.9975,0.996148329637557,0.998482271260903,1.67987876845431,2005,80314031,"budget_217_near_zero",1,217,4355,3830,824.351386723856
-22.7470460905655,0,19999,5e-05,0,0.000366274502882244,1.76131798369307,2005,80314031,"budget_435_minimum",435,435,4355,3830,824.351386723856
21.8799636681759,0,19999,5e-05,0,0.000366274502882244,1.72217824315913,2005,80314031,"budget_435_maximum",435,435,4355,3830,824.351386723856
-4.28154410399245e-05,19999,19999,1,0.999633725497118,1,1.67977746420548,2005,80314031,"budget_435_near_zero",1,435,4355,3830,824.351386723856
-1.95219787717225,4223,19999,0.2112,0.201969804545788,0.220560439446259,1.56071605634059,2010,80314036,"accepted",0,0,4355,3919,904.810202761615
-34.0224976765868,0,19999,5e-05,0,0.000366274502882244,1.70370754401872,2010,80314036,"minimum",1678,NA,4355,3919,904.810202761615
32.6737058175357,0,19999,5e-05,0,0.000366274502882244,1.66248379446411,2010,80314036,"maximum",1740,NA,4355,3919,904.810202761615
2.97176488035658e-05,19999,19999,1,0.999633725497118,1,1.63450705243099,2010,80314036,"near_zero",1685,NA,4355,3919,904.810202761615
-2.87236825424513,1307,19999,0.0654,0.0598712791617714,0.0711507191492312,1.55657341072869,2010,80314036,"budget_4_minimum",4,4,4355,3919,904.810202761615
-1.21778971292759,8730,19999,0.43655,0.42525505285622,0.447834528623538,1.55437662253214,2010,80314036,"budget_4_maximum",4,4,4355,3919,904.810202761615
-1.21778971292759,8730,19999,0.43655,0.42525505285622,0.447834528623538,1.55437662253214,2010,80314036,"budget_4_near_zero",4,4,4355,3919,904.810202761615
-5.13750658703009,24,19999,0.00125,0.000564519521523005,0.00220959067419358,1.57317757690787,2010,80314036,"budget_21_minimum",21,21,4355,3919,904.810202761615
1.36496094369253,7747,19999,0.3874,0.376320340853532,0.398499893964316,1.57512024392347,2010,80314036,"budget_21_maximum",21,21,4355,3919,904.810202761615
-0.00663425886543195,19930,19999,0.99655,0.995002940073143,0.99772966479184,1.57917633770975,2010,80314036,"budget_21_near_zero",13,21,4355,3919,904.810202761615
-7.09543205310454,0,19999,5e-05,0,0.000366274502882244,1.60383968604748,2010,80314036,"budget_43_minimum",43,43,4355,3919,904.810202761615
3.98317512555232,224,19999,0.01125,0.0089605430824139,0.0137981973225285,1.56901533115546,2010,80314036,"budget_43_maximum",43,43,4355,3919,904.810202761615
0.00311397244139643,19972,19999,0.99865,0.997593810892136,0.999332863143695,1.53316844631842,2010,80314036,"budget_43_near_zero",13,43,4355,3919,904.810202761615
-16.6097376421919,0,19999,5e-05,0,0.000366274502882244,1.65829981243907,2010,80314036,"budget_217_minimum",217,217,4355,3919,904.810202761615
14.2768838102472,0,19999,5e-05,0,0.000366274502882244,1.58455941065984,2010,80314036,"budget_217_maximum",217,217,4355,3919,904.810202761615
-0.000149773000937992,19999,19999,1,0.999633725497118,1,1.5745233753507,2010,80314036,"budget_217_near_zero",34,217,4355,3919,904.810202761615
-23.1424776733386,0,19999,5e-05,0,0.000366274502882244,1.68164490581705,2010,80314036,"budget_435_minimum",435,435,4355,3919,904.810202761615
20.945453195554,0,19999,5e-05,0,0.000366274502882244,1.63239721939876,2010,80314036,"budget_435_maximum",435,435,4355,3919,904.810202761615
0.0003691428893297,19999,19999,1,0.999633725497118,1,1.56438950497403,2010,80314036,"budget_435_near_zero",23,435,4355,3919,904.810202761615
